emp_id,date,att_start_time,att_finish_time,break_time,biko
E001,2025/1/1,8:59,17:49,1:00,平日勤務
E001,2025/1/2,9:06,20:10,1:00,平日勤務
E001,2025/1/3,9:06,17:36,1:00,平日勤務
E001,2025/1/6,8:46,21:11,1:00,平日勤務
E001,2025/1/7,8:51,18:15,1:00,平日勤務
E001,2025/1/8,8:50,18:40,1:00,平日勤務
E001,2025/1/9,8:52,19:24,1:00,平日勤務
E001,2025/1/10,9:13,17:45,1:00,平日勤務
E001,2025/1/14,9:07,18:46,1:00,平日勤務
E001,2025/1/15,8:55,18:13,1:00,平日勤務
E001,2025/1/16,8:47,20:26,1:00,平日勤務
E001,2025/1/17,8:56,18:57,1:00,平日勤務
E001,2025/1/21,9:11,18:05,1:00,平日勤務
E001,2025/1/22,9:07,17:32,1:00,平日勤務
E001,2025/1/23,9:12,17:32,1:00,平日勤務
E001,2025/1/24,8:59,18:43,1:00,平日勤務
E001,2025/1/27,9:10,18:07,1:00,平日勤務
E001,2025/1/28,8:51,17:32,1:00,平日勤務
E001,2025/1/29,8:56,17:42,1:00,平日勤務
E001,2025/1/30,9:13,18:52,1:00,平日勤務
E001,2025/2/3,9:09,18:25,1:00,平日勤務
E001,2025/2/4,9:09,19:59,1:00,平日勤務
E001,2025/2/5,8:56,17:33,1:00,平日勤務
E001,2025/2/6,9:13,17:49,1:00,平日勤務
E001,2025/2/7,8:54,17:48,1:00,平日勤務
E001,2025/2/11,8:53,19:57,1:00,平日勤務
E001,2025/2/12,9:13,18:12,1:00,平日勤務
E001,2025/2/13,8:51,19:28,1:00,平日勤務
E001,2025/2/14,9:02,19:13,1:00,平日勤務
E001,2025/2/17,8:49,18:15,1:00,平日勤務
E001,2025/2/18,9:13,18:09,1:00,平日勤務
E001,2025/2/19,8:48,17:55,1:00,平日勤務
E001,2025/2/20,8:57,18:22,1:00,平日勤務
E001,2025/2/21,8:55,18:32,1:00,平日勤務
E001,2025/2/24,8:47,18:40,1:00,平日勤務
E001,2025/2/25,9:14,18:17,1:00,平日勤務
E001,2025/2/26,9:07,17:59,1:00,平日勤務
E001,2025/2/27,9:03,19:10,1:00,平日勤務
E001,2025/2/28,8:49,21:09,1:00,平日勤務
E001,2025/3/3,8:48,17:53,1:00,平日勤務
E001,2025/3/4,8:56,17:54,1:00,平日勤務
E001,2025/3/5,9:00,17:51,1:00,平日勤務
E001,2025/3/6,9:03,17:41,1:00,平日勤務
E001,2025/3/7,8:59,20:57,1:00,平日勤務
E001,2025/3/10,9:10,17:45,1:00,平日勤務
E001,2025/3/11,9:09,21:30,1:00,平日勤務
E001,2025/3/13,8:55,18:09,1:00,平日勤務
E001,2025/3/14,8:50,17:39,1:00,平日勤務
E001,2025/3/17,8:50,21:44,1:00,平日勤務
E001,2025/3/18,8:59,20:03,1:00,平日勤務
E001,2025/3/19,8:47,18:56,1:00,平日勤務
E001,2025/3/20,9:13,18:27,1:00,平日勤務
E001,2025/3/21,8:52,17:30,1:00,平日勤務
E001,2025/3/24,9:08,21:52,1:00,平日勤務
E001,2025/3/25,9:12,17:51,1:00,平日勤務
E001,2025/3/26,8:48,17:47,1:00,平日勤務
E001,2025/3/27,9:14,17:51,1:00,平日勤務
E001,2025/3/28,8:55,17:37,1:00,平日勤務
E001,2025/3/31,9:03,18:17,1:00,平日勤務
E001,2025/4/1,9:03,21:16,1:00,平日勤務
E001,2025/4/2,9:12,19:45,1:00,平日勤務
E001,2025/4/4,9:04,19:55,1:00,平日勤務
E001,2025/4/7,9:05,18:46,1:00,平日勤務
E001,2025/4/8,8:53,20:48,1:00,平日勤務
E001,2025/4/9,9:02,18:22,1:00,平日勤務
E001,2025/4/10,8:59,18:52,1:00,平日勤務
E001,2025/4/11,8:54,18:08,1:00,平日勤務
E001,2025/4/14,9:00,19:30,1:00,平日勤務
E001,2025/4/15,8:46,17:47,1:00,平日勤務
E001,2025/4/16,8:49,17:46,1:00,平日勤務
E001,2025/4/17,9:14,18:40,1:00,平日勤務
E001,2025/4/18,9:11,21:33,1:00,平日勤務
E001,2025/4/22,8:45,19:54,1:00,平日勤務
E001,2025/4/23,8:57,17:39,1:00,平日勤務
E001,2025/4/24,9:04,20:01,1:00,平日勤務
E001,2025/4/25,8:55,18:22,1:00,平日勤務
E001,2025/4/28,9:03,17:32,1:00,平日勤務
E001,2025/4/29,8:57,18:04,1:00,平日勤務
E001,2025/4/30,9:05,18:08,1:00,平日勤務
E001,2025/5/1,8:45,17:38,1:00,平日勤務
E001,2025/5/5,9:12,17:37,1:00,平日勤務
E001,2025/5/6,9:14,17:43,1:00,平日勤務
E001,2025/5/7,9:07,19:58,1:00,平日勤務
E001,2025/5/8,8:59,18:57,1:00,平日勤務
E001,2025/5/9,9:02,18:22,1:00,平日勤務
E001,2025/5/11,9:16,17:21,1:00,休日出勤
E001,2025/5/12,9:00,18:09,1:00,平日勤務
E001,2025/5/13,9:14,17:44,1:00,平日勤務
E001,2025/5/14,9:02,18:19,1:00,平日勤務
E001,2025/5/15,8:52,18:24,1:00,平日勤務
E001,2025/5/16,9:05,18:29,1:00,平日勤務
E001,2025/5/19,8:51,18:04,1:00,平日勤務
E001,2025/5/20,9:01,17:44,1:00,平日勤務
E001,2025/5/21,9:07,18:31,1:00,平日勤務
E001,2025/5/22,8:47,19:25,1:00,平日勤務
E001,2025/5/23,9:00,18:30,1:00,平日勤務
E001,2025/5/26,9:03,17:35,1:00,平日勤務
E001,2025/5/27,9:06,18:07,1:00,平日勤務
E001,2025/5/28,9:04,18:14,1:00,平日勤務
E001,2025/5/29,9:13,17:57,1:00,平日勤務
E001,2025/5/30,9:07,21:11,1:00,平日勤務
E001,2025/6/2,9:12,17:43,1:00,平日勤務
E001,2025/6/3,8:49,18:55,1:00,平日勤務
E001,2025/6/4,9:09,17:36,1:00,平日勤務
E001,2025/6/5,8:57,17:44,1:00,平日勤務
E001,2025/6/6,9:14,17:37,1:00,平日勤務
E001,2025/6/9,9:02,18:14,1:00,平日勤務
E001,2025/6/10,9:13,21:28,1:00,平日勤務
E001,2025/6/11,9:04,19:03,1:00,平日勤務
E001,2025/6/12,8:55,19:12,1:00,平日勤務
E001,2025/6/13,8:52,18:37,1:00,平日勤務
E001,2025/6/16,8:59,17:55,1:00,平日勤務
E001,2025/6/17,9:10,21:37,1:00,平日勤務
E001,2025/6/18,9:09,21:25,1:00,平日勤務
E001,2025/6/19,8:53,17:40,1:00,平日勤務
E001,2025/6/20,8:48,19:41,1:00,平日勤務
E001,2025/6/25,8:55,18:20,1:00,平日勤務
E001,2025/6/26,9:06,20:53,1:00,平日勤務
E001,2025/6/27,8:49,17:39,1:00,平日勤務
E001,2025/6/29,9:02,17:51,1:00,休日出勤
E001,2025/6/30,8:46,18:26,1:00,平日勤務
E001,2025/7/1,9:11,21:23,1:00,平日勤務
E001,2025/7/2,9:04,20:28,1:00,平日勤務
E001,2025/7/3,8:56,17:46,1:00,平日勤務
E001,2025/7/4,9:05,20:39,1:00,平日勤務
E001,2025/7/8,9:02,18:16,1:00,平日勤務
E001,2025/7/10,8:46,17:47,1:00,平日勤務
E001,2025/7/11,9:01,17:33,1:00,平日勤務
E001,2025/7/14,9:09,21:59,1:00,平日勤務
E001,2025/7/15,8:46,21:00,1:00,平日勤務
E001,2025/7/16,9:06,19:53,1:00,平日勤務
E001,2025/7/17,8:47,19:33,1:00,平日勤務
E001,2025/7/18,8:52,18:49,1:00,平日勤務
E001,2025/7/21,8:51,18:50,1:00,平日勤務
E001,2025/7/23,8:56,18:34,1:00,平日勤務
E001,2025/7/24,9:01,18:19,1:00,平日勤務
E001,2025/7/25,9:13,17:32,1:00,平日勤務
E001,2025/7/28,8:52,20:31,1:00,平日勤務
E001,2025/7/29,9:13,18:54,1:00,平日勤務
E001,2025/7/30,9:10,18:28,1:00,平日勤務
E001,2025/7/31,9:10,18:39,1:00,平日勤務
E001,2025/8/1,9:00,18:11,1:00,平日勤務
E001,2025/8/3,9:26,15:30,1:00,休日出勤
E001,2025/8/4,8:56,19:09,1:00,平日勤務
E001,2025/8/5,9:11,19:01,1:00,平日勤務
E001,2025/8/6,8:47,17:58,1:00,平日勤務
E001,2025/8/7,9:03,19:34,1:00,平日勤務
E001,2025/8/8,9:07,20:55,1:00,平日勤務
E001,2025/8/11,8:55,18:40,1:00,平日勤務
E001,2025/8/12,8:49,18:00,1:00,平日勤務
E001,2025/8/13,8:54,18:17,1:00,平日勤務
E001,2025/8/14,8:58,18:04,1:00,平日勤務
E001,2025/8/18,9:14,17:48,1:00,平日勤務
E001,2025/8/19,8:51,18:37,1:00,平日勤務
E001,2025/8/20,9:14,19:25,1:00,平日勤務
E001,2025/8/22,8:51,18:06,1:00,平日勤務
E001,2025/8/25,8:46,17:59,1:00,平日勤務
E001,2025/8/27,8:51,17:32,1:00,平日勤務
E001,2025/8/28,9:02,19:54,1:00,平日勤務
E001,2025/8/29,8:52,17:54,1:00,平日勤務
E001,2025/9/1,8:46,17:59,1:00,平日勤務
E001,2025/9/3,9:02,18:28,1:00,平日勤務
E001,2025/9/4,9:04,17:41,1:00,平日勤務
E001,2025/9/5,8:53,17:30,1:00,平日勤務
E001,2025/9/8,9:03,18:45,1:00,平日勤務
E001,2025/9/10,9:00,18:26,1:00,平日勤務
E001,2025/9/11,8:55,17:43,1:00,平日勤務
E001,2025/9/12,8:46,17:56,1:00,平日勤務
E001,2025/9/15,8:58,18:25,1:00,平日勤務
E001,2025/9/17,8:49,17:46,1:00,平日勤務
E001,2025/9/18,8:45,18:17,1:00,平日勤務
E001,2025/9/19,8:47,19:55,1:00,平日勤務
E001,2025/9/22,8:55,20:58,1:00,平日勤務
E001,2025/9/23,8:53,21:08,1:00,平日勤務
E001,2025/9/24,8:55,18:14,1:00,平日勤務
E001,2025/9/26,9:01,18:12,1:00,平日勤務
E001,2025/9/30,8:47,19:33,1:00,平日勤務
E001,2025/10/1,8:45,20:15,1:00,平日勤務
E001,2025/10/2,8:55,18:12,1:00,平日勤務
E001,2025/10/3,8:59,19:04,1:00,平日勤務
E001,2025/10/7,9:10,17:47,1:00,平日勤務
E001,2025/10/8,8:57,18:12,1:00,平日勤務
E001,2025/10/9,8:45,18:23,1:00,平日勤務
E001,2025/10/10,9:02,18:31,1:00,平日勤務
E001,2025/10/13,9:03,17:33,1:00,平日勤務
E001,2025/10/14,8:50,19:21,1:00,平日勤務
E001,2025/10/15,9:01,20:28,1:00,平日勤務
E001,2025/10/16,8:48,19:10,1:00,平日勤務
E001,2025/10/17,9:02,18:01,1:00,平日勤務
E001,2025/10/20,9:06,17:40,1:00,平日勤務
E001,2025/10/21,9:13,18:02,1:00,平日勤務
E001,2025/10/22,9:11,18:34,1:00,平日勤務
E001,2025/10/23,9:08,18:25,1:00,平日勤務
E001,2025/10/24,9:12,17:53,1:00,平日勤務
E001,2025/10/27,8:58,18:07,1:00,平日勤務
E001,2025/10/28,8:48,17:41,1:00,平日勤務
E001,2025/10/30,8:58,18:06,1:00,平日勤務
E001,2025/10/31,8:48,18:27,1:00,平日勤務
E001,2025/11/3,8:55,20:07,1:00,平日勤務
E001,2025/11/4,8:46,17:40,1:00,平日勤務
E001,2025/11/5,8:50,20:21,1:00,平日勤務
E001,2025/11/6,9:11,21:14,1:00,平日勤務
E001,2025/11/7,8:48,17:47,1:00,平日勤務
E001,2025/11/11,9:03,18:05,1:00,平日勤務
E001,2025/11/12,8:46,19:43,1:00,平日勤務
E001,2025/11/13,8:47,20:05,1:00,平日勤務
E001,2025/11/14,8:53,18:47,1:00,平日勤務
E001,2025/11/17,9:10,21:05,1:00,平日勤務
E001,2025/11/18,9:02,18:13,1:00,平日勤務
E001,2025/11/21,9:12,19:45,1:00,平日勤務
E001,2025/11/24,8:47,18:18,1:00,平日勤務
E001,2025/11/25,8:53,18:18,1:00,平日勤務
E001,2025/11/26,9:14,17:46,1:00,平日勤務
E001,2025/11/27,8:57,18:57,1:00,平日勤務
E001,2025/11/28,8:52,17:38,1:00,平日勤務
E001,2025/12/1,8:46,18:48,1:00,平日勤務
E001,2025/12/2,8:56,18:20,1:00,平日勤務
E001,2025/12/3,9:07,17:39,1:00,平日勤務
E001,2025/12/4,8:51,18:08,1:00,平日勤務
E001,2025/12/5,8:59,17:49,1:00,平日勤務
E001,2025/12/8,8:46,20:00,1:00,平日勤務
E001,2025/12/9,9:12,18:09,1:00,平日勤務
E001,2025/12/11,8:54,19:04,1:00,平日勤務
E001,2025/12/12,8:45,18:27,1:00,平日勤務
E001,2025/12/15,9:00,19:46,1:00,平日勤務
E001,2025/12/16,9:12,17:38,1:00,平日勤務
E001,2025/12/17,8:57,19:36,1:00,平日勤務
E001,2025/12/18,9:00,17:49,1:00,平日勤務
E001,2025/12/19,8:55,18:28,1:00,平日勤務
E001,2025/12/22,9:11,18:29,1:00,平日勤務
E001,2025/12/23,8:54,19:20,1:00,平日勤務
E001,2025/12/25,9:04,20:33,1:00,平日勤務
E001,2025/12/26,8:55,19:16,1:00,平日勤務
E001,2025/12/29,9:08,18:48,1:00,平日勤務
E001,2025/12/30,8:49,18:01,1:00,平日勤務
E001,2025/12/31,9:08,20:47,1:00,平日勤務
E002,2025/1/1,9:14,18:58,1:00,平日勤務
E002,2025/1/2,8:47,18:38,1:00,平日勤務
E002,2025/1/3,8:45,17:54,1:00,平日勤務
E002,2025/1/6,8:47,18:16,1:00,平日勤務
E002,2025/1/7,9:05,17:43,1:00,平日勤務
E002,2025/1/8,8:53,17:45,1:00,平日勤務
E002,2025/1/9,8:57,18:01,1:00,平日勤務
E002,2025/1/10,9:03,18:35,1:00,平日勤務
E002,2025/1/13,8:55,17:57,1:00,平日勤務
E002,2025/1/14,8:47,17:51,1:00,平日勤務
E002,2025/1/15,9:03,18:26,1:00,平日勤務
E002,2025/1/16,8:52,17:47,1:00,平日勤務
E002,2025/1/17,8:54,18:11,1:00,平日勤務
E002,2025/1/20,9:09,17:49,1:00,平日勤務
E002,2025/1/21,8:45,17:44,1:00,平日勤務
E002,2025/1/22,8:50,17:55,1:00,平日勤務
E002,2025/1/23,8:54,17:53,1:00,平日勤務
E002,2025/1/24,9:04,17:33,1:00,平日勤務
E002,2025/1/28,9:01,18:11,1:00,平日勤務
E002,2025/1/29,9:00,18:02,1:00,平日勤務
E002,2025/1/30,8:54,17:54,1:00,平日勤務
E002,2025/1/31,8:47,17:39,1:00,平日勤務
E002,2025/2/3,8:56,18:35,1:00,平日勤務
E002,2025/2/4,9:13,17:33,1:00,平日勤務
E002,2025/2/5,9:10,17:42,1:00,平日勤務
E002,2025/2/6,9:04,17:37,1:00,平日勤務
E002,2025/2/7,8:50,18:21,1:00,平日勤務
E002,2025/2/10,8:46,18:21,1:00,平日勤務
E002,2025/2/11,8:57,18:52,1:00,平日勤務
E002,2025/2/12,9:08,19:15,1:00,平日勤務
E002,2025/2/13,8:58,18:07,1:00,平日勤務
E002,2025/2/17,8:48,19:38,1:00,平日勤務
E002,2025/2/18,8:56,18:43,1:00,平日勤務
E002,2025/2/19,9:12,18:26,1:00,平日勤務
E002,2025/2/20,8:47,18:03,1:00,平日勤務
E002,2025/2/21,9:05,17:34,1:00,平日勤務
E002,2025/2/24,8:57,17:59,1:00,平日勤務
E002,2025/2/25,9:06,18:20,1:00,平日勤務
E002,2025/2/27,9:13,21:09,1:00,平日勤務
E002,2025/2/28,9:05,17:30,1:00,平日勤務
E002,2025/3/3,8:53,18:31,1:00,平日勤務
E002,2025/3/6,8:56,19:27,1:00,平日勤務
E002,2025/3/7,8:46,17:58,1:00,平日勤務
E002,2025/3/8,10:27,17:18,1:00,休日出勤
E002,2025/3/10,9:08,17:58,1:00,平日勤務
E002,2025/3/11,9:06,18:08,1:00,平日勤務
E002,2025/3/12,9:06,19:03,1:00,平日勤務
E002,2025/3/13,9:04,19:51,1:00,平日勤務
E002,2025/3/14,8:46,17:59,1:00,平日勤務
E002,2025/3/17,9:06,18:59,1:00,平日勤務
E002,2025/3/18,9:04,18:09,1:00,平日勤務
E002,2025/3/19,9:04,18:17,1:00,平日勤務
E002,2025/3/20,9:04,21:16,1:00,平日勤務
E002,2025/3/21,8:59,18:20,1:00,平日勤務
E002,2025/3/24,8:52,18:58,1:00,平日勤務
E002,2025/3/25,8:57,18:23,1:00,平日勤務
E002,2025/3/26,8:56,18:17,1:00,平日勤務
E002,2025/3/28,9:10,18:21,1:00,平日勤務
E002,2025/4/1,9:11,17:42,1:00,平日勤務
E002,2025/4/3,8:47,18:04,1:00,平日勤務
E002,2025/4/4,9:14,18:14,1:00,平日勤務
E002,2025/4/7,9:04,18:39,1:00,平日勤務
E002,2025/4/10,9:07,19:49,1:00,平日勤務
E002,2025/4/15,9:14,20:35,1:00,平日勤務
E002,2025/4/16,8:50,17:45,1:00,平日勤務
E002,2025/4/17,8:55,18:17,1:00,平日勤務
E002,2025/4/18,9:10,18:17,1:00,平日勤務
E002,2025/4/21,9:13,17:55,1:00,平日勤務
E002,2025/4/22,8:45,17:50,1:00,平日勤務
E002,2025/4/23,9:07,18:52,1:00,平日勤務
E002,2025/4/24,9:05,19:27,1:00,平日勤務
E002,2025/4/28,8:59,18:11,1:00,平日勤務
E002,2025/4/29,8:57,18:51,1:00,平日勤務
E002,2025/4/30,8:51,17:34,1:00,平日勤務
E002,2025/5/1,9:07,17:30,1:00,平日勤務
E002,2025/5/2,9:09,19:20,1:00,平日勤務
E002,2025/5/5,9:12,17:39,1:00,平日勤務
E002,2025/5/6,9:00,17:50,1:00,平日勤務
E002,2025/5/7,9:02,19:18,1:00,平日勤務
E002,2025/5/8,9:12,18:51,1:00,平日勤務
E002,2025/5/9,9:04,18:09,1:00,平日勤務
E002,2025/5/12,9:06,20:13,1:00,平日勤務
E002,2025/5/13,9:09,17:59,1:00,平日勤務
E002,2025/5/14,8:47,17:46,1:00,平日勤務
E002,2025/5/15,9:07,17:35,1:00,平日勤務
E002,2025/5/16,8:47,18:22,1:00,平日勤務
E002,2025/5/19,9:11,18:57,1:00,平日勤務
E002,2025/5/20,9:05,18:56,1:00,平日勤務
E002,2025/5/21,8:56,17:45,1:00,平日勤務
E002,2025/5/22,8:54,18:16,1:00,平日勤務
E002,2025/5/23,8:50,18:20,1:00,平日勤務
E002,2025/5/26,9:04,18:04,1:00,平日勤務
E002,2025/5/27,8:58,19:00,1:00,平日勤務
E002,2025/5/28,9:08,17:57,1:00,平日勤務
E002,2025/5/29,8:53,21:23,1:00,平日勤務
E002,2025/6/2,8:52,21:53,1:00,平日勤務
E002,2025/6/3,8:50,18:23,1:00,平日勤務
E002,2025/6/5,8:49,18:06,1:00,平日勤務
E002,2025/6/9,9:06,17:53,1:00,平日勤務
E002,2025/6/10,8:54,20:02,1:00,平日勤務
E002,2025/6/11,9:00,17:41,1:00,平日勤務
E002,2025/6/12,9:01,19:56,1:00,平日勤務
E002,2025/6/13,8:45,20:33,1:00,平日勤務
E002,2025/6/16,8:46,18:00,1:00,平日勤務
E002,2025/6/17,9:05,18:31,1:00,平日勤務
E002,2025/6/18,9:06,18:07,1:00,平日勤務
E002,2025/6/19,9:02,17:36,1:00,平日勤務
E002,2025/6/20,8:48,18:53,1:00,平日勤務
E002,2025/6/23,9:12,17:55,1:00,平日勤務
E002,2025/6/24,8:52,17:30,1:00,平日勤務
E002,2025/6/25,8:51,18:47,1:00,平日勤務
E002,2025/6/27,9:11,18:27,1:00,平日勤務
E002,2025/6/30,8:59,21:17,1:00,平日勤務
E002,2025/7/1,8:56,17:42,1:00,平日勤務
E002,2025/7/2,9:07,17:52,1:00,平日勤務
E002,2025/7/3,8:56,19:29,1:00,平日勤務
E002,2025/7/4,9:08,18:45,1:00,平日勤務
E002,2025/7/7,8:46,17:56,1:00,平日勤務
E002,2025/7/8,9:08,18:19,1:00,平日勤務
E002,2025/7/9,9:04,21:28,1:00,平日勤務
E002,2025/7/10,8:50,19:10,1:00,平日勤務
E002,2025/7/11,8:53,18:02,1:00,平日勤務
E002,2025/7/14,9:09,18:19,1:00,平日勤務
E002,2025/7/15,8:46,18:45,1:00,平日勤務
E002,2025/7/16,8:56,17:32,1:00,平日勤務
E002,2025/7/18,9:02,19:38,1:00,平日勤務
E002,2025/7/21,9:14,17:44,1:00,平日勤務
E002,2025/7/22,9:02,19:51,1:00,平日勤務
E002,2025/7/23,8:51,19:14,1:00,平日勤務
E002,2025/7/24,8:55,18:01,1:00,平日勤務
E002,2025/7/25,9:03,18:18,1:00,平日勤務
E002,2025/7/28,9:07,17:51,1:00,平日勤務
E002,2025/7/29,9:02,18:57,1:00,平日勤務
E002,2025/7/31,8:55,18:48,1:00,平日勤務
E002,2025/8/1,9:05,18:16,1:00,平日勤務
E002,2025/8/3,10:19,15:13,1:00,休日出勤
E002,2025/8/4,9:10,18:56,1:00,平日勤務
E002,2025/8/5,8:53,18:23,1:00,平日勤務
E002,2025/8/6,9:12,19:11,1:00,平日勤務
E002,2025/8/7,8:46,17:45,1:00,平日勤務
E002,2025/8/8,8:45,18:38,1:00,平日勤務
E002,2025/8/11,8:57,19:53,1:00,平日勤務
E002,2025/8/12,8:53,18:21,1:00,平日勤務
E002,2025/8/13,8:48,18:52,1:00,平日勤務
E002,2025/8/14,9:05,18:41,1:00,平日勤務
E002,2025/8/15,8:51,21:22,1:00,平日勤務
E002,2025/8/20,8:47,17:58,1:00,平日勤務
E002,2025/8/21,8:58,19:55,1:00,平日勤務
E002,2025/8/22,8:45,18:10,1:00,平日勤務
E002,2025/8/25,9:13,18:08,1:00,平日勤務
E002,2025/8/26,9:08,18:56,1:00,平日勤務
E002,2025/8/27,8:57,19:10,1:00,平日勤務
E002,2025/8/28,9:00,17:37,1:00,平日勤務
E002,2025/8/29,8:56,19:25,1:00,平日勤務
E002,2025/9/2,9:12,19:19,1:00,平日勤務
E002,2025/9/3,9:13,18:34,1:00,平日勤務
E002,2025/9/4,9:03,21:57,1:00,平日勤務
E002,2025/9/5,8:46,18:31,1:00,平日勤務
E002,2025/9/8,9:08,18:49,1:00,平日勤務
E002,2025/9/9,8:57,17:37,1:00,平日勤務
E002,2025/9/10,8:56,18:12,1:00,平日勤務
E002,2025/9/11,8:58,18:22,1:00,平日勤務
E002,2025/9/12,9:04,19:34,1:00,平日勤務
E002,2025/9/15,8:56,18:57,1:00,平日勤務
E002,2025/9/16,8:51,17:55,1:00,平日勤務
E002,2025/9/17,9:11,19:55,1:00,平日勤務
E002,2025/9/18,8:49,20:46,1:00,平日勤務
E002,2025/9/19,9:11,18:14,1:00,平日勤務
E002,2025/9/22,8:49,17:53,1:00,平日勤務
E002,2025/9/23,9:03,17:59,1:00,平日勤務
E002,2025/9/25,8:48,18:10,1:00,平日勤務
E002,2025/9/26,9:01,18:20,1:00,平日勤務
E002,2025/9/29,8:49,18:17,1:00,平日勤務
E002,2025/9/30,8:57,19:16,1:00,平日勤務
E002,2025/10/1,9:03,20:48,1:00,平日勤務
E002,2025/10/2,9:04,19:41,1:00,平日勤務
E002,2025/10/3,8:54,18:11,1:00,平日勤務
E002,2025/10/6,9:14,18:14,1:00,平日勤務
E002,2025/10/7,9:12,21:17,1:00,平日勤務
E002,2025/10/8,8:54,17:37,1:00,平日勤務
E002,2025/10/10,8:47,17:31,1:00,平日勤務
E002,2025/10/13,9:10,18:23,1:00,平日勤務
E002,2025/10/14,8:56,20:18,1:00,平日勤務
E002,2025/10/15,9:03,20:54,1:00,平日勤務
E002,2025/10/16,9:00,18:26,1:00,平日勤務
E002,2025/10/17,9:01,18:56,1:00,平日勤務
E002,2025/10/20,8:57,17:37,1:00,平日勤務
E002,2025/10/21,9:00,18:05,1:00,平日勤務
E002,2025/10/22,9:14,18:45,1:00,平日勤務
E002,2025/10/23,8:50,18:39,1:00,平日勤務
E002,2025/10/24,8:56,19:55,1:00,平日勤務
E002,2025/10/27,9:09,19:06,1:00,平日勤務
E002,2025/10/29,8:59,17:34,1:00,平日勤務
E002,2025/10/30,8:45,18:37,1:00,平日勤務
E002,2025/10/31,8:58,18:05,1:00,平日勤務
E002,2025/11/3,8:46,18:05,1:00,平日勤務
E002,2025/11/4,9:06,19:37,1:00,平日勤務
E002,2025/11/7,9:11,20:07,1:00,平日勤務
E002,2025/11/10,9:06,18:08,1:00,平日勤務
E002,2025/11/11,9:02,17:51,1:00,平日勤務
E002,2025/11/12,8:58,17:51,1:00,平日勤務
E002,2025/11/14,9:11,18:14,1:00,平日勤務
E002,2025/11/17,8:46,18:01,1:00,平日勤務
E002,2025/11/18,8:55,18:24,1:00,平日勤務
E002,2025/11/20,9:05,19:49,1:00,平日勤務
E002,2025/11/21,9:11,19:10,1:00,平日勤務
E002,2025/11/24,8:48,18:42,1:00,平日勤務
E002,2025/11/25,9:07,20:16,1:00,平日勤務
E002,2025/11/26,9:00,20:55,1:00,平日勤務
E002,2025/11/27,9:04,18:30,1:00,平日勤務
E002,2025/11/28,9:03,19:20,1:00,平日勤務
E002,2025/12/1,9:05,21:40,1:00,平日勤務
E002,2025/12/2,9:13,19:06,1:00,平日勤務
E002,2025/12/3,9:12,17:38,1:00,平日勤務
E002,2025/12/4,9:07,18:52,1:00,平日勤務
E002,2025/12/5,9:07,21:17,1:00,平日勤務
E002,2025/12/9,9:00,21:42,1:00,平日勤務
E002,2025/12/10,9:05,18:44,1:00,平日勤務
E002,2025/12/11,9:04,21:21,1:00,平日勤務
E002,2025/12/12,8:47,18:16,1:00,平日勤務
E002,2025/12/15,8:54,17:49,1:00,平日勤務
E002,2025/12/16,9:00,17:56,1:00,平日勤務
E002,2025/12/17,9:14,19:05,1:00,平日勤務
E002,2025/12/18,9:08,18:49,1:00,平日勤務
E002,2025/12/19,8:55,18:33,1:00,平日勤務
E002,2025/12/21,9:07,15:22,1:00,休日出勤
E002,2025/12/22,9:05,17:58,1:00,平日勤務
E002,2025/12/23,9:11,18:11,1:00,平日勤務
E002,2025/12/25,8:49,17:40,1:00,平日勤務
E002,2025/12/26,9:08,17:36,1:00,平日勤務
E002,2025/12/29,8:55,21:39,1:00,平日勤務
E002,2025/12/30,9:10,18:19,1:00,平日勤務
E002,2025/12/31,8:53,20:45,1:00,平日勤務
E003,2025/1/2,9:03,18:00,1:00,平日勤務
E003,2025/1/3,8:59,17:43,1:00,平日勤務
E003,2025/1/6,9:09,18:02,1:00,平日勤務
E003,2025/1/7,9:11,21:32,1:00,平日勤務
E003,2025/1/8,8:46,21:43,1:00,平日勤務
E003,2025/1/9,9:02,18:26,1:00,平日勤務
E003,2025/1/10,8:55,17:52,1:00,平日勤務
E003,2025/1/13,9:02,19:16,1:00,平日勤務
E003,2025/1/14,8:46,21:12,1:00,平日勤務
E003,2025/1/15,8:48,17:36,1:00,平日勤務
E003,2025/1/16,8:46,19:08,1:00,平日勤務
E003,2025/1/17,8:56,21:42,1:00,平日勤務
E003,2025/1/20,8:55,18:28,1:00,平日勤務
E003,2025/1/21,8:54,21:55,1:00,平日勤務
E003,2025/1/22,8:45,17:46,1:00,平日勤務
E003,2025/1/23,9:13,20:38,1:00,平日勤務
E003,2025/1/24,9:01,20:19,1:00,平日勤務
E003,2025/1/27,8:54,21:22,1:00,平日勤務
E003,2025/1/28,9:08,17:51,1:00,平日勤務
E003,2025/1/29,9:12,17:53,1:00,平日勤務
E003,2025/1/30,8:54,19:06,1:00,平日勤務
E003,2025/1/31,8:52,17:52,1:00,平日勤務
E003,2025/2/3,8:53,17:43,1:00,平日勤務
E003,2025/2/4,9:03,17:30,1:00,平日勤務
E003,2025/2/5,8:52,17:58,1:00,平日勤務
E003,2025/2/6,8:47,18:20,1:00,平日勤務
E003,2025/2/7,9:04,17:38,1:00,平日勤務
E003,2025/2/8,9:27,16:05,1:00,休日出勤
E003,2025/2/10,9:05,18:18,1:00,平日勤務
E003,2025/2/12,9:02,18:34,1:00,平日勤務
E003,2025/2/13,8:58,17:56,1:00,平日勤務
E003,2025/2/14,9:10,21:38,1:00,平日勤務
E003,2025/2/17,9:10,17:56,1:00,平日勤務
E003,2025/2/18,8:45,21:21,1:00,平日勤務
E003,2025/2/19,8:48,19:36,1:00,平日勤務
E003,2025/2/20,8:53,17:53,1:00,平日勤務
E003,2025/2/21,9:06,17:52,1:00,平日勤務
E003,2025/2/24,9:08,18:05,1:00,平日勤務
E003,2025/2/25,9:00,18:44,1:00,平日勤務
E003,2025/2/26,8:45,18:03,1:00,平日勤務
E003,2025/2/27,9:03,17:30,1:00,平日勤務
E003,2025/2/28,9:03,17:35,1:00,平日勤務
E003,2025/3/4,8:50,17:59,1:00,平日勤務
E003,2025/3/5,9:10,20:19,1:00,平日勤務
E003,2025/3/6,8:46,20:56,1:00,平日勤務
E003,2025/3/7,9:07,21:15,1:00,平日勤務
E003,2025/3/10,9:00,18:10,1:00,平日勤務
E003,2025/3/11,9:05,17:43,1:00,平日勤務
E003,2025/3/12,9:00,18:18,1:00,平日勤務
E003,2025/3/13,9:13,17:42,1:00,平日勤務
E003,2025/3/14,8:51,18:21,1:00,平日勤務
E003,2025/3/17,8:53,21:28,1:00,平日勤務
E003,2025/3/18,9:09,18:04,1:00,平日勤務
E003,2025/3/19,8:45,18:26,1:00,平日勤務
E003,2025/3/20,8:47,18:09,1:00,平日勤務
E003,2025/3/21,9:06,18:05,1:00,平日勤務
E003,2025/3/24,9:02,19:33,1:00,平日勤務
E003,2025/3/25,9:10,18:45,1:00,平日勤務
E003,2025/3/26,8:55,17:30,1:00,平日勤務
E003,2025/3/27,9:04,21:50,1:00,平日勤務
E003,2025/3/28,9:05,19:44,1:00,平日勤務
E003,2025/3/30,10:06,15:08,1:00,休日出勤
E003,2025/3/31,8:48,18:35,1:00,平日勤務
E003,2025/4/1,9:01,19:51,1:00,平日勤務
E003,2025/4/2,8:56,21:28,1:00,平日勤務
E003,2025/4/3,9:02,17:54,1:00,平日勤務
E003,2025/4/4,8:57,18:22,1:00,平日勤務
E003,2025/4/8,9:10,18:28,1:00,平日勤務
E003,2025/4/9,9:00,19:47,1:00,平日勤務
E003,2025/4/10,8:59,18:42,1:00,平日勤務
E003,2025/4/11,9:05,18:43,1:00,平日勤務
E003,2025/4/14,9:10,18:27,1:00,平日勤務
E003,2025/4/15,8:46,19:57,1:00,平日勤務
E003,2025/4/16,8:54,17:40,1:00,平日勤務
E003,2025/4/17,9:01,17:55,1:00,平日勤務
E003,2025/4/22,8:59,17:35,1:00,平日勤務
E003,2025/4/23,9:05,17:46,1:00,平日勤務
E003,2025/4/24,8:51,18:48,1:00,平日勤務
E003,2025/4/25,9:03,20:55,1:00,平日勤務
E003,2025/4/28,9:07,19:31,1:00,平日勤務
E003,2025/4/29,8:58,17:36,1:00,平日勤務
E003,2025/4/30,9:12,17:32,1:00,平日勤務
E003,2025/5/1,8:49,18:52,1:00,平日勤務
E003,2025/5/2,9:14,19:36,1:00,平日勤務
E003,2025/5/5,9:12,18:01,1:00,平日勤務
E003,2025/5/6,8:58,18:16,1:00,平日勤務
E003,2025/5/7,8:47,18:27,1:00,平日勤務
E003,2025/5/8,9:09,19:54,1:00,平日勤務
E003,2025/5/9,9:05,17:37,1:00,平日勤務
E003,2025/5/12,8:47,18:30,1:00,平日勤務
E003,2025/5/13,9:12,21:28,1:00,平日勤務
E003,2025/5/14,9:00,17:36,1:00,平日勤務
E003,2025/5/15,8:51,17:32,1:00,平日勤務
E003,2025/5/16,8:49,18:40,1:00,平日勤務
E003,2025/5/19,8:54,18:27,1:00,平日勤務
E003,2025/5/20,8:57,18:48,1:00,平日勤務
E003,2025/5/21,9:06,18:01,1:00,平日勤務
E003,2025/5/22,9:10,18:07,1:00,平日勤務
E003,2025/5/27,9:07,21:51,1:00,平日勤務
E003,2025/5/28,9:01,17:49,1:00,平日勤務
E003,2025/5/29,8:57,18:13,1:00,平日勤務
E003,2025/5/30,9:13,18:10,1:00,平日勤務
E003,2025/6/3,8:45,17:31,1:00,平日勤務
E003,2025/6/4,8:53,18:25,1:00,平日勤務
E003,2025/6/5,8:51,18:32,1:00,平日勤務
E003,2025/6/6,8:57,17:57,1:00,平日勤務
E003,2025/6/9,8:49,18:34,1:00,平日勤務
E003,2025/6/10,8:56,17:51,1:00,平日勤務
E003,2025/6/11,8:53,18:29,1:00,平日勤務
E003,2025/6/12,8:55,18:01,1:00,平日勤務
E003,2025/6/13,9:06,18:59,1:00,平日勤務
E003,2025/6/16,8:45,17:50,1:00,平日勤務
E003,2025/6/17,9:03,19:52,1:00,平日勤務
E003,2025/6/18,8:51,21:19,1:00,平日勤務
E003,2025/6/19,8:45,18:21,1:00,平日勤務
E003,2025/6/23,9:01,19:45,1:00,平日勤務
E003,2025/6/24,9:12,17:47,1:00,平日勤務
E003,2025/6/25,9:05,18:56,1:00,平日勤務
E003,2025/6/26,9:14,18:32,1:00,平日勤務
E003,2025/6/27,9:14,18:02,1:00,平日勤務
E003,2025/6/28,9:20,17:53,1:00,休日出勤
E003,2025/6/30,8:47,18:23,1:00,平日勤務
E003,2025/7/1,8:51,18:32,1:00,平日勤務
E003,2025/7/2,9:12,17:58,1:00,平日勤務
E003,2025/7/3,8:46,19:19,1:00,平日勤務
E003,2025/7/4,8:55,20:27,1:00,平日勤務
E003,2025/7/7,8:48,21:19,1:00,平日勤務
E003,2025/7/8,8:55,19:53,1:00,平日勤務
E003,2025/7/9,8:49,19:58,1:00,平日勤務
E003,2025/7/10,8:54,17:36,1:00,平日勤務
E003,2025/7/11,9:11,17:46,1:00,平日勤務
E003,2025/7/15,8:55,18:19,1:00,平日勤務
E003,2025/7/16,8:52,20:12,1:00,平日勤務
E003,2025/7/17,8:46,21:10,1:00,平日勤務
E003,2025/7/18,9:05,19:25,1:00,平日勤務
E003,2025/7/21,8:58,17:56,1:00,平日勤務
E003,2025/7/22,9:04,18:38,1:00,平日勤務
E003,2025/7/23,9:09,18:54,1:00,平日勤務
E003,2025/7/24,8:58,18:20,1:00,平日勤務
E003,2025/7/25,8:54,20:45,1:00,平日勤務
E003,2025/7/28,9:03,17:49,1:00,平日勤務
E003,2025/7/29,8:49,18:37,1:00,平日勤務
E003,2025/7/31,9:07,18:09,1:00,平日勤務
E003,2025/8/1,9:12,17:55,1:00,平日勤務
E003,2025/8/4,8:59,18:22,1:00,平日勤務
E003,2025/8/5,8:58,17:37,1:00,平日勤務
E003,2025/8/6,9:11,18:16,1:00,平日勤務
E003,2025/8/7,8:54,19:55,1:00,平日勤務
E003,2025/8/8,9:08,17:37,1:00,平日勤務
E003,2025/8/12,8:53,21:26,1:00,平日勤務
E003,2025/8/13,9:08,18:18,1:00,平日勤務
E003,2025/8/14,9:01,17:56,1:00,平日勤務
E003,2025/8/15,9:12,20:36,1:00,平日勤務
E003,2025/8/18,8:50,17:54,1:00,平日勤務
E003,2025/8/19,9:14,18:29,1:00,平日勤務
E003,2025/8/20,9:05,19:37,1:00,平日勤務
E003,2025/8/21,8:53,19:09,1:00,平日勤務
E003,2025/8/22,9:00,18:34,1:00,平日勤務
E003,2025/8/25,9:09,17:33,1:00,平日勤務
E003,2025/8/27,8:48,18:03,1:00,平日勤務
E003,2025/8/28,9:00,18:26,1:00,平日勤務
E003,2025/9/1,8:51,17:58,1:00,平日勤務
E003,2025/9/2,9:01,17:42,1:00,平日勤務
E003,2025/9/3,9:13,17:59,1:00,平日勤務
E003,2025/9/4,9:07,17:49,1:00,平日勤務
E003,2025/9/5,8:51,19:56,1:00,平日勤務
E003,2025/9/8,9:01,18:11,1:00,平日勤務
E003,2025/9/9,9:08,17:41,1:00,平日勤務
E003,2025/9/10,8:58,17:46,1:00,平日勤務
E003,2025/9/11,8:49,17:35,1:00,平日勤務
E003,2025/9/12,9:12,18:38,1:00,平日勤務
E003,2025/9/15,9:01,18:57,1:00,平日勤務
E003,2025/9/16,8:52,17:52,1:00,平日勤務
E003,2025/9/17,8:50,18:25,1:00,平日勤務
E003,2025/9/18,8:45,18:43,1:00,平日勤務
E003,2025/9/19,9:13,18:00,1:00,平日勤務
E003,2025/9/22,8:52,17:41,1:00,平日勤務
E003,2025/9/23,9:07,18:13,1:00,平日勤務
E003,2025/9/24,8:47,18:09,1:00,平日勤務
E003,2025/9/25,8:52,17:34,1:00,平日勤務
E003,2025/9/26,8:45,18:20,1:00,平日勤務
E003,2025/9/29,9:11,20:47,1:00,平日勤務
E003,2025/9/30,9:08,18:50,1:00,平日勤務
E003,2025/10/1,8:50,18:19,1:00,平日勤務
E003,2025/10/2,9:09,17:54,1:00,平日勤務
E003,2025/10/3,9:04,18:11,1:00,平日勤務
E003,2025/10/6,8:50,17:37,1:00,平日勤務
E003,2025/10/7,9:00,18:04,1:00,平日勤務
E003,2025/10/10,9:05,18:15,1:00,平日勤務
E003,2025/10/13,8:56,18:26,1:00,平日勤務
E003,2025/10/14,8:57,18:38,1:00,平日勤務
E003,2025/10/16,9:01,18:11,1:00,平日勤務
E003,2025/10/17,9:04,19:41,1:00,平日勤務
E003,2025/10/20,9:12,19:16,1:00,平日勤務
E003,2025/10/21,9:00,19:44,1:00,平日勤務
E003,2025/10/22,9:14,17:58,1:00,平日勤務
E003,2025/10/23,9:04,18:04,1:00,平日勤務
E003,2025/10/24,8:53,18:55,1:00,平日勤務
E003,2025/10/27,8:45,21:12,1:00,平日勤務
E003,2025/10/28,9:14,18:41,1:00,平日勤務
E003,2025/10/29,8:48,18:15,1:00,平日勤務
E003,2025/10/31,9:06,18:03,1:00,平日勤務
E003,2025/11/3,9:14,17:45,1:00,平日勤務
E003,2025/11/4,9:12,17:31,1:00,平日勤務
E003,2025/11/5,9:07,20:08,1:00,平日勤務
E003,2025/11/6,8:51,20:38,1:00,平日勤務
E003,2025/11/7,8:47,18:17,1:00,平日勤務
E003,2025/11/10,8:57,19:55,1:00,平日勤務
E003,2025/11/11,9:03,18:39,1:00,平日勤務
E003,2025/11/12,9:08,17:45,1:00,平日勤務
E003,2025/11/13,8:54,17:33,1:00,平日勤務
E003,2025/11/14,9:02,17:35,1:00,平日勤務
E003,2025/11/17,8:57,20:08,1:00,平日勤務
E003,2025/11/18,8:45,18:08,1:00,平日勤務
E003,2025/11/19,8:59,18:22,1:00,平日勤務
E003,2025/11/20,9:12,18:09,1:00,平日勤務
E003,2025/11/21,9:09,17:54,1:00,平日勤務
E003,2025/11/24,9:10,18:36,1:00,平日勤務
E003,2025/11/25,9:01,21:17,1:00,平日勤務
E003,2025/11/28,9:04,18:54,1:00,平日勤務
E003,2025/12/2,9:06,18:26,1:00,平日勤務
E003,2025/12/3,9:06,17:37,1:00,平日勤務
E003,2025/12/5,9:14,18:20,1:00,平日勤務
E003,2025/12/8,9:14,21:22,1:00,平日勤務
E003,2025/12/9,8:57,20:36,1:00,平日勤務
E003,2025/12/10,9:14,18:09,1:00,平日勤務
E003,2025/12/11,9:06,18:05,1:00,平日勤務
E003,2025/12/12,9:01,18:12,1:00,平日勤務
E003,2025/12/15,8:48,21:46,1:00,平日勤務
E003,2025/12/16,9:02,18:44,1:00,平日勤務
E003,2025/12/17,8:48,18:22,1:00,平日勤務
E003,2025/12/18,9:09,17:42,1:00,平日勤務
E003,2025/12/19,9:06,18:02,1:00,平日勤務
E003,2025/12/22,9:01,18:01,1:00,平日勤務
E003,2025/12/23,8:58,18:23,1:00,平日勤務
E003,2025/12/24,8:48,18:41,1:00,平日勤務
E003,2025/12/26,8:45,18:36,1:00,平日勤務
E003,2025/12/29,9:07,17:32,1:00,平日勤務
E003,2025/12/30,8:45,20:15,1:00,平日勤務
E004,2025/1/2,9:12,17:30,1:00,平日勤務
E004,2025/1/3,8:54,17:42,1:00,平日勤務
E004,2025/1/7,9:09,18:08,1:00,平日勤務
E004,2025/1/8,9:08,18:27,1:00,平日勤務
E004,2025/1/9,8:48,18:24,1:00,平日勤務
E004,2025/1/10,9:11,18:06,1:00,平日勤務
E004,2025/1/14,9:09,18:03,1:00,平日勤務
E004,2025/1/15,8:59,18:54,1:00,平日勤務
E004,2025/1/16,8:48,20:22,1:00,平日勤務
E004,2025/1/20,8:58,18:11,1:00,平日勤務
E004,2025/1/21,8:58,18:14,1:00,平日勤務
E004,2025/1/23,8:46,17:52,1:00,平日勤務
E004,2025/1/24,8:59,20:30,1:00,平日勤務
E004,2025/1/27,9:07,21:34,1:00,平日勤務
E004,2025/1/28,8:59,18:12,1:00,平日勤務
E004,2025/1/29,9:07,18:22,1:00,平日勤務
E004,2025/1/31,8:55,17:32,1:00,平日勤務
E004,2025/2/3,9:00,17:35,1:00,平日勤務
E004,2025/2/4,8:45,19:26,1:00,平日勤務
E004,2025/2/5,8:48,18:51,1:00,平日勤務
E004,2025/2/6,9:10,18:21,1:00,平日勤務
E004,2025/2/7,9:12,19:51,1:00,平日勤務
E004,2025/2/10,9:12,18:18,1:00,平日勤務
E004,2025/2/11,8:59,18:25,1:00,平日勤務
E004,2025/2/12,8:46,17:43,1:00,平日勤務
E004,2025/2/13,8:56,21:07,1:00,平日勤務
E004,2025/2/14,8:52,17:33,1:00,平日勤務
E004,2025/2/17,9:04,17:45,1:00,平日勤務
E004,2025/2/19,8:53,21:10,1:00,平日勤務
E004,2025/2/20,8:54,17:52,1:00,平日勤務
E004,2025/2/21,9:10,21:24,1:00,平日勤務
E004,2025/2/24,9:13,18:13,1:00,平日勤務
E004,2025/2/25,9:14,17:35,1:00,平日勤務
E004,2025/2/26,8:50,19:22,1:00,平日勤務
E004,2025/2/27,8:45,20:09,1:00,平日勤務
E004,2025/2/28,8:57,17:30,1:00,平日勤務
E004,2025/3/3,8:55,19:06,1:00,平日勤務
E004,2025/3/4,8:47,18:03,1:00,平日勤務
E004,2025/3/5,9:10,18:27,1:00,平日勤務
E004,2025/3/6,9:14,20:03,1:00,平日勤務
E004,2025/3/7,8:58,18:33,1:00,平日勤務
E004,2025/3/10,8:48,19:06,1:00,平日勤務
E004,2025/3/11,9:09,20:05,1:00,平日勤務
E004,2025/3/12,9:05,18:29,1:00,平日勤務
E004,2025/3/13,8:45,17:59,1:00,平日勤務
E004,2025/3/17,9:13,17:36,1:00,平日勤務
E004,2025/3/18,9:02,18:05,1:00,平日勤務
E004,2025/3/19,9:10,18:26,1:00,平日勤務
E004,2025/3/20,9:12,18:05,1:00,平日勤務
E004,2025/3/21,9:04,17:43,1:00,平日勤務
E004,2025/3/25,9:05,17:39,1:00,平日勤務
E004,2025/3/26,8:55,19:28,1:00,平日勤務
E004,2025/3/28,8:57,18:14,1:00,平日勤務
E004,2025/3/31,9:09,17:50,1:00,平日勤務
E004,2025/4/2,8:47,21:13,1:00,平日勤務
E004,2025/4/3,9:14,18:51,1:00,平日勤務
E004,2025/4/4,8:45,17:37,1:00,平日勤務
E004,2025/4/7,9:09,18:33,1:00,平日勤務
E004,2025/4/8,8:59,19:12,1:00,平日勤務
E004,2025/4/10,8:59,18:56,1:00,平日勤務
E004,2025/4/11,9:03,18:24,1:00,平日勤務
E004,2025/4/14,8:51,18:24,1:00,平日勤務
E004,2025/4/16,9:09,18:11,1:00,平日勤務
E004,2025/4/18,9:10,19:25,1:00,平日勤務
E004,2025/4/21,9:02,18:53,1:00,平日勤務
E004,2025/4/22,9:06,17:30,1:00,平日勤務
E004,2025/4/23,8:57,17:32,1:00,平日勤務
E004,2025/4/24,9:05,17:51,1:00,平日勤務
E004,2025/4/28,9:06,20:25,1:00,平日勤務
E004,2025/4/29,8:45,18:22,1:00,平日勤務
E004,2025/4/30,9:13,21:22,1:00,平日勤務
E004,2025/5/1,8:51,17:47,1:00,平日勤務
E004,2025/5/5,9:10,17:42,1:00,平日勤務
E004,2025/5/6,9:07,19:22,1:00,平日勤務
E004,2025/5/7,8:56,17:54,1:00,平日勤務
E004,2025/5/8,9:10,17:42,1:00,平日勤務
E004,2025/5/9,9:02,18:23,1:00,平日勤務
E004,2025/5/12,9:02,21:24,1:00,平日勤務
E004,2025/5/14,8:53,17:52,1:00,平日勤務
E004,2025/5/15,8:47,18:00,1:00,平日勤務
E004,2025/5/16,9:06,18:12,1:00,平日勤務
E004,2025/5/19,9:06,18:54,1:00,平日勤務
E004,2025/5/20,9:03,17:33,1:00,平日勤務
E004,2025/5/21,8:53,18:14,1:00,平日勤務
E004,2025/5/22,8:51,18:44,1:00,平日勤務
E004,2025/5/23,8:54,19:40,1:00,平日勤務
E004,2025/5/26,8:49,17:39,1:00,平日勤務
E004,2025/5/27,8:56,17:38,1:00,平日勤務
E004,2025/5/28,9:07,20:39,1:00,平日勤務
E004,2025/5/29,9:12,17:52,1:00,平日勤務
E004,2025/5/30,9:03,18:01,1:00,平日勤務
E004,2025/6/2,8:47,18:21,1:00,平日勤務
E004,2025/6/3,8:50,18:14,1:00,平日勤務
E004,2025/6/4,8:53,17:52,1:00,平日勤務
E004,2025/6/5,9:02,20:29,1:00,平日勤務
E004,2025/6/6,9:14,17:47,1:00,平日勤務
E004,2025/6/9,9:12,21:33,1:00,平日勤務
E004,2025/6/10,8:46,20:24,1:00,平日勤務
E004,2025/6/12,9:14,18:02,1:00,平日勤務
E004,2025/6/13,9:02,20:53,1:00,平日勤務
E004,2025/6/16,8:50,20:44,1:00,平日勤務
E004,2025/6/17,8:52,18:32,1:00,平日勤務
E004,2025/6/18,9:10,21:37,1:00,平日勤務
E004,2025/6/20,8:54,18:03,1:00,平日勤務
E004,2025/6/23,8:47,19:51,1:00,平日勤務
E004,2025/6/24,8:57,17:53,1:00,平日勤務
E004,2025/6/25,8:50,20:14,1:00,平日勤務
E004,2025/6/26,8:48,17:59,1:00,平日勤務
E004,2025/6/27,9:07,20:31,1:00,平日勤務
E004,2025/6/30,9:14,18:01,1:00,平日勤務
E004,2025/7/1,9:06,17:35,1:00,平日勤務
E004,2025/7/3,9:04,18:58,1:00,平日勤務
E004,2025/7/4,9:05,17:55,1:00,平日勤務
E004,2025/7/7,9:03,18:05,1:00,平日勤務
E004,2025/7/8,8:49,21:50,1:00,平日勤務
E004,2025/7/10,9:08,17:51,1:00,平日勤務
E004,2025/7/11,8:51,18:30,1:00,平日勤務
E004,2025/7/14,9:03,18:26,1:00,平日勤務
E004,2025/7/15,8:53,18:59,1:00,平日勤務
E004,2025/7/16,9:09,17:53,1:00,平日勤務
E004,2025/7/17,9:04,18:46,1:00,平日勤務
E004,2025/7/18,8:47,17:33,1:00,平日勤務
E004,2025/7/21,8:50,18:46,1:00,平日勤務
E004,2025/7/22,9:04,17:44,1:00,平日勤務
E004,2025/7/23,9:02,17:56,1:00,平日勤務
E004,2025/7/25,9:07,18:21,1:00,平日勤務
E004,2025/7/28,9:05,21:28,1:00,平日勤務
E004,2025/7/29,8:45,21:17,1:00,平日勤務
E004,2025/7/30,9:13,18:53,1:00,平日勤務
E004,2025/7/31,8:47,18:17,1:00,平日勤務
E004,2025/8/1,8:57,18:00,1:00,平日勤務
E004,2025/8/4,8:52,18:03,1:00,平日勤務
E004,2025/8/5,8:53,18:50,1:00,平日勤務
E004,2025/8/6,9:13,21:13,1:00,平日勤務
E004,2025/8/7,8:46,18:04,1:00,平日勤務
E004,2025/8/8,8:53,19:52,1:00,平日勤務
E004,2025/8/11,9:06,17:41,1:00,平日勤務
E004,2025/8/12,8:48,18:24,1:00,平日勤務
E004,2025/8/13,8:54,17:52,1:00,平日勤務
E004,2025/8/14,9:02,19:33,1:00,平日勤務
E004,2025/8/15,8:51,21:30,1:00,平日勤務
E004,2025/8/18,9:05,18:01,1:00,平日勤務
E004,2025/8/19,8:56,18:14,1:00,平日勤務
E004,2025/8/20,8:52,17:59,1:00,平日勤務
E004,2025/8/21,9:13,18:03,1:00,平日勤務
E004,2025/8/22,9:08,19:25,1:00,平日勤務
E004,2025/8/25,9:05,17:43,1:00,平日勤務
E004,2025/8/26,9:04,19:59,1:00,平日勤務
E004,2025/8/27,9:00,17:59,1:00,平日勤務
E004,2025/8/28,8:49,18:09,1:00,平日勤務
E004,2025/8/29,9:03,21:16,1:00,平日勤務
E004,2025/9/1,8:48,17:41,1:00,平日勤務
E004,2025/9/3,9:04,21:51,1:00,平日勤務
E004,2025/9/4,8:58,21:31,1:00,平日勤務
E004,2025/9/5,9:09,18:11,1:00,平日勤務
E004,2025/9/8,8:47,21:52,1:00,平日勤務
E004,2025/9/9,9:03,18:59,1:00,平日勤務
E004,2025/9/10,9:05,19:28,1:00,平日勤務
E004,2025/9/11,8:48,17:40,1:00,平日勤務
E004,2025/9/12,8:45,19:02,1:00,平日勤務
E004,2025/9/15,9:13,17:30,1:00,平日勤務
E004,2025/9/16,9:01,18:45,1:00,平日勤務
E004,2025/9/19,9:06,18:01,1:00,平日勤務
E004,2025/9/22,8:46,21:15,1:00,平日勤務
E004,2025/9/23,8:58,17:51,1:00,平日勤務
E004,2025/9/24,8:50,18:06,1:00,平日勤務
E004,2025/9/25,8:48,20:36,1:00,平日勤務
E004,2025/9/26,8:55,17:34,1:00,平日勤務
E004,2025/9/29,9:00,17:54,1:00,平日勤務
E004,2025/9/30,8:52,19:54,1:00,平日勤務
E004,2025/10/1,8:56,17:39,1:00,平日勤務
E004,2025/10/2,9:13,19:38,1:00,平日勤務
E004,2025/10/3,9:09,18:47,1:00,平日勤務
E004,2025/10/6,8:52,18:24,1:00,平日勤務
E004,2025/10/7,9:07,18:03,1:00,平日勤務
E004,2025/10/8,8:52,19:13,1:00,平日勤務
E004,2025/10/9,8:50,18:06,1:00,平日勤務
E004,2025/10/10,9:08,17:51,1:00,平日勤務
E004,2025/10/13,9:05,17:53,1:00,平日勤務
E004,2025/10/14,8:49,17:59,1:00,平日勤務
E004,2025/10/15,9:01,18:11,1:00,平日勤務
E004,2025/10/16,9:13,19:41,1:00,平日勤務
E004,2025/10/17,9:01,18:22,1:00,平日勤務
E004,2025/10/20,8:46,18:19,1:00,平日勤務
E004,2025/10/21,8:50,19:07,1:00,平日勤務
E004,2025/10/22,9:09,17:31,1:00,平日勤務
E004,2025/10/23,8:59,17:39,1:00,平日勤務
E004,2025/10/24,9:02,18:15,1:00,平日勤務
E004,2025/10/28,8:49,18:18,1:00,平日勤務
E004,2025/10/29,8:55,17:31,1:00,平日勤務
E004,2025/10/31,9:05,19:06,1:00,平日勤務
E004,2025/11/3,8:56,19:12,1:00,平日勤務
E004,2025/11/4,8:57,18:14,1:00,平日勤務
E004,2025/11/5,8:52,18:14,1:00,平日勤務
E004,2025/11/6,8:45,17:58,1:00,平日勤務
E004,2025/11/10,8:52,17:59,1:00,平日勤務
E004,2025/11/11,9:14,18:11,1:00,平日勤務
E004,2025/11/12,9:00,17:51,1:00,平日勤務
E004,2025/11/13,8:47,17:42,1:00,平日勤務
E004,2025/11/14,9:09,17:33,1:00,平日勤務
E004,2025/11/17,8:47,17:35,1:00,平日勤務
E004,2025/11/18,9:05,18:03,1:00,平日勤務
E004,2025/11/19,9:03,21:33,1:00,平日勤務
E004,2025/11/20,9:12,20:34,1:00,平日勤務
E004,2025/11/21,8:46,19:40,1:00,平日勤務
E004,2025/11/24,8:48,18:06,1:00,平日勤務
E004,2025/11/25,9:10,17:39,1:00,平日勤務
E004,2025/11/26,9:13,19:48,1:00,平日勤務
E004,2025/11/27,8:51,17:52,1:00,平日勤務
E004,2025/11/28,8:59,20:42,1:00,平日勤務
E004,2025/12/1,8:59,19:15,1:00,平日勤務
E004,2025/12/2,9:03,18:47,1:00,平日勤務
E004,2025/12/3,9:00,18:03,1:00,平日勤務
E004,2025/12/4,9:06,18:22,1:00,平日勤務
E004,2025/12/5,8:59,17:48,1:00,平日勤務
E004,2025/12/8,9:03,21:06,1:00,平日勤務
E004,2025/12/11,8:51,21:40,1:00,平日勤務
E004,2025/12/12,8:54,18:18,1:00,平日勤務
E004,2025/12/15,8:58,18:04,1:00,平日勤務
E004,2025/12/17,9:07,18:03,1:00,平日勤務
E004,2025/12/18,9:07,20:42,1:00,平日勤務
E004,2025/12/19,9:09,17:36,1:00,平日勤務
E004,2025/12/22,8:51,17:54,1:00,平日勤務
E004,2025/12/23,9:01,17:48,1:00,平日勤務
E004,2025/12/24,8:47,19:39,1:00,平日勤務
E004,2025/12/25,9:05,18:11,1:00,平日勤務
E004,2025/12/29,9:12,17:58,1:00,平日勤務
E004,2025/12/30,8:51,17:56,1:00,平日勤務
E004,2025/12/31,9:14,17:48,1:00,平日勤務
E005,2025/1/1,8:49,20:16,1:00,平日勤務
E005,2025/1/2,9:03,20:29,1:00,平日勤務
E005,2025/1/3,8:53,18:04,1:00,平日勤務
E005,2025/1/6,9:07,19:00,1:00,平日勤務
E005,2025/1/7,9:14,18:02,1:00,平日勤務
E005,2025/1/8,9:11,19:44,1:00,平日勤務
E005,2025/1/9,9:10,18:21,1:00,平日勤務
E005,2025/1/10,8:55,18:46,1:00,平日勤務
E005,2025/1/13,8:51,18:26,1:00,平日勤務
E005,2025/1/14,8:58,17:47,1:00,平日勤務
E005,2025/1/15,9:03,19:27,1:00,平日勤務
E005,2025/1/16,8:50,18:28,1:00,平日勤務
E005,2025/1/20,9:11,21:49,1:00,平日勤務
E005,2025/1/22,8:46,17:55,1:00,平日勤務
E005,2025/1/23,9:08,18:52,1:00,平日勤務
E005,2025/1/24,9:01,17:59,1:00,平日勤務
E005,2025/1/27,9:02,21:09,1:00,平日勤務
E005,2025/1/28,9:12,17:53,1:00,平日勤務
E005,2025/1/29,9:07,18:04,1:00,平日勤務
E005,2025/1/30,9:12,18:03,1:00,平日勤務
E005,2025/1/31,9:03,18:21,1:00,平日勤務
E005,2025/2/3,9:13,19:16,1:00,平日勤務
E005,2025/2/4,9:00,19:51,1:00,平日勤務
E005,2025/2/5,9:10,19:54,1:00,平日勤務
E005,2025/2/6,8:56,18:36,1:00,平日勤務
E005,2025/2/10,9:08,18:42,1:00,平日勤務
E005,2025/2/12,8:58,21:09,1:00,平日勤務
E005,2025/2/13,8:52,18:12,1:00,平日勤務
E005,2025/2/14,9:03,18:24,1:00,平日勤務
E005,2025/2/17,9:06,17:31,1:00,平日勤務
E005,2025/2/18,8:59,18:34,1:00,平日勤務
E005,2025/2/19,9:01,18:05,1:00,平日勤務
E005,2025/2/21,9:09,18:11,1:00,平日勤務
E005,2025/2/24,9:11,17:45,1:00,平日勤務
E005,2025/2/25,8:49,17:58,1:00,平日勤務
E005,2025/2/27,9:06,18:05,1:00,平日勤務
E005,2025/2/28,8:49,18:48,1:00,平日勤務
E005,2025/3/3,9:03,17:58,1:00,平日勤務
E005,2025/3/4,9:09,18:06,1:00,平日勤務
E005,2025/3/5,8:55,17:56,1:00,平日勤務
E005,2025/3/6,9:14,17:40,1:00,平日勤務
E005,2025/3/7,9:02,18:28,1:00,平日勤務
E005,2025/3/10,9:12,21:11,1:00,平日勤務
E005,2025/3/11,8:59,20:02,1:00,平日勤務
E005,2025/3/12,9:12,18:41,1:00,平日勤務
E005,2025/3/14,8:45,18:14,1:00,平日勤務
E005,2025/3/17,9:05,18:59,1:00,平日勤務
E005,2025/3/18,8:55,18:06,1:00,平日勤務
E005,2025/3/19,9:02,19:55,1:00,平日勤務
E005,2025/3/21,9:08,17:59,1:00,平日勤務
E005,2025/3/24,9:05,17:38,1:00,平日勤務
E005,2025/3/25,9:11,18:20,1:00,平日勤務
E005,2025/3/26,9:14,20:25,1:00,平日勤務
E005,2025/3/27,9:11,17:34,1:00,平日勤務
E005,2025/3/28,8:53,18:24,1:00,平日勤務
E005,2025/4/1,9:12,18:35,1:00,平日勤務
E005,2025/4/2,9:01,19:36,1:00,平日勤務
E005,2025/4/3,8:48,19:00,1:00,平日勤務
E005,2025/4/7,8:52,18:25,1:00,平日勤務
E005,2025/4/8,9:09,18:45,1:00,平日勤務
E005,2025/4/9,8:47,18:24,1:00,平日勤務
E005,2025/4/10,8:54,18:02,1:00,平日勤務
E005,2025/4/11,9:01,18:22,1:00,平日勤務
E005,2025/4/14,8:45,17:38,1:00,平日勤務
E005,2025/4/15,9:03,17:57,1:00,平日勤務
E005,2025/4/16,9:02,18:24,1:00,平日勤務
E005,2025/4/17,8:47,19:21,1:00,平日勤務
E005,2025/4/18,8:49,18:03,1:00,平日勤務
E005,2025/4/21,9:01,18:36,1:00,平日勤務
E005,2025/4/23,9:00,20:50,1:00,平日勤務
E005,2025/4/24,8:49,18:13,1:00,平日勤務
E005,2025/4/25,8:51,17:31,1:00,平日勤務
E005,2025/4/28,9:11,18:11,1:00,平日勤務
E005,2025/4/29,8:54,17:34,1:00,平日勤務
E005,2025/4/30,8:45,17:59,1:00,平日勤務
E005,2025/5/1,8:58,18:09,1:00,平日勤務
E005,2025/5/5,8:55,19:41,1:00,平日勤務
E005,2025/5/6,9:01,21:57,1:00,平日勤務
E005,2025/5/8,9:06,18:34,1:00,平日勤務
E005,2025/5/12,9:09,18:29,1:00,平日勤務
E005,2025/5/13,8:54,18:25,1:00,平日勤務
E005,2025/5/14,9:03,18:11,1:00,平日勤務
E005,2025/5/15,9:01,18:11,1:00,平日勤務
E005,2025/5/16,9:12,19:43,1:00,平日勤務
E005,2025/5/19,8:58,18:22,1:00,平日勤務
E005,2025/5/20,9:08,19:42,1:00,平日勤務
E005,2025/5/21,8:56,17:36,1:00,平日勤務
E005,2025/5/22,9:03,18:21,1:00,平日勤務
E005,2025/5/23,9:10,19:07,1:00,平日勤務
E005,2025/5/26,8:47,17:37,1:00,平日勤務
E005,2025/5/27,8:54,17:47,1:00,平日勤務
E005,2025/5/29,8:47,20:46,1:00,平日勤務
E005,2025/5/30,9:11,18:20,1:00,平日勤務
E005,2025/6/2,8:45,18:17,1:00,平日勤務
E005,2025/6/3,8:57,21:47,1:00,平日勤務
E005,2025/6/4,8:45,21:37,1:00,平日勤務
E005,2025/6/6,8:56,18:28,1:00,平日勤務
E005,2025/6/9,9:11,18:52,1:00,平日勤務
E005,2025/6/10,9:08,19:52,1:00,平日勤務
E005,2025/6/11,9:03,17:48,1:00,平日勤務
E005,2025/6/12,9:02,17:35,1:00,平日勤務
E005,2025/6/13,8:47,17:49,1:00,平日勤務
E005,2025/6/16,9:00,18:47,1:00,平日勤務
E005,2025/6/17,8:49,17:32,1:00,平日勤務
E005,2025/6/18,8:54,18:21,1:00,平日勤務
E005,2025/6/20,8:54,17:48,1:00,平日勤務
E005,2025/6/22,10:18,18:25,1:00,休日出勤
E005,2025/6/23,8:53,18:21,1:00,平日勤務
E005,2025/6/24,9:06,18:26,1:00,平日勤務
E005,2025/6/25,9:11,17:56,1:00,平日勤務
E005,2025/6/27,8:56,17:52,1:00,平日勤務
E005,2025/6/30,9:00,17:36,1:00,平日勤務
E005,2025/7/1,9:11,17:54,1:00,平日勤務
E005,2025/7/3,8:51,18:19,1:00,平日勤務
E005,2025/7/4,9:14,18:54,1:00,平日勤務
E005,2025/7/7,9:00,17:48,1:00,平日勤務
E005,2025/7/8,9:02,18:31,1:00,平日勤務
E005,2025/7/9,9:14,17:49,1:00,平日勤務
E005,2025/7/10,9:05,21:49,1:00,平日勤務
E005,2025/7/11,8:48,17:36,1:00,平日勤務
E005,2025/7/14,9:11,17:47,1:00,平日勤務
E005,2025/7/15,9:01,19:04,1:00,平日勤務
E005,2025/7/16,8:52,19:03,1:00,平日勤務
E005,2025/7/17,9:02,17:52,1:00,平日勤務
E005,2025/7/18,8:45,18:54,1:00,平日勤務
E005,2025/7/21,8:49,18:22,1:00,平日勤務
E005,2025/7/22,9:07,18:28,1:00,平日勤務
E005,2025/7/23,8:50,19:19,1:00,平日勤務
E005,2025/7/24,8:52,20:15,1:00,平日勤務
E005,2025/7/25,9:14,17:32,1:00,平日勤務
E005,2025/7/28,9:01,18:08,1:00,平日勤務
E005,2025/7/29,9:08,17:58,1:00,平日勤務
E005,2025/7/30,9:06,17:35,1:00,平日勤務
E005,2025/7/31,8:57,21:57,1:00,平日勤務
E005,2025/8/1,9:09,18:28,1:00,平日勤務
E005,2025/8/4,9:07,21:26,1:00,平日勤務
E005,2025/8/5,8:46,17:38,1:00,平日勤務
E005,2025/8/6,8:48,18:59,1:00,平日勤務
E005,2025/8/7,9:14,18:36,1:00,平日勤務
E005,2025/8/8,9:11,17:34,1:00,平日勤務
E005,2025/8/13,9:01,17:48,1:00,平日勤務
E005,2025/8/14,9:10,19:17,1:00,平日勤務
E005,2025/8/15,8:50,17:40,1:00,平日勤務
E005,2025/8/20,9:04,18:45,1:00,平日勤務
E005,2025/8/21,9:11,17:34,1:00,平日勤務
E005,2025/8/22,9:08,17:50,1:00,平日勤務
E005,2025/8/25,9:10,17:43,1:00,平日勤務
E005,2025/8/26,9:12,17:58,1:00,平日勤務
E005,2025/8/27,9:11,18:13,1:00,平日勤務
E005,2025/8/28,9:10,17:53,1:00,平日勤務
E005,2025/8/29,8:59,19:00,1:00,平日勤務
E005,2025/9/1,8:51,17:51,1:00,平日勤務
E005,2025/9/2,8:54,18:17,1:00,平日勤務
E005,2025/9/3,8:50,18:26,1:00,平日勤務
E005,2025/9/4,9:01,18:14,1:00,平日勤務
E005,2025/9/8,8:51,17:47,1:00,平日勤務
E005,2025/9/9,9:11,17:57,1:00,平日勤務
E005,2025/9/11,9:09,18:40,1:00,平日勤務
E005,2025/9/12,9:06,21:33,1:00,平日勤務
E005,2025/9/15,8:57,18:41,1:00,平日勤務
E005,2025/9/16,8:59,18:03,1:00,平日勤務
E005,2025/9/17,8:49,18:45,1:00,平日勤務
E005,2025/9/18,8:47,18:15,1:00,平日勤務
E005,2025/9/19,8:55,17:56,1:00,平日勤務
E005,2025/9/23,8:51,18:30,1:00,平日勤務
E005,2025/9/24,9:07,18:30,1:00,平日勤務
E005,2025/9/25,9:07,18:07,1:00,平日勤務
E005,2025/9/26,9:07,18:44,1:00,平日勤務
E005,2025/9/29,9:06,19:21,1:00,平日勤務
E005,2025/9/30,9:10,19:07,1:00,平日勤務
E005,2025/10/1,9:07,17:46,1:00,平日勤務
E005,2025/10/2,9:05,18:27,1:00,平日勤務
E005,2025/10/3,8:54,19:55,1:00,平日勤務
E005,2025/10/7,9:08,20:10,1:00,平日勤務
E005,2025/10/8,9:00,21:53,1:00,平日勤務
E005,2025/10/9,9:13,19:55,1:00,平日勤務
E005,2025/10/10,8:56,17:35,1:00,平日勤務
E005,2025/10/14,8:45,17:36,1:00,平日勤務
E005,2025/10/15,9:06,19:25,1:00,平日勤務
E005,2025/10/16,9:12,18:24,1:00,平日勤務
E005,2025/10/17,9:12,19:59,1:00,平日勤務
E005,2025/10/20,8:56,19:31,1:00,平日勤務
E005,2025/10/21,9:12,18:34,1:00,平日勤務
E005,2025/10/22,8:49,17:48,1:00,平日勤務
E005,2025/10/23,9:05,17:36,1:00,平日勤務
E005,2025/10/24,8:58,18:30,1:00,平日勤務
E005,2025/10/27,9:07,17:46,1:00,平日勤務
E005,2025/10/28,8:46,20:15,1:00,平日勤務
E005,2025/10/29,9:05,18:03,1:00,平日勤務
E005,2025/10/31,8:45,18:15,1:00,平日勤務
E005,2025/11/3,8:54,21:34,1:00,平日勤務
E005,2025/11/4,8:53,17:37,1:00,平日勤務
E005,2025/11/5,9:03,18:53,1:00,平日勤務
E005,2025/11/6,9:05,17:38,1:00,平日勤務
E005,2025/11/7,8:50,18:26,1:00,平日勤務
E005,2025/11/10,8:50,18:21,1:00,平日勤務
E005,2025/11/11,9:09,18:13,1:00,平日勤務
E005,2025/11/12,9:12,18:01,1:00,平日勤務
E005,2025/11/13,8:58,21:34,1:00,平日勤務
E005,2025/11/14,9:11,18:16,1:00,平日勤務
E005,2025/11/17,8:55,17:33,1:00,平日勤務
E005,2025/11/18,9:05,18:32,1:00,平日勤務
E005,2025/11/19,8:47,21:07,1:00,平日勤務
E005,2025/11/20,9:10,17:41,1:00,平日勤務
E005,2025/11/24,9:03,18:09,1:00,平日勤務
E005,2025/11/25,9:00,21:10,1:00,平日勤務
E005,2025/11/27,9:11,20:18,1:00,平日勤務
E005,2025/11/28,9:00,18:58,1:00,平日勤務
E005,2025/12/1,8:55,18:58,1:00,平日勤務
E005,2025/12/2,9:12,20:43,1:00,平日勤務
E005,2025/12/3,9:07,18:59,1:00,平日勤務
E005,2025/12/4,9:09,18:05,1:00,平日勤務
E005,2025/12/5,9:01,19:48,1:00,平日勤務
E005,2025/12/8,8:45,17:47,1:00,平日勤務
E005,2025/12/9,8:45,17:49,1:00,平日勤務
E005,2025/12/10,9:14,18:28,1:00,平日勤務
E005,2025/12/11,8:45,18:22,1:00,平日勤務
E005,2025/12/12,9:05,18:34,1:00,平日勤務
E005,2025/12/15,9:07,20:45,1:00,平日勤務
E005,2025/12/16,8:48,17:32,1:00,平日勤務
E005,2025/12/17,8:59,21:17,1:00,平日勤務
E005,2025/12/18,9:12,18:26,1:00,平日勤務
E005,2025/12/19,9:02,17:59,1:00,平日勤務
E005,2025/12/23,8:52,17:49,1:00,平日勤務
E005,2025/12/24,8:46,18:05,1:00,平日勤務
E005,2025/12/25,8:51,21:56,1:00,平日勤務
E005,2025/12/26,9:05,17:54,1:00,平日勤務
E005,2025/12/29,9:12,18:30,1:00,平日勤務
E005,2025/12/30,9:11,18:17,1:00,平日勤務
E005,2025/12/31,9:03,17:38,1:00,平日勤務
E006,2025/1/1,9:14,18:27,1:00,平日勤務
E006,2025/1/2,9:10,17:40,1:00,平日勤務
E006,2025/1/3,8:54,17:47,1:00,平日勤務
E006,2025/1/6,9:07,17:36,1:00,平日勤務
E006,2025/1/7,9:10,18:18,1:00,平日勤務
E006,2025/1/8,8:51,18:11,1:00,平日勤務
E006,2025/1/9,9:13,17:33,1:00,平日勤務
E006,2025/1/10,9:14,17:42,1:00,平日勤務
E006,2025/1/13,8:45,19:28,1:00,平日勤務
E006,2025/1/14,9:06,17:32,1:00,平日勤務
E006,2025/1/16,9:14,18:09,1:00,平日勤務
E006,2025/1/17,8:52,19:16,1:00,平日勤務
E006,2025/1/20,9:01,20:08,1:00,平日勤務
E006,2025/1/21,9:11,21:08,1:00,平日勤務
E006,2025/1/22,8:56,18:05,1:00,平日勤務
E006,2025/1/24,9:04,17:36,1:00,平日勤務
E006,2025/1/27,9:13,17:31,1:00,平日勤務
E006,2025/1/28,9:01,18:23,1:00,平日勤務
E006,2025/1/29,8:53,17:53,1:00,平日勤務
E006,2025/1/30,9:02,18:36,1:00,平日勤務
E006,2025/1/31,8:49,17:32,1:00,平日勤務
E006,2025/2/3,9:06,17:56,1:00,平日勤務
E006,2025/2/4,8:59,18:00,1:00,平日勤務
E006,2025/2/5,9:14,21:28,1:00,平日勤務
E006,2025/2/6,8:49,21:35,1:00,平日勤務
E006,2025/2/7,8:58,17:48,1:00,平日勤務
E006,2025/2/10,8:54,18:20,1:00,平日勤務
E006,2025/2/11,9:12,17:31,1:00,平日勤務
E006,2025/2/12,8:46,18:19,1:00,平日勤務
E006,2025/2/13,9:14,17:45,1:00,平日勤務
E006,2025/2/14,9:01,18:09,1:00,平日勤務
E006,2025/2/17,8:53,18:26,1:00,平日勤務
E006,2025/2/18,9:14,17:38,1:00,平日勤務
E006,2025/2/19,9:03,20:02,1:00,平日勤務
E006,2025/2/20,9:09,21:29,1:00,平日勤務
E006,2025/2/21,9:13,18:11,1:00,平日勤務
E006,2025/2/24,9:11,21:04,1:00,平日勤務
E006,2025/2/25,9:10,19:19,1:00,平日勤務
E006,2025/2/26,9:09,18:43,1:00,平日勤務
E006,2025/2/27,9:03,18:03,1:00,平日勤務
E006,2025/2/28,8:45,18:35,1:00,平日勤務
E006,2025/3/3,8:51,17:48,1:00,平日勤務
E006,2025/3/4,9:03,18:01,1:00,平日勤務
E006,2025/3/5,9:12,18:20,1:00,平日勤務
E006,2025/3/6,9:10,18:21,1:00,平日勤務
E006,2025/3/7,9:08,18:03,1:00,平日勤務
E006,2025/3/10,9:12,19:10,1:00,平日勤務
E006,2025/3/11,8:46,18:46,1:00,平日勤務
E006,2025/3/12,8:54,18:54,1:00,平日勤務
E006,2025/3/13,9:11,18:41,1:00,平日勤務
E006,2025/3/17,9:04,18:19,1:00,平日勤務
E006,2025/3/18,9:10,18:41,1:00,平日勤務
E006,2025/3/19,9:11,20:20,1:00,平日勤務
E006,2025/3/20,8:55,18:11,1:00,平日勤務
E006,2025/3/21,8:54,18:27,1:00,平日勤務
E006,2025/3/24,9:11,19:21,1:00,平日勤務
E006,2025/3/25,8:58,19:31,1:00,平日勤務
E006,2025/3/26,8:58,17:45,1:00,平日勤務
E006,2025/3/27,9:10,18:11,1:00,平日勤務
E006,2025/3/28,8:55,18:40,1:00,平日勤務
E006,2025/3/31,8:46,18:13,1:00,平日勤務
E006,2025/4/1,8:59,18:13,1:00,平日勤務
E006,2025/4/2,8:53,18:29,1:00,平日勤務
E006,2025/4/3,8:53,18:30,1:00,平日勤務
E006,2025/4/4,8:46,17:58,1:00,平日勤務
E006,2025/4/8,9:05,19:35,1:00,平日勤務
E006,2025/4/9,8:47,18:30,1:00,平日勤務
E006,2025/4/11,8:51,19:14,1:00,平日勤務
E006,2025/4/13,10:29,18:36,1:00,休日出勤
E006,2025/4/14,8:51,18:56,1:00,平日勤務
E006,2025/4/15,9:11,17:46,1:00,平日勤務
E006,2025/4/16,8:59,20:39,1:00,平日勤務
E006,2025/4/17,9:11,20:23,1:00,平日勤務
E006,2025/4/18,8:54,17:42,1:00,平日勤務
E006,2025/4/21,9:04,20:11,1:00,平日勤務
E006,2025/4/22,8:53,17:54,1:00,平日勤務
E006,2025/4/23,8:58,18:07,1:00,平日勤務
E006,2025/4/24,9:02,18:17,1:00,平日勤務
E006,2025/4/25,9:13,21:24,1:00,平日勤務
E006,2025/4/28,8:52,18:07,1:00,平日勤務
E006,2025/4/29,9:02,18:22,1:00,平日勤務
E006,2025/4/30,9:09,19:31,1:00,平日勤務
E006,2025/5/1,8:51,17:44,1:00,平日勤務
E006,2025/5/2,9:02,17:56,1:00,平日勤務
E006,2025/5/5,9:11,18:09,1:00,平日勤務
E006,2025/5/6,8:46,19:05,1:00,平日勤務
E006,2025/5/8,8:54,18:06,1:00,平日勤務
E006,2025/5/12,8:51,17:50,1:00,平日勤務
E006,2025/5/13,8:48,18:28,1:00,平日勤務
E006,2025/5/14,8:57,17:48,1:00,平日勤務
E006,2025/5/15,9:05,18:10,1:00,平日勤務
E006,2025/5/16,8:52,19:31,1:00,平日勤務
E006,2025/5/17,9:24,15:08,1:00,休日出勤
E006,2025/5/19,8:47,17:49,1:00,平日勤務
E006,2025/5/21,8:50,18:19,1:00,平日勤務
E006,2025/5/22,9:04,21:14,1:00,平日勤務
E006,2025/5/23,8:59,19:19,1:00,平日勤務
E006,2025/5/26,8:53,18:56,1:00,平日勤務
E006,2025/5/27,9:07,20:11,1:00,平日勤務
E006,2025/5/28,8:54,18:27,1:00,平日勤務
E006,2025/5/29,9:03,18:11,1:00,平日勤務
E006,2025/5/30,9:03,17:44,1:00,平日勤務
E006,2025/6/2,8:55,17:58,1:00,平日勤務
E006,2025/6/3,8:48,17:37,1:00,平日勤務
E006,2025/6/4,8:59,17:43,1:00,平日勤務
E006,2025/6/5,9:04,18:19,1:00,平日勤務
E006,2025/6/6,9:08,20:39,1:00,平日勤務
E006,2025/6/9,9:00,20:46,1:00,平日勤務
E006,2025/6/10,9:10,17:57,1:00,平日勤務
E006,2025/6/11,8:48,18:10,1:00,平日勤務
E006,2025/6/13,9:08,21:59,1:00,平日勤務
E006,2025/6/16,8:46,18:36,1:00,平日勤務
E006,2025/6/17,8:49,17:44,1:00,平日勤務
E006,2025/6/18,8:57,17:43,1:00,平日勤務
E006,2025/6/19,9:13,17:55,1:00,平日勤務
E006,2025/6/20,9:10,17:35,1:00,平日勤務
E006,2025/6/21,10:21,15:46,1:00,休日出勤
E006,2025/6/23,9:09,17:31,1:00,平日勤務
E006,2025/6/24,9:09,21:20,1:00,平日勤務
E006,2025/6/26,8:50,18:27,1:00,平日勤務
E006,2025/6/27,9:13,21:07,1:00,平日勤務
E006,2025/6/30,8:50,18:09,1:00,平日勤務
E006,2025/7/1,9:11,17:38,1:00,平日勤務
E006,2025/7/2,9:03,17:57,1:00,平日勤務
E006,2025/7/3,8:53,18:04,1:00,平日勤務
E006,2025/7/4,8:55,18:28,1:00,平日勤務
E006,2025/7/7,9:08,17:54,1:00,平日勤務
E006,2025/7/8,9:02,18:25,1:00,平日勤務
E006,2025/7/9,9:14,17:42,1:00,平日勤務
E006,2025/7/14,9:08,17:33,1:00,平日勤務
E006,2025/7/15,9:00,18:08,1:00,平日勤務
E006,2025/7/16,8:47,17:32,1:00,平日勤務
E006,2025/7/17,8:54,17:46,1:00,平日勤務
E006,2025/7/18,9:09,18:11,1:00,平日勤務
E006,2025/7/21,9:12,20:15,1:00,平日勤務
E006,2025/7/22,8:56,18:12,1:00,平日勤務
E006,2025/7/23,9:02,18:06,1:00,平日勤務
E006,2025/7/25,9:01,18:47,1:00,平日勤務
E006,2025/7/28,9:06,19:45,1:00,平日勤務
E006,2025/7/29,9:10,19:25,1:00,平日勤務
E006,2025/7/30,9:01,19:53,1:00,平日勤務
E006,2025/7/31,9:03,18:23,1:00,平日勤務
E006,2025/8/1,8:54,18:00,1:00,平日勤務
E006,2025/8/4,9:12,18:07,1:00,平日勤務
E006,2025/8/5,9:11,18:03,1:00,平日勤務
E006,2025/8/6,8:54,18:47,1:00,平日勤務
E006,2025/8/7,9:09,18:02,1:00,平日勤務
E006,2025/8/8,8:53,18:25,1:00,平日勤務
E006,2025/8/11,8:47,18:33,1:00,平日勤務
E006,2025/8/12,9:04,21:34,1:00,平日勤務
E006,2025/8/13,9:12,21:02,1:00,平日勤務
E006,2025/8/14,9:02,21:13,1:00,平日勤務
E006,2025/8/15,9:11,18:16,1:00,平日勤務
E006,2025/8/18,9:04,17:54,1:00,平日勤務
E006,2025/8/19,8:48,19:30,1:00,平日勤務
E006,2025/8/25,9:01,17:32,1:00,平日勤務
E006,2025/8/26,8:59,18:29,1:00,平日勤務
E006,2025/8/27,9:04,17:57,1:00,平日勤務
E006,2025/8/28,9:03,19:04,1:00,平日勤務
E006,2025/8/29,9:00,18:25,1:00,平日勤務
E006,2025/9/1,9:07,17:59,1:00,平日勤務
E006,2025/9/2,8:45,19:50,1:00,平日勤務
E006,2025/9/3,8:52,20:02,1:00,平日勤務
E006,2025/9/4,9:08,19:20,1:00,平日勤務
E006,2025/9/5,9:10,18:20,1:00,平日勤務
E006,2025/9/8,9:08,20:45,1:00,平日勤務
E006,2025/9/9,8:57,17:35,1:00,平日勤務
E006,2025/9/10,8:51,21:55,1:00,平日勤務
E006,2025/9/11,9:14,17:56,1:00,平日勤務
E006,2025/9/12,8:54,19:36,1:00,平日勤務
E006,2025/9/15,8:52,19:59,1:00,平日勤務
E006,2025/9/17,8:58,19:03,1:00,平日勤務
E006,2025/9/18,8:55,18:50,1:00,平日勤務
E006,2025/9/19,8:55,17:37,1:00,平日勤務
E006,2025/9/22,9:08,18:47,1:00,平日勤務
E006,2025/9/23,8:50,18:24,1:00,平日勤務
E006,2025/9/24,9:02,17:30,1:00,平日勤務
E006,2025/9/25,8:51,17:35,1:00,平日勤務
E006,2025/9/26,8:49,17:35,1:00,平日勤務
E006,2025/9/29,9:04,20:12,1:00,平日勤務
E006,2025/9/30,8:53,19:21,1:00,平日勤務
E006,2025/10/1,8:53,18:26,1:00,平日勤務
E006,2025/10/2,8:46,20:13,1:00,平日勤務
E006,2025/10/3,8:46,19:53,1:00,平日勤務
E006,2025/10/7,9:05,18:33,1:00,平日勤務
E006,2025/10/8,8:52,17:40,1:00,平日勤務
E006,2025/10/9,8:45,18:28,1:00,平日勤務
E006,2025/10/10,8:51,18:46,1:00,平日勤務
E006,2025/10/14,8:49,17:42,1:00,平日勤務
E006,2025/10/15,8:46,17:30,1:00,平日勤務
E006,2025/10/16,9:06,20:06,1:00,平日勤務
E006,2025/10/17,8:47,17:40,1:00,平日勤務
E006,2025/10/20,8:56,20:02,1:00,平日勤務
E006,2025/10/21,8:53,17:45,1:00,平日勤務
E006,2025/10/22,9:00,18:22,1:00,平日勤務
E006,2025/10/23,9:03,18:29,1:00,平日勤務
E006,2025/10/24,8:49,18:13,1:00,平日勤務
E006,2025/10/27,9:09,17:48,1:00,平日勤務
E006,2025/10/28,8:52,17:31,1:00,平日勤務
E006,2025/10/29,9:10,19:59,1:00,平日勤務
E006,2025/10/30,9:07,18:05,1:00,平日勤務
E006,2025/10/31,8:47,19:47,1:00,平日勤務
E006,2025/11/3,8:46,18:11,1:00,平日勤務
E006,2025/11/5,9:11,19:27,1:00,平日勤務
E006,2025/11/6,8:58,17:35,1:00,平日勤務
E006,2025/11/7,9:07,17:58,1:00,平日勤務
E006,2025/11/10,9:08,19:53,1:00,平日勤務
E006,2025/11/11,9:04,18:18,1:00,平日勤務
E006,2025/11/12,8:57,18:07,1:00,平日勤務
E006,2025/11/13,8:59,21:22,1:00,平日勤務
E006,2025/11/14,8:57,19:59,1:00,平日勤務
E006,2025/11/17,9:11,20:56,1:00,平日勤務
E006,2025/11/18,9:14,17:42,1:00,平日勤務
E006,2025/11/19,9:14,18:41,1:00,平日勤務
E006,2025/11/20,9:06,18:00,1:00,平日勤務
E006,2025/11/21,9:10,17:58,1:00,平日勤務
E006,2025/11/24,8:51,19:29,1:00,平日勤務
E006,2025/11/25,9:11,18:19,1:00,平日勤務
E006,2025/11/26,9:05,17:32,1:00,平日勤務
E006,2025/11/27,8:45,18:02,1:00,平日勤務
E006,2025/11/28,9:01,18:48,1:00,平日勤務
E006,2025/12/1,9:09,18:37,1:00,平日勤務
E006,2025/12/2,9:09,18:08,1:00,平日勤務
E006,2025/12/3,9:14,18:11,1:00,平日勤務
E006,2025/12/4,9:11,18:08,1:00,平日勤務
E006,2025/12/8,8:46,20:49,1:00,平日勤務
E006,2025/12/9,9:08,18:10,1:00,平日勤務
E006,2025/12/11,8:57,19:42,1:00,平日勤務
E006,2025/12/12,9:13,17:52,1:00,平日勤務
E006,2025/12/15,8:50,18:19,1:00,平日勤務
E006,2025/12/16,9:02,17:41,1:00,平日勤務
E006,2025/12/18,9:06,18:10,1:00,平日勤務
E006,2025/12/19,8:59,18:08,1:00,平日勤務
E006,2025/12/22,9:00,17:51,1:00,平日勤務
E006,2025/12/24,9:00,17:37,1:00,平日勤務
E006,2025/12/25,8:49,17:44,1:00,平日勤務
E006,2025/12/26,9:14,17:44,1:00,平日勤務
E006,2025/12/29,8:45,17:42,1:00,平日勤務
E006,2025/12/30,8:51,19:18,1:00,平日勤務
E007,2025/1/1,9:02,18:57,1:00,平日勤務
E007,2025/1/2,9:13,20:23,1:00,平日勤務
E007,2025/1/3,9:12,18:29,1:00,平日勤務
E007,2025/1/6,8:47,18:25,1:00,平日勤務
E007,2025/1/7,9:08,18:12,1:00,平日勤務
E007,2025/1/8,9:12,19:31,1:00,平日勤務
E007,2025/1/9,8:59,19:07,1:00,平日勤務
E007,2025/1/10,8:50,20:01,1:00,平日勤務
E007,2025/1/13,9:06,21:24,1:00,平日勤務
E007,2025/1/14,8:57,21:56,1:00,平日勤務
E007,2025/1/15,9:03,17:56,1:00,平日勤務
E007,2025/1/17,8:48,17:52,1:00,平日勤務
E007,2025/1/20,8:54,17:49,1:00,平日勤務
E007,2025/1/21,9:02,17:58,1:00,平日勤務
E007,2025/1/22,8:55,17:39,1:00,平日勤務
E007,2025/1/23,8:49,18:14,1:00,平日勤務
E007,2025/1/24,8:51,21:57,1:00,平日勤務
E007,2025/1/27,9:14,18:11,1:00,平日勤務
E007,2025/1/28,9:08,18:42,1:00,平日勤務
E007,2025/1/29,9:07,18:27,1:00,平日勤務
E007,2025/1/30,9:03,20:20,1:00,平日勤務
E007,2025/1/31,9:10,17:49,1:00,平日勤務
E007,2025/2/3,8:57,18:25,1:00,平日勤務
E007,2025/2/4,8:59,20:22,1:00,平日勤務
E007,2025/2/5,8:46,17:45,1:00,平日勤務
E007,2025/2/6,9:05,17:51,1:00,平日勤務
E007,2025/2/7,9:12,20:23,1:00,平日勤務
E007,2025/2/10,9:00,17:41,1:00,平日勤務
E007,2025/2/11,9:03,21:50,1:00,平日勤務
E007,2025/2/12,9:09,19:15,1:00,平日勤務
E007,2025/2/13,9:13,18:06,1:00,平日勤務
E007,2025/2/14,8:50,18:20,1:00,平日勤務
E007,2025/2/18,9:10,20:35,1:00,平日勤務
E007,2025/2/19,8:46,18:19,1:00,平日勤務
E007,2025/2/20,9:03,18:56,1:00,平日勤務
E007,2025/2/21,9:09,18:29,1:00,平日勤務
E007,2025/2/23,9:26,18:58,1:00,休日出勤
E007,2025/2/24,9:02,19:58,1:00,平日勤務
E007,2025/2/25,8:48,17:35,1:00,平日勤務
E007,2025/2/26,8:49,18:16,1:00,平日勤務
E007,2025/2/27,9:06,17:59,1:00,平日勤務
E007,2025/2/28,9:03,19:18,1:00,平日勤務
E007,2025/3/3,9:02,18:14,1:00,平日勤務
E007,2025/3/5,9:04,17:53,1:00,平日勤務
E007,2025/3/6,8:54,18:05,1:00,平日勤務
E007,2025/3/7,9:13,18:07,1:00,平日勤務
E007,2025/3/10,9:05,17:34,1:00,平日勤務
E007,2025/3/11,8:58,17:54,1:00,平日勤務
E007,2025/3/12,9:03,21:36,1:00,平日勤務
E007,2025/3/13,8:48,17:44,1:00,平日勤務
E007,2025/3/14,8:54,19:44,1:00,平日勤務
E007,2025/3/17,9:10,19:51,1:00,平日勤務
E007,2025/3/18,9:08,18:20,1:00,平日勤務
E007,2025/3/19,8:48,18:17,1:00,平日勤務
E007,2025/3/20,9:12,17:32,1:00,平日勤務
E007,2025/3/21,8:59,17:57,1:00,平日勤務
E007,2025/3/23,10:03,15:25,1:00,休日出勤
E007,2025/3/24,9:06,18:53,1:00,平日勤務
E007,2025/3/25,9:11,17:39,1:00,平日勤務
E007,2025/3/26,9:08,19:13,1:00,平日勤務
E007,2025/3/27,9:12,17:48,1:00,平日勤務
E007,2025/3/31,9:06,20:05,1:00,平日勤務
E007,2025/4/1,8:56,21:12,1:00,平日勤務
E007,2025/4/2,9:03,19:04,1:00,平日勤務
E007,2025/4/3,8:54,18:31,1:00,平日勤務
E007,2025/4/4,9:09,17:44,1:00,平日勤務
E007,2025/4/7,8:59,18:56,1:00,平日勤務
E007,2025/4/8,9:01,21:22,1:00,平日勤務
E007,2025/4/9,9:09,20:51,1:00,平日勤務
E007,2025/4/10,8:52,17:50,1:00,平日勤務
E007,2025/4/11,9:11,17:44,1:00,平日勤務
E007,2025/4/14,9:01,18:23,1:00,平日勤務
E007,2025/4/15,9:08,18:12,1:00,平日勤務
E007,2025/4/16,9:04,21:46,1:00,平日勤務
E007,2025/4/17,8:46,18:40,1:00,平日勤務
E007,2025/4/18,9:00,18:10,1:00,平日勤務
E007,2025/4/21,8:52,18:05,1:00,平日勤務
E007,2025/4/22,8:56,17:43,1:00,平日勤務
E007,2025/4/23,9:12,18:14,1:00,平日勤務
E007,2025/4/24,9:01,18:02,1:00,平日勤務
E007,2025/4/25,9:12,17:41,1:00,平日勤務
E007,2025/4/28,8:57,18:06,1:00,平日勤務
E007,2025/4/29,8:47,18:56,1:00,平日勤務
E007,2025/4/30,9:12,20:04,1:00,平日勤務
E007,2025/5/1,8:57,19:28,1:00,平日勤務
E007,2025/5/2,9:04,18:26,1:00,平日勤務
E007,2025/5/5,9:11,20:59,1:00,平日勤務
E007,2025/5/6,9:08,17:43,1:00,平日勤務
E007,2025/5/7,8:50,18:18,1:00,平日勤務
E007,2025/5/8,9:00,17:50,1:00,平日勤務
E007,2025/5/12,9:14,19:26,1:00,平日勤務
E007,2025/5/13,8:53,17:30,1:00,平日勤務
E007,2025/5/14,8:58,18:14,1:00,平日勤務
E007,2025/5/15,8:51,21:55,1:00,平日勤務
E007,2025/5/16,9:07,21:28,1:00,平日勤務
E007,2025/5/19,8:55,20:38,1:00,平日勤務
E007,2025/5/20,8:47,18:17,1:00,平日勤務
E007,2025/5/23,8:58,17:50,1:00,平日勤務
E007,2025/5/26,9:07,20:26,1:00,平日勤務
E007,2025/5/27,9:04,17:33,1:00,平日勤務
E007,2025/5/28,9:07,21:26,1:00,平日勤務
E007,2025/5/29,9:07,18:08,1:00,平日勤務
E007,2025/5/30,8:59,17:58,1:00,平日勤務
E007,2025/6/2,9:07,18:17,1:00,平日勤務
E007,2025/6/3,8:51,18:24,1:00,平日勤務
E007,2025/6/4,9:14,19:54,1:00,平日勤務
E007,2025/6/5,9:09,17:56,1:00,平日勤務
E007,2025/6/6,8:52,20:52,1:00,平日勤務
E007,2025/6/9,9:11,17:49,1:00,平日勤務
E007,2025/6/10,8:48,18:40,1:00,平日勤務
E007,2025/6/11,9:03,18:58,1:00,平日勤務
E007,2025/6/13,9:13,18:09,1:00,平日勤務
E007,2025/6/16,8:57,19:08,1:00,平日勤務
E007,2025/6/17,8:55,18:03,1:00,平日勤務
E007,2025/6/18,9:08,20:53,1:00,平日勤務
E007,2025/6/19,9:13,20:05,1:00,平日勤務
E007,2025/6/20,9:04,18:17,1:00,平日勤務
E007,2025/6/23,9:14,17:38,1:00,平日勤務
E007,2025/6/24,8:47,17:53,1:00,平日勤務
E007,2025/6/25,8:55,20:08,1:00,平日勤務
E007,2025/6/26,9:14,17:52,1:00,平日勤務
E007,2025/6/27,8:53,17:38,1:00,平日勤務
E007,2025/6/30,9:04,21:18,1:00,平日勤務
E007,2025/7/1,8:56,18:43,1:00,平日勤務
E007,2025/7/2,8:55,17:47,1:00,平日勤務
E007,2025/7/4,9:11,18:21,1:00,平日勤務
E007,2025/7/8,9:10,17:56,1:00,平日勤務
E007,2025/7/9,8:55,18:03,1:00,平日勤務
E007,2025/7/10,8:46,17:30,1:00,平日勤務
E007,2025/7/11,9:10,18:41,1:00,平日勤務
E007,2025/7/14,8:51,17:31,1:00,平日勤務
E007,2025/7/15,9:10,20:07,1:00,平日勤務
E007,2025/7/16,9:12,18:13,1:00,平日勤務
E007,2025/7/18,8:51,18:15,1:00,平日勤務
E007,2025/7/21,9:06,17:40,1:00,平日勤務
E007,2025/7/22,9:01,18:21,1:00,平日勤務
E007,2025/7/23,8:45,17:41,1:00,平日勤務
E007,2025/7/25,9:09,21:07,1:00,平日勤務
E007,2025/7/28,8:50,18:04,1:00,平日勤務
E007,2025/7/29,8:50,17:31,1:00,平日勤務
E007,2025/7/30,8:49,18:36,1:00,平日勤務
E007,2025/7/31,8:49,21:16,1:00,平日勤務
E007,2025/8/1,8:56,17:41,1:00,平日勤務
E007,2025/8/4,8:55,17:37,1:00,平日勤務
E007,2025/8/5,9:06,18:10,1:00,平日勤務
E007,2025/8/7,8:51,18:28,1:00,平日勤務
E007,2025/8/8,8:48,19:56,1:00,平日勤務
E007,2025/8/11,9:13,19:02,1:00,平日勤務
E007,2025/8/12,9:08,17:59,1:00,平日勤務
E007,2025/8/13,8:53,17:50,1:00,平日勤務
E007,2025/8/14,9:13,17:36,1:00,平日勤務
E007,2025/8/15,9:06,19:04,1:00,平日勤務
E007,2025/8/18,9:03,18:28,1:00,平日勤務
E007,2025/8/19,9:04,18:02,1:00,平日勤務
E007,2025/8/20,8:45,17:49,1:00,平日勤務
E007,2025/8/21,9:03,18:28,1:00,平日勤務
E007,2025/8/22,9:05,17:43,1:00,平日勤務
E007,2025/8/25,8:46,18:15,1:00,平日勤務
E007,2025/8/28,9:03,18:15,1:00,平日勤務
E007,2025/8/29,9:05,17:52,1:00,平日勤務
E007,2025/9/1,9:05,18:48,1:00,平日勤務
E007,2025/9/2,8:58,18:52,1:00,平日勤務
E007,2025/9/3,8:49,17:31,1:00,平日勤務
E007,2025/9/4,9:01,17:48,1:00,平日勤務
E007,2025/9/5,8:49,17:42,1:00,平日勤務
E007,2025/9/6,9:23,18:13,1:00,休日出勤
E007,2025/9/8,9:11,18:26,1:00,平日勤務
E007,2025/9/9,8:50,18:50,1:00,平日勤務
E007,2025/9/10,8:57,18:42,1:00,平日勤務
E007,2025/9/11,9:06,20:10,1:00,平日勤務
E007,2025/9/15,8:54,20:14,1:00,平日勤務
E007,2025/9/16,8:50,18:03,1:00,平日勤務
E007,2025/9/18,8:59,19:51,1:00,平日勤務
E007,2025/9/19,9:13,20:54,1:00,平日勤務
E007,2025/9/22,9:01,18:59,1:00,平日勤務
E007,2025/9/23,9:05,21:54,1:00,平日勤務
E007,2025/9/24,8:54,17:46,1:00,平日勤務
E007,2025/9/25,8:45,19:24,1:00,平日勤務
E007,2025/9/29,8:51,17:59,1:00,平日勤務
E007,2025/9/30,9:03,19:37,1:00,平日勤務
E007,2025/10/1,8:52,17:30,1:00,平日勤務
E007,2025/10/2,9:11,18:22,1:00,平日勤務
E007,2025/10/3,8:50,18:55,1:00,平日勤務
E007,2025/10/6,9:06,18:31,1:00,平日勤務
E007,2025/10/7,8:46,17:44,1:00,平日勤務
E007,2025/10/8,9:09,20:48,1:00,平日勤務
E007,2025/10/9,8:50,17:33,1:00,平日勤務
E007,2025/10/10,9:13,18:11,1:00,平日勤務
E007,2025/10/13,9:10,18:39,1:00,平日勤務
E007,2025/10/14,9:11,18:47,1:00,平日勤務
E007,2025/10/15,9:12,18:22,1:00,平日勤務
E007,2025/10/16,9:04,17:42,1:00,平日勤務
E007,2025/10/17,9:01,17:54,1:00,平日勤務
E007,2025/10/20,9:08,17:35,1:00,平日勤務
E007,2025/10/21,9:02,18:26,1:00,平日勤務
E007,2025/10/22,8:58,17:48,1:00,平日勤務
E007,2025/10/23,9:03,17:54,1:00,平日勤務
E007,2025/10/24,8:58,20:06,1:00,平日勤務
E007,2025/10/27,8:48,18:21,1:00,平日勤務
E007,2025/10/28,8:54,21:07,1:00,平日勤務
E007,2025/10/29,9:11,19:20,1:00,平日勤務
E007,2025/10/30,8:46,21:54,1:00,平日勤務
E007,2025/10/31,8:52,17:47,1:00,平日勤務
E007,2025/11/3,8:59,21:27,1:00,平日勤務
E007,2025/11/4,9:05,17:44,1:00,平日勤務
E007,2025/11/5,8:45,19:21,1:00,平日勤務
E007,2025/11/6,8:46,18:30,1:00,平日勤務
E007,2025/11/7,9:12,17:55,1:00,平日勤務
E007,2025/11/10,8:47,19:17,1:00,平日勤務
E007,2025/11/11,8:52,17:57,1:00,平日勤務
E007,2025/11/12,8:50,17:57,1:00,平日勤務
E007,2025/11/13,9:06,18:16,1:00,平日勤務
E007,2025/11/14,9:08,18:58,1:00,平日勤務
E007,2025/11/18,8:56,21:54,1:00,平日勤務
E007,2025/11/19,8:58,17:30,1:00,平日勤務
E007,2025/11/20,8:55,18:46,1:00,平日勤務
E007,2025/11/21,8:51,19:27,1:00,平日勤務
E007,2025/11/24,9:01,21:57,1:00,平日勤務
E007,2025/11/25,9:04,19:30,1:00,平日勤務
E007,2025/11/26,9:01,17:41,1:00,平日勤務
E007,2025/11/27,8:48,18:09,1:00,平日勤務
E007,2025/11/28,9:11,17:47,1:00,平日勤務
E007,2025/12/1,9:09,20:07,1:00,平日勤務
E007,2025/12/2,9:06,18:29,1:00,平日勤務
E007,2025/12/4,9:09,17:42,1:00,平日勤務
E007,2025/12/8,8:46,17:42,1:00,平日勤務
E007,2025/12/10,8:59,17:39,1:00,平日勤務
E007,2025/12/11,8:55,18:45,1:00,平日勤務
E007,2025/12/12,8:59,21:13,1:00,平日勤務
E007,2025/12/15,9:02,18:41,1:00,平日勤務
E007,2025/12/16,8:45,18:10,1:00,平日勤務
E007,2025/12/17,8:47,17:41,1:00,平日勤務
E007,2025/12/19,8:52,19:42,1:00,平日勤務
E007,2025/12/22,8:54,17:52,1:00,平日勤務
E007,2025/12/23,8:55,17:57,1:00,平日勤務
E007,2025/12/24,9:01,18:51,1:00,平日勤務
E007,2025/12/25,9:14,18:20,1:00,平日勤務
E007,2025/12/26,8:56,19:59,1:00,平日勤務
E007,2025/12/29,9:10,19:22,1:00,平日勤務
E007,2025/12/30,9:09,18:48,1:00,平日勤務
E007,2025/12/31,9:09,18:04,1:00,平日勤務
E008,2025/1/1,9:13,19:35,1:00,平日勤務
E008,2025/1/2,9:03,18:05,1:00,平日勤務
E008,2025/1/3,8:54,18:33,1:00,平日勤務
E008,2025/1/6,8:58,17:45,1:00,平日勤務
E008,2025/1/7,8:57,17:41,1:00,平日勤務
E008,2025/1/9,9:10,18:29,1:00,平日勤務
E008,2025/1/10,9:11,20:42,1:00,平日勤務
E008,2025/1/13,8:54,18:23,1:00,平日勤務
E008,2025/1/14,8:57,19:21,1:00,平日勤務
E008,2025/1/15,8:47,17:35,1:00,平日勤務
E008,2025/1/16,9:05,18:45,1:00,平日勤務
E008,2025/1/17,8:53,17:57,1:00,平日勤務
E008,2025/1/20,8:57,20:55,1:00,平日勤務
E008,2025/1/21,9:10,18:50,1:00,平日勤務
E008,2025/1/22,9:10,17:30,1:00,平日勤務
E008,2025/1/23,8:53,19:07,1:00,平日勤務
E008,2025/1/24,9:06,19:23,1:00,平日勤務
E008,2025/1/27,8:49,18:45,1:00,平日勤務
E008,2025/1/28,8:52,21:14,1:00,平日勤務
E008,2025/1/29,8:58,20:35,1:00,平日勤務
E008,2025/1/31,8:51,17:49,1:00,平日勤務
E008,2025/2/3,9:04,20:30,1:00,平日勤務
E008,2025/2/4,8:50,17:51,1:00,平日勤務
E008,2025/2/5,9:02,19:27,1:00,平日勤務
E008,2025/2/7,9:13,17:50,1:00,平日勤務
E008,2025/2/10,9:00,18:28,1:00,平日勤務
E008,2025/2/11,8:58,17:34,1:00,平日勤務
E008,2025/2/12,8:45,20:20,1:00,平日勤務
E008,2025/2/13,8:54,18:27,1:00,平日勤務
E008,2025/2/14,8:55,21:44,1:00,平日勤務
E008,2025/2/17,9:13,17:45,1:00,平日勤務
E008,2025/2/18,9:14,18:47,1:00,平日勤務
E008,2025/2/19,9:03,21:21,1:00,平日勤務
E008,2025/2/20,9:12,18:20,1:00,平日勤務
E008,2025/2/21,8:46,19:00,1:00,平日勤務
E008,2025/2/24,8:57,20:44,1:00,平日勤務
E008,2025/2/25,9:07,18:27,1:00,平日勤務
E008,2025/2/26,8:51,20:17,1:00,平日勤務
E008,2025/2/27,9:07,18:15,1:00,平日勤務
E008,2025/2/28,8:45,18:20,1:00,平日勤務
E008,2025/3/4,9:10,17:35,1:00,平日勤務
E008,2025/3/5,8:49,19:53,1:00,平日勤務
E008,2025/3/6,8:49,20:06,1:00,平日勤務
E008,2025/3/11,9:01,18:40,1:00,平日勤務
E008,2025/3/12,8:46,18:09,1:00,平日勤務
E008,2025/3/13,8:55,18:12,1:00,平日勤務
E008,2025/3/14,9:04,17:55,1:00,平日勤務
E008,2025/3/17,9:02,18:38,1:00,平日勤務
E008,2025/3/19,9:06,18:17,1:00,平日勤務
E008,2025/3/21,9:09,17:44,1:00,平日勤務
E008,2025/3/24,8:49,19:29,1:00,平日勤務
E008,2025/3/25,8:54,19:30,1:00,平日勤務
E008,2025/3/26,8:55,17:55,1:00,平日勤務
E008,2025/3/27,9:14,18:01,1:00,平日勤務
E008,2025/3/28,8:50,17:46,1:00,平日勤務
E008,2025/3/31,9:02,18:17,1:00,平日勤務
E008,2025/4/1,9:10,18:07,1:00,平日勤務
E008,2025/4/2,9:05,19:44,1:00,平日勤務
E008,2025/4/3,8:49,18:12,1:00,平日勤務
E008,2025/4/4,8:52,18:28,1:00,平日勤務
E008,2025/4/8,9:07,19:27,1:00,平日勤務
E008,2025/4/9,8:46,21:37,1:00,平日勤務
E008,2025/4/10,8:56,18:15,1:00,平日勤務
E008,2025/4/11,9:02,19:16,1:00,平日勤務
E008,2025/4/14,8:59,17:39,1:00,平日勤務
E008,2025/4/15,8:57,18:32,1:00,平日勤務
E008,2025/4/16,8:54,17:31,1:00,平日勤務
E008,2025/4/17,8:45,20:52,1:00,平日勤務
E008,2025/4/18,8:56,18:20,1:00,平日勤務
E008,2025/4/21,8:47,18:39,1:00,平日勤務
E008,2025/4/22,9:07,17:42,1:00,平日勤務
E008,2025/4/23,8:50,19:44,1:00,平日勤務
E008,2025/4/24,8:50,17:44,1:00,平日勤務
E008,2025/4/25,8:48,17:46,1:00,平日勤務
E008,2025/4/29,9:13,18:23,1:00,平日勤務
E008,2025/4/30,9:12,17:55,1:00,平日勤務
E008,2025/5/1,9:03,18:14,1:00,平日勤務
E008,2025/5/2,9:03,18:43,1:00,平日勤務
E008,2025/5/4,9:13,16:23,1:00,休日出勤
E008,2025/5/5,9:08,19:57,1:00,平日勤務
E008,2025/5/6,9:04,19:24,1:00,平日勤務
E008,2025/5/7,8:57,17:37,1:00,平日勤務
E008,2025/5/8,8:52,17:45,1:00,平日勤務
E008,2025/5/9,9:02,19:36,1:00,平日勤務
E008,2025/5/12,9:14,17:35,1:00,平日勤務
E008,2025/5/14,8:59,18:42,1:00,平日勤務
E008,2025/5/15,8:46,18:11,1:00,平日勤務
E008,2025/5/16,8:47,17:45,1:00,平日勤務
E008,2025/5/20,8:59,20:07,1:00,平日勤務
E008,2025/5/21,8:48,18:16,1:00,平日勤務
E008,2025/5/22,9:10,18:47,1:00,平日勤務
E008,2025/5/23,8:49,18:04,1:00,平日勤務
E008,2025/5/26,8:48,18:37,1:00,平日勤務
E008,2025/5/27,9:08,18:42,1:00,平日勤務
E008,2025/5/28,8:56,20:04,1:00,平日勤務
E008,2025/5/29,8:58,18:47,1:00,平日勤務
E008,2025/5/30,8:54,18:12,1:00,平日勤務
E008,2025/6/2,8:52,18:04,1:00,平日勤務
E008,2025/6/3,8:47,18:14,1:00,平日勤務
E008,2025/6/4,8:58,17:58,1:00,平日勤務
E008,2025/6/5,9:11,18:01,1:00,平日勤務
E008,2025/6/6,8:45,18:33,1:00,平日勤務
E008,2025/6/7,9:15,17:40,1:00,休日出勤
E008,2025/6/9,8:54,17:41,1:00,平日勤務
E008,2025/6/10,8:53,17:47,1:00,平日勤務
E008,2025/6/12,8:56,17:35,1:00,平日勤務
E008,2025/6/13,9:14,18:04,1:00,平日勤務
E008,2025/6/16,8:51,18:07,1:00,平日勤務
E008,2025/6/18,8:54,18:21,1:00,平日勤務
E008,2025/6/19,9:08,17:53,1:00,平日勤務
E008,2025/6/20,9:01,17:45,1:00,平日勤務
E008,2025/6/23,8:59,18:11,1:00,平日勤務
E008,2025/6/25,8:48,17:38,1:00,平日勤務
E008,2025/6/26,8:57,18:18,1:00,平日勤務
E008,2025/6/27,8:50,20:53,1:00,平日勤務
E008,2025/6/30,9:05,19:57,1:00,平日勤務
E008,2025/7/1,9:00,17:45,1:00,平日勤務
E008,2025/7/2,8:52,17:56,1:00,平日勤務
E008,2025/7/4,8:53,19:32,1:00,平日勤務
E008,2025/7/8,9:13,19:47,1:00,平日勤務
E008,2025/7/9,8:57,17:42,1:00,平日勤務
E008,2025/7/10,9:04,17:47,1:00,平日勤務
E008,2025/7/11,8:54,18:09,1:00,平日勤務
E008,2025/7/14,8:49,18:47,1:00,平日勤務
E008,2025/7/15,9:01,18:20,1:00,平日勤務
E008,2025/7/16,9:12,18:09,1:00,平日勤務
E008,2025/7/17,8:51,18:31,1:00,平日勤務
E008,2025/7/18,8:59,19:23,1:00,平日勤務
E008,2025/7/21,8:47,18:13,1:00,平日勤務
E008,2025/7/23,8:59,19:16,1:00,平日勤務
E008,2025/7/24,8:53,18:22,1:00,平日勤務
E008,2025/7/25,9:13,18:43,1:00,平日勤務
E008,2025/7/28,8:55,18:43,1:00,平日勤務
E008,2025/7/29,8:55,17:50,1:00,平日勤務
E008,2025/7/30,9:09,18:57,1:00,平日勤務
E008,2025/8/1,9:08,17:51,1:00,平日勤務
E008,2025/8/4,8:45,20:42,1:00,平日勤務
E008,2025/8/5,8:57,17:41,1:00,平日勤務
E008,2025/8/7,8:55,19:34,1:00,平日勤務
E008,2025/8/11,8:51,17:31,1:00,平日勤務
E008,2025/8/12,9:05,18:24,1:00,平日勤務
E008,2025/8/13,9:01,18:12,1:00,平日勤務
E008,2025/8/14,8:48,17:48,1:00,平日勤務
E008,2025/8/15,9:05,17:52,1:00,平日勤務
E008,2025/8/18,9:01,17:44,1:00,平日勤務
E008,2025/8/19,8:50,18:47,1:00,平日勤務
E008,2025/8/21,8:51,18:08,1:00,平日勤務
E008,2025/8/22,8:59,17:46,1:00,平日勤務
E008,2025/8/25,9:06,17:51,1:00,平日勤務
E008,2025/8/26,8:47,18:16,1:00,平日勤務
E008,2025/8/27,9:14,18:06,1:00,平日勤務
E008,2025/8/28,8:55,17:56,1:00,平日勤務
E008,2025/8/29,8:50,19:12,1:00,平日勤務
E008,2025/9/2,9:01,17:33,1:00,平日勤務
E008,2025/9/3,9:08,17:53,1:00,平日勤務
E008,2025/9/5,9:07,21:12,1:00,平日勤務
E008,2025/9/8,8:53,19:38,1:00,平日勤務
E008,2025/9/9,9:03,17:45,1:00,平日勤務
E008,2025/9/10,9:00,18:28,1:00,平日勤務
E008,2025/9/11,9:05,20:48,1:00,平日勤務
E008,2025/9/12,9:07,17:48,1:00,平日勤務
E008,2025/9/15,8:59,19:39,1:00,平日勤務
E008,2025/9/16,9:06,18:21,1:00,平日勤務
E008,2025/9/17,9:02,18:24,1:00,平日勤務
E008,2025/9/18,8:45,17:45,1:00,平日勤務
E008,2025/9/19,8:49,19:50,1:00,平日勤務
E008,2025/9/22,8:49,21:10,1:00,平日勤務
E008,2025/9/23,8:57,18:35,1:00,平日勤務
E008,2025/9/24,8:58,20:28,1:00,平日勤務
E008,2025/9/25,9:00,19:41,1:00,平日勤務
E008,2025/9/26,8:57,20:28,1:00,平日勤務
E008,2025/9/29,9:03,18:26,1:00,平日勤務
E008,2025/9/30,9:11,17:47,1:00,平日勤務
E008,2025/10/1,9:06,18:11,1:00,平日勤務
E008,2025/10/2,8:53,21:09,1:00,平日勤務
E008,2025/10/3,8:46,19:52,1:00,平日勤務
E008,2025/10/6,9:13,17:40,1:00,平日勤務
E008,2025/10/7,9:00,18:49,1:00,平日勤務
E008,2025/10/9,9:09,17:56,1:00,平日勤務
E008,2025/10/10,8:49,18:26,1:00,平日勤務
E008,2025/10/13,9:09,20:16,1:00,平日勤務
E008,2025/10/14,8:45,18:22,1:00,平日勤務
E008,2025/10/15,8:51,18:12,1:00,平日勤務
E008,2025/10/16,9:04,21:16,1:00,平日勤務
E008,2025/10/17,9:06,18:32,1:00,平日勤務
E008,2025/10/20,9:02,17:55,1:00,平日勤務
E008,2025/10/21,9:00,20:52,1:00,平日勤務
E008,2025/10/22,8:46,18:00,1:00,平日勤務
E008,2025/10/23,8:45,18:05,1:00,平日勤務
E008,2025/10/24,9:09,19:51,1:00,平日勤務
E008,2025/10/27,9:01,18:24,1:00,平日勤務
E008,2025/10/28,9:03,18:25,1:00,平日勤務
E008,2025/10/29,9:09,18:45,1:00,平日勤務
E008,2025/10/30,8:58,17:30,1:00,平日勤務
E008,2025/10/31,9:07,18:04,1:00,平日勤務
E008,2025/11/3,8:58,18:02,1:00,平日勤務
E008,2025/11/4,9:05,18:03,1:00,平日勤務
E008,2025/11/5,8:56,21:40,1:00,平日勤務
E008,2025/11/6,9:10,18:28,1:00,平日勤務
E008,2025/11/7,8:46,18:45,1:00,平日勤務
E008,2025/11/11,9:04,21:54,1:00,平日勤務
E008,2025/11/12,8:46,17:31,1:00,平日勤務
E008,2025/11/13,8:52,17:53,1:00,平日勤務
E008,2025/11/14,9:07,17:40,1:00,平日勤務
E008,2025/11/17,8:59,20:19,1:00,平日勤務
E008,2025/11/18,9:03,21:44,1:00,平日勤務
E008,2025/11/19,9:14,18:36,1:00,平日勤務
E008,2025/11/20,8:58,18:28,1:00,平日勤務
E008,2025/11/21,8:46,18:26,1:00,平日勤務
E008,2025/11/24,8:58,19:25,1:00,平日勤務
E008,2025/11/25,9:09,18:31,1:00,平日勤務
E008,2025/11/26,9:06,17:38,1:00,平日勤務
E008,2025/12/1,9:09,18:28,1:00,平日勤務
E008,2025/12/2,9:14,17:38,1:00,平日勤務
E008,2025/12/4,8:52,18:06,1:00,平日勤務
E008,2025/12/8,8:58,19:16,1:00,平日勤務
E008,2025/12/9,9:03,18:36,1:00,平日勤務
E008,2025/12/10,9:13,19:07,1:00,平日勤務
E008,2025/12/11,8:54,18:16,1:00,平日勤務
E008,2025/12/12,9:13,17:31,1:00,平日勤務
E008,2025/12/18,9:11,18:43,1:00,平日勤務
E008,2025/12/19,8:52,17:46,1:00,平日勤務
E008,2025/12/22,9:07,17:42,1:00,平日勤務
E008,2025/12/23,8:50,21:10,1:00,平日勤務
E008,2025/12/24,8:47,18:20,1:00,平日勤務
E008,2025/12/25,9:11,18:49,1:00,平日勤務
E008,2025/12/26,8:49,18:24,1:00,平日勤務
E008,2025/12/29,9:00,18:32,1:00,平日勤務
E008,2025/12/30,8:53,18:13,1:00,平日勤務
E008,2025/12/31,8:55,19:54,1:00,平日勤務
E009,2025/1/1,8:56,18:07,1:00,平日勤務
E009,2025/1/2,9:05,17:49,1:00,平日勤務
E009,2025/1/3,9:05,17:43,1:00,平日勤務
E009,2025/1/6,9:10,21:43,1:00,平日勤務
E009,2025/1/7,8:45,17:31,1:00,平日勤務
E009,2025/1/8,8:54,18:02,1:00,平日勤務
E009,2025/1/9,9:05,17:55,1:00,平日勤務
E009,2025/1/10,8:55,18:03,1:00,平日勤務
E009,2025/1/13,9:13,18:01,1:00,平日勤務
E009,2025/1/14,8:50,18:58,1:00,平日勤務
E009,2025/1/15,9:08,18:19,1:00,平日勤務
E009,2025/1/16,9:03,18:03,1:00,平日勤務
E009,2025/1/21,9:05,18:17,1:00,平日勤務
E009,2025/1/22,8:59,18:19,1:00,平日勤務
E009,2025/1/23,9:10,18:40,1:00,平日勤務
E009,2025/1/24,8:52,17:51,1:00,平日勤務
E009,2025/1/27,8:49,18:09,1:00,平日勤務
E009,2025/1/28,8:49,19:14,1:00,平日勤務
E009,2025/1/29,9:09,18:46,1:00,平日勤務
E009,2025/1/30,9:12,17:39,1:00,平日勤務
E009,2025/1/31,8:51,18:23,1:00,平日勤務
E009,2025/2/4,8:48,17:35,1:00,平日勤務
E009,2025/2/5,8:51,17:45,1:00,平日勤務
E009,2025/2/6,9:00,19:59,1:00,平日勤務
E009,2025/2/7,9:01,17:50,1:00,平日勤務
E009,2025/2/10,8:53,18:02,1:00,平日勤務
E009,2025/2/11,8:58,17:31,1:00,平日勤務
E009,2025/2/12,9:01,18:05,1:00,平日勤務
E009,2025/2/13,8:52,18:03,1:00,平日勤務
E009,2025/2/14,9:01,19:19,1:00,平日勤務
E009,2025/2/17,9:07,17:36,1:00,平日勤務
E009,2025/2/18,8:56,17:54,1:00,平日勤務
E009,2025/2/19,8:55,18:12,1:00,平日勤務
E009,2025/2/20,8:54,19:39,1:00,平日勤務
E009,2025/2/21,8:51,17:51,1:00,平日勤務
E009,2025/2/24,9:00,19:45,1:00,平日勤務
E009,2025/2/25,9:13,18:07,1:00,平日勤務
E009,2025/2/26,9:11,18:54,1:00,平日勤務
E009,2025/2/27,9:08,17:41,1:00,平日勤務
E009,2025/2/28,9:14,17:42,1:00,平日勤務
E009,2025/3/3,9:08,18:39,1:00,平日勤務
E009,2025/3/4,9:10,19:08,1:00,平日勤務
E009,2025/3/5,8:55,19:57,1:00,平日勤務
E009,2025/3/6,9:13,18:50,1:00,平日勤務
E009,2025/3/7,9:09,17:41,1:00,平日勤務
E009,2025/3/10,8:55,19:21,1:00,平日勤務
E009,2025/3/11,8:47,17:49,1:00,平日勤務
E009,2025/3/12,9:02,21:08,1:00,平日勤務
E009,2025/3/13,8:48,18:05,1:00,平日勤務
E009,2025/3/14,9:04,17:47,1:00,平日勤務
E009,2025/3/17,8:49,19:39,1:00,平日勤務
E009,2025/3/18,8:47,18:15,1:00,平日勤務
E009,2025/3/19,8:46,20:49,1:00,平日勤務
E009,2025/3/20,8:55,19:10,1:00,平日勤務
E009,2025/3/21,8:48,18:31,1:00,平日勤務
E009,2025/3/24,9:14,20:17,1:00,平日勤務
E009,2025/3/25,8:46,17:46,1:00,平日勤務
E009,2025/3/26,8:49,18:11,1:00,平日勤務
E009,2025/3/27,8:57,18:19,1:00,平日勤務
E009,2025/3/28,9:02,19:03,1:00,平日勤務
E009,2025/3/31,9:01,19:47,1:00,平日勤務
E009,2025/4/1,9:09,18:24,1:00,平日勤務
E009,2025/4/2,8:54,18:35,1:00,平日勤務
E009,2025/4/3,9:06,17:40,1:00,平日勤務
E009,2025/4/4,9:11,17:47,1:00,平日勤務
E009,2025/4/9,9:01,18:11,1:00,平日勤務
E009,2025/4/10,9:01,19:37,1:00,平日勤務
E009,2025/4/11,9:03,18:26,1:00,平日勤務
E009,2025/4/15,8:48,17:43,1:00,平日勤務
E009,2025/4/16,8:55,17:47,1:00,平日勤務
E009,2025/4/17,8:55,21:27,1:00,平日勤務
E009,2025/4/18,9:08,21:00,1:00,平日勤務
E009,2025/4/21,8:46,17:31,1:00,平日勤務
E009,2025/4/22,8:54,21:54,1:00,平日勤務
E009,2025/4/23,9:00,20:16,1:00,平日勤務
E009,2025/4/24,8:52,20:51,1:00,平日勤務
E009,2025/4/25,8:48,18:41,1:00,平日勤務
E009,2025/4/28,9:10,18:05,1:00,平日勤務
E009,2025/4/29,8:53,17:36,1:00,平日勤務
E009,2025/4/30,8:59,17:56,1:00,平日勤務
E009,2025/5/1,9:09,18:10,1:00,平日勤務
E009,2025/5/2,8:47,18:40,1:00,平日勤務
E009,2025/5/5,9:09,21:51,1:00,平日勤務
E009,2025/5/6,8:57,21:22,1:00,平日勤務
E009,2025/5/8,9:04,17:44,1:00,平日勤務
E009,2025/5/9,8:47,18:18,1:00,平日勤務
E009,2025/5/12,8:50,18:41,1:00,平日勤務
E009,2025/5/13,8:48,18:08,1:00,平日勤務
E009,2025/5/14,8:56,17:37,1:00,平日勤務
E009,2025/5/15,8:45,21:57,1:00,平日勤務
E009,2025/5/16,8:51,18:16,1:00,平日勤務
E009,2025/5/19,8:49,19:52,1:00,平日勤務
E009,2025/5/20,8:55,18:11,1:00,平日勤務
E009,2025/5/21,9:13,19:18,1:00,平日勤務
E009,2025/5/22,9:10,18:14,1:00,平日勤務
E009,2025/5/23,8:51,18:02,1:00,平日勤務
E009,2025/5/26,8:53,19:14,1:00,平日勤務
E009,2025/5/27,9:03,18:18,1:00,平日勤務
E009,2025/5/28,9:03,18:05,1:00,平日勤務
E009,2025/5/29,9:10,18:00,1:00,平日勤務
E009,2025/5/30,9:00,18:24,1:00,平日勤務
E009,2025/6/2,8:57,17:44,1:00,平日勤務
E009,2025/6/3,8:47,17:35,1:00,平日勤務
E009,2025/6/4,8:58,21:33,1:00,平日勤務
E009,2025/6/5,9:13,20:19,1:00,平日勤務
E009,2025/6/6,9:09,18:55,1:00,平日勤務
E009,2025/6/9,9:06,19:43,1:00,平日勤務
E009,2025/6/11,8:48,19:18,1:00,平日勤務
E009,2025/6/12,9:10,19:03,1:00,平日勤務
E009,2025/6/13,9:14,20:31,1:00,平日勤務
E009,2025/6/16,9:02,18:14,1:00,平日勤務
E009,2025/6/17,9:11,18:49,1:00,平日勤務
E009,2025/6/18,9:12,18:08,1:00,平日勤務
E009,2025/6/19,8:54,18:44,1:00,平日勤務
E009,2025/6/20,8:51,18:41,1:00,平日勤務
E009,2025/6/23,9:14,19:49,1:00,平日勤務
E009,2025/6/24,8:56,17:51,1:00,平日勤務
E009,2025/6/25,9:05,19:27,1:00,平日勤務
E009,2025/6/26,9:03,18:22,1:00,平日勤務
E009,2025/6/27,9:04,17:32,1:00,平日勤務
E009,2025/6/30,8:52,18:07,1:00,平日勤務
E009,2025/7/1,9:14,18:00,1:00,平日勤務
E009,2025/7/2,8:47,18:10,1:00,平日勤務
E009,2025/7/3,8:50,17:57,1:00,平日勤務
E009,2025/7/4,8:57,19:20,1:00,平日勤務
E009,2025/7/7,8:53,21:38,1:00,平日勤務
E009,2025/7/8,8:45,17:37,1:00,平日勤務
E009,2025/7/9,9:00,18:29,1:00,平日勤務
E009,2025/7/10,8:55,17:45,1:00,平日勤務
E009,2025/7/11,9:09,18:52,1:00,平日勤務
E009,2025/7/14,8:47,19:49,1:00,平日勤務
E009,2025/7/15,8:50,19:57,1:00,平日勤務
E009,2025/7/16,9:14,19:52,1:00,平日勤務
E009,2025/7/17,8:55,20:40,1:00,平日勤務
E009,2025/7/18,9:05,18:03,1:00,平日勤務
E009,2025/7/23,9:14,17:37,1:00,平日勤務
E009,2025/7/24,9:09,17:32,1:00,平日勤務
E009,2025/7/25,9:04,18:46,1:00,平日勤務
E009,2025/7/29,9:06,17:43,1:00,平日勤務
E009,2025/7/31,9:12,20:16,1:00,平日勤務
E009,2025/8/1,9:01,17:56,1:00,平日勤務
E009,2025/8/4,8:55,17:32,1:00,平日勤務
E009,2025/8/5,8:57,20:41,1:00,平日勤務
E009,2025/8/7,8:52,18:26,1:00,平日勤務
E009,2025/8/8,8:58,18:03,1:00,平日勤務
E009,2025/8/11,8:45,18:16,1:00,平日勤務
E009,2025/8/12,8:50,18:27,1:00,平日勤務
E009,2025/8/13,9:13,21:51,1:00,平日勤務
E009,2025/8/14,9:10,18:48,1:00,平日勤務
E009,2025/8/15,9:12,17:31,1:00,平日勤務
E009,2025/8/16,10:09,17:44,1:00,休日出勤
E009,2025/8/18,9:14,19:44,1:00,平日勤務
E009,2025/8/19,8:52,21:26,1:00,平日勤務
E009,2025/8/20,8:49,17:38,1:00,平日勤務
E009,2025/8/21,9:03,17:30,1:00,平日勤務
E009,2025/8/22,9:06,17:41,1:00,平日勤務
E009,2025/8/25,8:48,19:39,1:00,平日勤務
E009,2025/8/26,8:48,18:27,1:00,平日勤務
E009,2025/8/27,8:46,20:53,1:00,平日勤務
E009,2025/8/28,9:03,21:26,1:00,平日勤務
E009,2025/8/29,9:06,18:23,1:00,平日勤務
E009,2025/9/1,9:01,17:36,1:00,平日勤務
E009,2025/9/2,9:13,18:13,1:00,平日勤務
E009,2025/9/3,8:45,18:24,1:00,平日勤務
E009,2025/9/4,9:14,18:22,1:00,平日勤務
E009,2025/9/5,8:55,18:28,1:00,平日勤務
E009,2025/9/8,9:00,19:59,1:00,平日勤務
E009,2025/9/9,9:14,17:33,1:00,平日勤務
E009,2025/9/10,9:09,17:55,1:00,平日勤務
E009,2025/9/11,9:01,19:40,1:00,平日勤務
E009,2025/9/12,9:00,18:20,1:00,平日勤務
E009,2025/9/15,9:05,18:21,1:00,平日勤務
E009,2025/9/16,9:06,19:01,1:00,平日勤務
E009,2025/9/17,9:03,18:06,1:00,平日勤務
E009,2025/9/18,8:45,17:45,1:00,平日勤務
E009,2025/9/19,9:00,18:10,1:00,平日勤務
E009,2025/9/22,8:48,17:58,1:00,平日勤務
E009,2025/9/23,8:48,18:53,1:00,平日勤務
E009,2025/9/24,8:48,18:11,1:00,平日勤務
E009,2025/9/25,9:04,21:25,1:00,平日勤務
E009,2025/9/26,9:06,19:47,1:00,平日勤務
E009,2025/9/29,8:52,18:08,1:00,平日勤務
E009,2025/9/30,8:50,18:09,1:00,平日勤務
E009,2025/10/2,9:04,18:46,1:00,平日勤務
E009,2025/10/6,8:46,18:02,1:00,平日勤務
E009,2025/10/7,9:06,17:47,1:00,平日勤務
E009,2025/10/8,9:14,20:23,1:00,平日勤務
E009,2025/10/9,8:50,18:19,1:00,平日勤務
E009,2025/10/10,9:09,18:22,1:00,平日勤務
E009,2025/10/13,9:10,17:34,1:00,平日勤務
E009,2025/10/14,9:13,17:39,1:00,平日勤務
E009,2025/10/15,8:47,17:51,1:00,平日勤務
E009,2025/10/17,9:07,19:23,1:00,平日勤務
E009,2025/10/21,9:03,17:37,1:00,平日勤務
E009,2025/10/22,8:55,19:11,1:00,平日勤務
E009,2025/10/23,8:54,17:51,1:00,平日勤務
E009,2025/10/24,8:58,18:06,1:00,平日勤務
E009,2025/10/27,9:02,18:01,1:00,平日勤務
E009,2025/10/28,9:12,21:26,1:00,平日勤務
E009,2025/10/29,9:11,17:55,1:00,平日勤務
E009,2025/10/30,8:54,17:46,1:00,平日勤務
E009,2025/10/31,9:00,20:00,1:00,平日勤務
E009,2025/11/3,9:10,18:54,1:00,平日勤務
E009,2025/11/5,9:13,17:54,1:00,平日勤務
E009,2025/11/6,8:53,17:54,1:00,平日勤務
E009,2025/11/7,9:07,20:22,1:00,平日勤務
E009,2025/11/10,8:58,18:06,1:00,平日勤務
E009,2025/11/11,9:14,18:03,1:00,平日勤務
E009,2025/11/12,9:01,18:27,1:00,平日勤務
E009,2025/11/13,9:08,17:31,1:00,平日勤務
E009,2025/11/14,9:03,17:57,1:00,平日勤務
E009,2025/11/17,9:04,18:30,1:00,平日勤務
E009,2025/11/18,8:48,17:47,1:00,平日勤務
E009,2025/11/19,8:46,20:55,1:00,平日勤務
E009,2025/11/20,9:11,18:18,1:00,平日勤務
E009,2025/11/21,9:04,18:15,1:00,平日勤務
E009,2025/11/25,8:45,17:47,1:00,平日勤務
E009,2025/11/26,9:01,17:51,1:00,平日勤務
E009,2025/11/27,8:52,17:46,1:00,平日勤務
E009,2025/11/28,8:56,18:14,1:00,平日勤務
E009,2025/12/2,9:03,17:41,1:00,平日勤務
E009,2025/12/3,9:00,18:54,1:00,平日勤務
E009,2025/12/5,8:58,18:46,1:00,平日勤務
E009,2025/12/8,9:14,17:58,1:00,平日勤務
E009,2025/12/9,9:13,17:58,1:00,平日勤務
E009,2025/12/10,9:02,17:32,1:00,平日勤務
E009,2025/12/11,8:51,19:51,1:00,平日勤務
E009,2025/12/12,8:52,17:45,1:00,平日勤務
E009,2025/12/15,9:06,17:44,1:00,平日勤務
E009,2025/12/16,8:51,20:57,1:00,平日勤務
E009,2025/12/17,9:01,20:29,1:00,平日勤務
E009,2025/12/18,8:45,19:39,1:00,平日勤務
E009,2025/12/22,8:52,19:05,1:00,平日勤務
E009,2025/12/23,8:59,17:42,1:00,平日勤務
E009,2025/12/24,8:57,17:40,1:00,平日勤務
E009,2025/12/25,8:57,18:42,1:00,平日勤務
E009,2025/12/26,8:55,18:01,1:00,平日勤務
E009,2025/12/29,9:09,18:41,1:00,平日勤務
E009,2025/12/30,8:45,18:08,1:00,平日勤務
E009,2025/12/31,9:06,17:30,1:00,平日勤務
E010,2025/1/1,9:05,18:53,1:00,平日勤務
E010,2025/1/3,9:00,18:03,1:00,平日勤務
E010,2025/1/6,9:09,18:09,1:00,平日勤務
E010,2025/1/7,8:56,19:55,1:00,平日勤務
E010,2025/1/9,8:56,21:57,1:00,平日勤務
E010,2025/1/10,9:04,21:22,1:00,平日勤務
E010,2025/1/13,9:03,17:46,1:00,平日勤務
E010,2025/1/14,8:51,17:46,1:00,平日勤務
E010,2025/1/15,8:57,18:03,1:00,平日勤務
E010,2025/1/16,8:54,18:26,1:00,平日勤務
E010,2025/1/17,8:48,18:26,1:00,平日勤務
E010,2025/1/20,8:57,18:20,1:00,平日勤務
E010,2025/1/21,8:49,17:31,1:00,平日勤務
E010,2025/1/23,9:00,17:53,1:00,平日勤務
E010,2025/1/24,9:07,17:46,1:00,平日勤務
E010,2025/1/27,8:45,21:08,1:00,平日勤務
E010,2025/1/28,9:08,19:30,1:00,平日勤務
E010,2025/1/29,9:04,17:32,1:00,平日勤務
E010,2025/1/30,8:48,17:44,1:00,平日勤務
E010,2025/1/31,9:06,17:36,1:00,平日勤務
E010,2025/2/3,8:47,17:32,1:00,平日勤務
E010,2025/2/4,9:09,20:30,1:00,平日勤務
E010,2025/2/5,8:50,19:47,1:00,平日勤務
E010,2025/2/6,8:51,19:13,1:00,平日勤務
E010,2025/2/7,8:59,19:05,1:00,平日勤務
E010,2025/2/10,9:02,17:53,1:00,平日勤務
E010,2025/2/11,8:55,18:11,1:00,平日勤務
E010,2025/2/12,8:46,17:36,1:00,平日勤務
E010,2025/2/13,9:02,18:46,1:00,平日勤務
E010,2025/2/14,8:49,17:32,1:00,平日勤務
E010,2025/2/17,8:55,18:26,1:00,平日勤務
E010,2025/2/18,8:49,18:18,1:00,平日勤務
E010,2025/2/19,9:11,17:36,1:00,平日勤務
E010,2025/2/20,9:14,18:08,1:00,平日勤務
E010,2025/2/21,8:52,19:12,1:00,平日勤務
E010,2025/2/24,9:01,17:57,1:00,平日勤務
E010,2025/2/25,8:54,17:35,1:00,平日勤務
E010,2025/2/26,9:06,18:34,1:00,平日勤務
E010,2025/2/27,8:48,18:17,1:00,平日勤務
E010,2025/2/28,8:52,17:31,1:00,平日勤務
E010,2025/3/3,9:03,18:59,1:00,平日勤務
E010,2025/3/4,8:57,17:39,1:00,平日勤務
E010,2025/3/5,8:50,17:30,1:00,平日勤務
E010,2025/3/6,9:02,17:48,1:00,平日勤務
E010,2025/3/7,9:01,19:01,1:00,平日勤務
E010,2025/3/10,8:54,18:38,1:00,平日勤務
E010,2025/3/11,8:46,19:02,1:00,平日勤務
E010,2025/3/12,9:00,18:35,1:00,平日勤務
E010,2025/3/13,9:06,17:37,1:00,平日勤務
E010,2025/3/14,9:06,18:39,1:00,平日勤務
E010,2025/3/17,9:12,19:53,1:00,平日勤務
E010,2025/3/18,8:50,18:29,1:00,平日勤務
E010,2025/3/19,8:55,19:54,1:00,平日勤務
E010,2025/3/20,9:03,18:50,1:00,平日勤務
E010,2025/3/21,9:02,20:32,1:00,平日勤務
E010,2025/3/24,9:05,20:12,1:00,平日勤務
E010,2025/3/25,9:04,18:25,1:00,平日勤務
E010,2025/3/26,8:57,17:37,1:00,平日勤務
E010,2025/3/27,8:53,18:19,1:00,平日勤務
E010,2025/3/28,9:09,20:55,1:00,平日勤務
E010,2025/3/31,8:45,18:14,1:00,平日勤務
E010,2025/4/2,9:02,18:27,1:00,平日勤務
E010,2025/4/4,9:11,18:20,1:00,平日勤務
E010,2025/4/7,8:50,17:33,1:00,平日勤務
E010,2025/4/8,9:13,19:28,1:00,平日勤務
E010,2025/4/9,9:14,19:56,1:00,平日勤務
E010,2025/4/10,9:04,17:45,1:00,平日勤務
E010,2025/4/11,8:48,17:41,1:00,平日勤務
E010,2025/4/14,8:57,18:17,1:00,平日勤務
E010,2025/4/15,8:50,21:08,1:00,平日勤務
E010,2025/4/16,8:55,17:36,1:00,平日勤務
E010,2025/4/17,8:51,19:34,1:00,平日勤務
E010,2025/4/18,9:06,17:35,1:00,平日勤務
E010,2025/4/22,9:04,21:02,1:00,平日勤務
E010,2025/4/23,8:55,18:23,1:00,平日勤務
E010,2025/4/24,9:13,17:41,1:00,平日勤務
E010,2025/4/25,8:53,17:55,1:00,平日勤務
E010,2025/4/28,9:04,18:22,1:00,平日勤務
E010,2025/4/29,9:14,21:30,1:00,平日勤務
E010,2025/4/30,9:06,17:59,1:00,平日勤務
E010,2025/5/1,8:58,17:49,1:00,平日勤務
E010,2025/5/2,9:00,18:23,1:00,平日勤務
E010,2025/5/5,8:49,18:56,1:00,平日勤務
E010,2025/5/7,9:04,18:22,1:00,平日勤務
E010,2025/5/8,9:08,17:49,1:00,平日勤務
E010,2025/5/9,9:09,18:29,1:00,平日勤務
E010,2025/5/12,9:11,17:38,1:00,平日勤務
E010,2025/5/13,8:55,18:20,1:00,平日勤務
E010,2025/5/14,9:08,19:34,1:00,平日勤務
E010,2025/5/15,8:59,17:57,1:00,平日勤務
E010,2025/5/16,8:52,17:57,1:00,平日勤務
E010,2025/5/19,8:45,18:36,1:00,平日勤務
E010,2025/5/20,8:52,17:31,1:00,平日勤務
E010,2025/5/21,8:51,18:03,1:00,平日勤務
E010,2025/5/22,9:09,17:34,1:00,平日勤務
E010,2025/5/23,8:56,17:47,1:00,平日勤務
E010,2025/5/25,10:15,15:48,1:00,休日出勤
E010,2025/5/26,8:57,18:28,1:00,平日勤務
E010,2025/5/27,8:54,17:55,1:00,平日勤務
E010,2025/5/28,8:51,17:39,1:00,平日勤務
E010,2025/5/30,9:11,18:05,1:00,平日勤務
E010,2025/6/2,9:14,18:00,1:00,平日勤務
E010,2025/6/3,9:07,17:44,1:00,平日勤務
E010,2025/6/4,8:46,18:29,1:00,平日勤務
E010,2025/6/6,8:57,17:53,1:00,平日勤務
E010,2025/6/9,8:45,17:49,1:00,平日勤務
E010,2025/6/10,9:12,18:18,1:00,平日勤務
E010,2025/6/11,9:10,18:14,1:00,平日勤務
E010,2025/6/12,9:01,18:15,1:00,平日勤務
E010,2025/6/16,8:46,19:33,1:00,平日勤務
E010,2025/6/18,8:53,18:57,1:00,平日勤務
E010,2025/6/19,8:58,18:01,1:00,平日勤務
E010,2025/6/20,8:59,18:29,1:00,平日勤務
E010,2025/6/23,9:04,17:52,1:00,平日勤務
E010,2025/6/24,8:51,18:58,1:00,平日勤務
E010,2025/6/25,8:49,17:41,1:00,平日勤務
E010,2025/6/30,8:54,18:03,1:00,平日勤務
E010,2025/7/1,8:59,19:44,1:00,平日勤務
E010,2025/7/3,8:50,18:28,1:00,平日勤務
E010,2025/7/4,9:14,21:59,1:00,平日勤務
E010,2025/7/7,8:50,18:58,1:00,平日勤務
E010,2025/7/8,8:46,18:00,1:00,平日勤務
E010,2025/7/9,9:03,21:04,1:00,平日勤務
E010,2025/7/10,9:13,20:07,1:00,平日勤務
E010,2025/7/11,9:14,18:12,1:00,平日勤務
E010,2025/7/14,8:53,17:51,1:00,平日勤務
E010,2025/7/15,9:07,18:42,1:00,平日勤務
E010,2025/7/16,8:54,18:17,1:00,平日勤務
E010,2025/7/21,8:52,17:33,1:00,平日勤務
E010,2025/7/22,8:52,17:49,1:00,平日勤務
E010,2025/7/23,8:55,18:21,1:00,平日勤務
E010,2025/7/24,8:57,17:50,1:00,平日勤務
E010,2025/7/25,8:56,18:53,1:00,平日勤務
E010,2025/7/28,9:00,18:18,1:00,平日勤務
E010,2025/7/29,9:12,18:04,1:00,平日勤務
E010,2025/7/30,8:57,17:38,1:00,平日勤務
E010,2025/7/31,8:52,18:12,1:00,平日勤務
E010,2025/8/1,9:01,17:55,1:00,平日勤務
E010,2025/8/4,9:14,18:54,1:00,平日勤務
E010,2025/8/6,8:47,18:58,1:00,平日勤務
E010,2025/8/7,9:03,17:58,1:00,平日勤務
E010,2025/8/8,9:04,18:54,1:00,平日勤務
E010,2025/8/11,9:13,20:57,1:00,平日勤務
E010,2025/8/12,9:14,18:14,1:00,平日勤務
E010,2025/8/13,8:55,17:57,1:00,平日勤務
E010,2025/8/14,9:09,17:31,1:00,平日勤務
E010,2025/8/15,9:12,18:48,1:00,平日勤務
E010,2025/8/18,9:13,17:47,1:00,平日勤務
E010,2025/8/19,9:11,18:13,1:00,平日勤務
E010,2025/8/20,9:12,18:18,1:00,平日勤務
E010,2025/8/22,9:11,18:03,1:00,平日勤務
E010,2025/8/23,9:24,17:02,1:00,休日出勤
E010,2025/8/25,9:09,18:02,1:00,平日勤務
E010,2025/8/26,8:53,18:01,1:00,平日勤務
E010,2025/8/27,8:49,18:35,1:00,平日勤務
E010,2025/8/28,8:45,21:29,1:00,平日勤務
E010,2025/9/1,9:14,18:34,1:00,平日勤務
E010,2025/9/2,8:48,18:31,1:00,平日勤務
E010,2025/9/3,9:02,17:57,1:00,平日勤務
E010,2025/9/4,8:48,20:33,1:00,平日勤務
E010,2025/9/5,8:47,18:10,1:00,平日勤務
E010,2025/9/8,8:51,17:44,1:00,平日勤務
E010,2025/9/9,9:04,17:48,1:00,平日勤務
E010,2025/9/10,9:01,18:16,1:00,平日勤務
E010,2025/9/11,8:51,17:30,1:00,平日勤務
E010,2025/9/12,9:03,17:37,1:00,平日勤務
E010,2025/9/15,9:10,18:21,1:00,平日勤務
E010,2025/9/16,8:57,18:16,1:00,平日勤務
E010,2025/9/17,8:51,18:46,1:00,平日勤務
E010,2025/9/18,9:06,18:11,1:00,平日勤務
E010,2025/9/19,9:09,17:33,1:00,平日勤務
E010,2025/9/22,9:14,17:57,1:00,平日勤務
E010,2025/9/23,9:02,17:46,1:00,平日勤務
E010,2025/9/24,9:14,18:50,1:00,平日勤務
E010,2025/9/25,8:46,18:26,1:00,平日勤務
E010,2025/9/26,8:47,18:05,1:00,平日勤務
E010,2025/9/29,9:05,20:52,1:00,平日勤務
E010,2025/9/30,9:07,19:42,1:00,平日勤務
E010,2025/10/1,8:55,18:30,1:00,平日勤務
E010,2025/10/2,8:55,17:41,1:00,平日勤務
E010,2025/10/3,9:03,17:44,1:00,平日勤務
E010,2025/10/7,9:07,18:16,1:00,平日勤務
E010,2025/10/8,9:05,18:19,1:00,平日勤務
E010,2025/10/9,8:59,18:14,1:00,平日勤務
E010,2025/10/10,9:07,20:04,1:00,平日勤務
E010,2025/10/13,8:48,17:39,1:00,平日勤務
E010,2025/10/14,8:54,18:18,1:00,平日勤務
E010,2025/10/15,8:57,21:04,1:00,平日勤務
E010,2025/10/16,8:51,19:23,1:00,平日勤務
E010,2025/10/17,8:52,17:52,1:00,平日勤務
E010,2025/10/20,8:55,19:07,1:00,平日勤務
E010,2025/10/21,9:14,18:41,1:00,平日勤務
E010,2025/10/22,9:04,18:37,1:00,平日勤務
E010,2025/10/24,8:49,18:06,1:00,平日勤務
E010,2025/10/27,9:08,17:45,1:00,平日勤務
E010,2025/10/28,9:13,17:32,1:00,平日勤務
E010,2025/10/29,8:45,17:43,1:00,平日勤務
E010,2025/10/30,8:50,17:33,1:00,平日勤務
E010,2025/10/31,8:46,18:26,1:00,平日勤務
E010,2025/11/3,8:53,18:02,1:00,平日勤務
E010,2025/11/4,8:58,17:30,1:00,平日勤務
E010,2025/11/5,8:48,21:31,1:00,平日勤務
E010,2025/11/6,8:47,21:55,1:00,平日勤務
E010,2025/11/10,9:07,19:02,1:00,平日勤務
E010,2025/11/11,9:04,17:36,1:00,平日勤務
E010,2025/11/12,9:04,17:40,1:00,平日勤務
E010,2025/11/13,8:55,18:25,1:00,平日勤務
E010,2025/11/14,9:09,18:06,1:00,平日勤務
E010,2025/11/17,8:48,19:03,1:00,平日勤務
E010,2025/11/18,8:58,19:00,1:00,平日勤務
E010,2025/11/19,8:54,19:39,1:00,平日勤務
E010,2025/11/20,8:54,17:57,1:00,平日勤務
E010,2025/11/24,9:03,18:50,1:00,平日勤務
E010,2025/11/25,8:55,17:50,1:00,平日勤務
E010,2025/11/26,8:52,21:35,1:00,平日勤務
E010,2025/11/27,8:46,18:49,1:00,平日勤務
E010,2025/11/28,9:09,17:45,1:00,平日勤務
E010,2025/12/2,8:51,18:12,1:00,平日勤務
E010,2025/12/3,8:57,20:44,1:00,平日勤務
E010,2025/12/5,9:03,17:50,1:00,平日勤務
E010,2025/12/8,9:02,18:46,1:00,平日勤務
E010,2025/12/9,8:47,18:09,1:00,平日勤務
E010,2025/12/10,9:03,18:52,1:00,平日勤務
E010,2025/12/11,9:01,20:16,1:00,平日勤務
E010,2025/12/12,9:14,17:52,1:00,平日勤務
E010,2025/12/15,9:04,18:35,1:00,平日勤務
E010,2025/12/16,8:55,17:30,1:00,平日勤務
E010,2025/12/17,8:55,17:55,1:00,平日勤務
E010,2025/12/18,8:45,20:03,1:00,平日勤務
E010,2025/12/19,9:05,18:09,1:00,平日勤務
E010,2025/12/22,8:50,17:55,1:00,平日勤務
E010,2025/12/23,8:59,18:27,1:00,平日勤務
E010,2025/12/24,8:51,18:23,1:00,平日勤務
E010,2025/12/25,9:05,19:12,1:00,平日勤務
E010,2025/12/26,9:13,18:25,1:00,平日勤務
E010,2025/12/30,9:13,20:10,1:00,平日勤務
E010,2025/12/31,9:11,19:15,1:00,平日勤務
E011,2025/1/1,8:47,19:48,1:00,平日勤務
E011,2025/1/3,8:59,21:53,1:00,平日勤務
E011,2025/1/6,8:53,18:39,1:00,平日勤務
E011,2025/1/8,9:02,20:16,1:00,平日勤務
E011,2025/1/9,9:09,18:57,1:00,平日勤務
E011,2025/1/10,9:07,19:22,1:00,平日勤務
E011,2025/1/13,8:55,18:46,1:00,平日勤務
E011,2025/1/14,9:11,20:18,1:00,平日勤務
E011,2025/1/16,9:04,19:47,1:00,平日勤務
E011,2025/1/17,9:06,19:31,1:00,平日勤務
E011,2025/1/20,8:51,18:19,1:00,平日勤務
E011,2025/1/22,9:01,18:32,1:00,平日勤務
E011,2025/1/23,9:09,21:29,1:00,平日勤務
E011,2025/1/24,9:08,18:02,1:00,平日勤務
E011,2025/1/27,9:12,18:24,1:00,平日勤務
E011,2025/1/28,9:13,18:42,1:00,平日勤務
E011,2025/1/29,9:05,17:32,1:00,平日勤務
E011,2025/1/30,9:09,18:52,1:00,平日勤務
E011,2025/1/31,9:04,17:35,1:00,平日勤務
E011,2025/2/3,8:48,18:29,1:00,平日勤務
E011,2025/2/4,9:04,17:59,1:00,平日勤務
E011,2025/2/6,9:08,21:47,1:00,平日勤務
E011,2025/2/7,9:08,21:35,1:00,平日勤務
E011,2025/2/10,8:52,20:44,1:00,平日勤務
E011,2025/2/11,8:45,17:42,1:00,平日勤務
E011,2025/2/12,9:09,18:08,1:00,平日勤務
E011,2025/2/14,8:54,18:31,1:00,平日勤務
E011,2025/2/17,8:57,20:51,1:00,平日勤務
E011,2025/2/18,9:13,17:53,1:00,平日勤務
E011,2025/2/19,9:09,18:01,1:00,平日勤務
E011,2025/2/21,8:50,17:52,1:00,平日勤務
E011,2025/2/25,9:14,19:05,1:00,平日勤務
E011,2025/2/26,8:46,17:35,1:00,平日勤務
E011,2025/2/27,9:12,19:26,1:00,平日勤務
E011,2025/2/28,8:59,18:00,1:00,平日勤務
E011,2025/3/3,8:52,18:14,1:00,平日勤務
E011,2025/3/4,8:48,18:24,1:00,平日勤務
E011,2025/3/5,8:50,17:50,1:00,平日勤務
E011,2025/3/6,8:45,17:31,1:00,平日勤務
E011,2025/3/7,8:49,20:52,1:00,平日勤務
E011,2025/3/10,8:55,17:41,1:00,平日勤務
E011,2025/3/11,9:08,18:14,1:00,平日勤務
E011,2025/3/12,8:50,18:07,1:00,平日勤務
E011,2025/3/13,8:53,17:34,1:00,平日勤務
E011,2025/3/14,8:52,20:17,1:00,平日勤務
E011,2025/3/17,8:56,18:12,1:00,平日勤務
E011,2025/3/18,8:51,17:30,1:00,平日勤務
E011,2025/3/19,8:49,17:50,1:00,平日勤務
E011,2025/3/20,8:46,18:01,1:00,平日勤務
E011,2025/3/21,9:12,20:38,1:00,平日勤務
E011,2025/3/24,8:46,17:37,1:00,平日勤務
E011,2025/3/26,8:47,18:43,1:00,平日勤務
E011,2025/3/27,9:08,20:49,1:00,平日勤務
E011,2025/3/28,9:08,18:05,1:00,平日勤務
E011,2025/3/31,9:06,18:01,1:00,平日勤務
E011,2025/4/1,8:58,19:43,1:00,平日勤務
E011,2025/4/2,8:55,18:59,1:00,平日勤務
E011,2025/4/3,9:07,21:27,1:00,平日勤務
E011,2025/4/4,9:02,21:09,1:00,平日勤務
E011,2025/4/7,8:56,17:54,1:00,平日勤務
E011,2025/4/8,9:09,21:04,1:00,平日勤務
E011,2025/4/9,9:04,19:56,1:00,平日勤務
E011,2025/4/10,9:02,21:57,1:00,平日勤務
E011,2025/4/11,8:51,21:02,1:00,平日勤務
E011,2025/4/14,8:50,19:31,1:00,平日勤務
E011,2025/4/15,8:56,18:20,1:00,平日勤務
E011,2025/4/16,9:11,18:17,1:00,平日勤務
E011,2025/4/17,9:05,21:15,1:00,平日勤務
E011,2025/4/21,8:55,17:35,1:00,平日勤務
E011,2025/4/22,9:14,17:43,1:00,平日勤務
E011,2025/4/23,9:01,21:10,1:00,平日勤務
E011,2025/4/25,8:56,20:00,1:00,平日勤務
E011,2025/4/28,9:10,17:30,1:00,平日勤務
E011,2025/4/29,9:00,17:42,1:00,平日勤務
E011,2025/4/30,8:46,17:53,1:00,平日勤務
E011,2025/5/1,9:04,20:11,1:00,平日勤務
E011,2025/5/2,8:49,18:08,1:00,平日勤務
E011,2025/5/5,8:51,18:23,1:00,平日勤務
E011,2025/5/7,9:08,18:15,1:00,平日勤務
E011,2025/5/8,8:57,19:25,1:00,平日勤務
E011,2025/5/9,8:57,17:40,1:00,平日勤務
E011,2025/5/12,9:02,17:57,1:00,平日勤務
E011,2025/5/13,8:45,17:33,1:00,平日勤務
E011,2025/5/14,8:54,18:10,1:00,平日勤務
E011,2025/5/15,9:03,19:58,1:00,平日勤務
E011,2025/5/16,9:08,21:52,1:00,平日勤務
E011,2025/5/18,9:13,15:49,1:00,休日出勤
E011,2025/5/19,8:54,19:50,1:00,平日勤務
E011,2025/5/20,8:46,18:34,1:00,平日勤務
E011,2025/5/21,9:07,20:07,1:00,平日勤務
E011,2025/5/22,9:11,17:43,1:00,平日勤務
E011,2025/5/23,9:05,19:36,1:00,平日勤務
E011,2025/5/26,8:55,17:31,1:00,平日勤務
E011,2025/5/27,9:08,17:56,1:00,平日勤務
E011,2025/5/28,8:57,18:07,1:00,平日勤務
E011,2025/5/29,8:55,18:20,1:00,平日勤務
E011,2025/5/30,9:03,18:04,1:00,平日勤務
E011,2025/6/2,9:12,18:16,1:00,平日勤務
E011,2025/6/3,9:03,18:23,1:00,平日勤務
E011,2025/6/4,9:12,17:36,1:00,平日勤務
E011,2025/6/6,8:57,19:17,1:00,平日勤務
E011,2025/6/9,9:09,18:00,1:00,平日勤務
E011,2025/6/11,8:45,18:16,1:00,平日勤務
E011,2025/6/12,9:14,17:34,1:00,平日勤務
E011,2025/6/13,9:00,18:41,1:00,平日勤務
E011,2025/6/16,9:03,18:32,1:00,平日勤務
E011,2025/6/17,9:01,18:00,1:00,平日勤務
E011,2025/6/18,8:55,18:39,1:00,平日勤務
E011,2025/6/19,8:53,18:57,1:00,平日勤務
E011,2025/6/20,9:05,21:33,1:00,平日勤務
E011,2025/6/22,10:14,18:08,1:00,休日出勤
E011,2025/6/23,9:04,17:57,1:00,平日勤務
E011,2025/6/24,9:02,17:51,1:00,平日勤務
E011,2025/6/25,9:02,19:29,1:00,平日勤務
E011,2025/6/26,8:56,18:01,1:00,平日勤務
E011,2025/6/27,9:05,21:30,1:00,平日勤務
E011,2025/6/30,9:09,18:18,1:00,平日勤務
E011,2025/7/1,9:11,18:06,1:00,平日勤務
E011,2025/7/2,9:09,18:18,1:00,平日勤務
E011,2025/7/3,9:06,18:22,1:00,平日勤務
E011,2025/7/4,8:45,17:33,1:00,平日勤務
E011,2025/7/7,9:07,18:28,1:00,平日勤務
E011,2025/7/8,9:11,18:07,1:00,平日勤務
E011,2025/7/9,8:50,18:19,1:00,平日勤務
E011,2025/7/10,9:07,21:50,1:00,平日勤務
E011,2025/7/11,8:51,18:45,1:00,平日勤務
E011,2025/7/13,10:19,16:13,1:00,休日出勤
E011,2025/7/14,8:55,18:45,1:00,平日勤務
E011,2025/7/15,8:54,20:40,1:00,平日勤務
E011,2025/7/16,8:49,18:55,1:00,平日勤務
E011,2025/7/17,8:47,20:00,1:00,平日勤務
E011,2025/7/18,9:06,18:08,1:00,平日勤務
E011,2025/7/21,8:59,18:16,1:00,平日勤務
E011,2025/7/22,8:50,18:04,1:00,平日勤務
E011,2025/7/24,9:06,20:01,1:00,平日勤務
E011,2025/7/25,8:47,17:33,1:00,平日勤務
E011,2025/7/28,9:10,17:47,1:00,平日勤務
E011,2025/7/29,9:07,18:15,1:00,平日勤務
E011,2025/7/30,8:56,17:37,1:00,平日勤務
E011,2025/7/31,9:04,18:23,1:00,平日勤務
E011,2025/8/1,8:53,21:11,1:00,平日勤務
E011,2025/8/4,8:49,18:26,1:00,平日勤務
E011,2025/8/5,8:46,19:21,1:00,平日勤務
E011,2025/8/6,9:13,18:23,1:00,平日勤務
E011,2025/8/7,8:59,20:06,1:00,平日勤務
E011,2025/8/11,9:11,18:20,1:00,平日勤務
E011,2025/8/12,9:04,18:07,1:00,平日勤務
E011,2025/8/13,9:10,17:37,1:00,平日勤務
E011,2025/8/14,8:50,20:56,1:00,平日勤務
E011,2025/8/15,8:57,20:37,1:00,平日勤務
E011,2025/8/18,8:59,21:33,1:00,平日勤務
E011,2025/8/19,9:12,17:55,1:00,平日勤務
E011,2025/8/20,8:45,17:39,1:00,平日勤務
E011,2025/8/21,8:54,18:00,1:00,平日勤務
E011,2025/8/22,9:10,18:00,1:00,平日勤務
E011,2025/8/23,9:25,15:53,1:00,休日出勤
E011,2025/8/25,9:12,17:34,1:00,平日勤務
E011,2025/8/27,9:12,18:21,1:00,平日勤務
E011,2025/8/28,9:13,19:06,1:00,平日勤務
E011,2025/8/29,8:57,17:42,1:00,平日勤務
E011,2025/9/1,8:50,18:01,1:00,平日勤務
E011,2025/9/2,9:00,18:32,1:00,平日勤務
E011,2025/9/3,8:58,17:44,1:00,平日勤務
E011,2025/9/4,8:56,17:33,1:00,平日勤務
E011,2025/9/5,9:04,21:16,1:00,平日勤務
E011,2025/9/8,8:56,18:38,1:00,平日勤務
E011,2025/9/9,8:46,18:02,1:00,平日勤務
E011,2025/9/10,9:01,17:43,1:00,平日勤務
E011,2025/9/11,9:04,17:46,1:00,平日勤務
E011,2025/9/15,9:00,19:36,1:00,平日勤務
E011,2025/9/16,9:03,18:46,1:00,平日勤務
E011,2025/9/17,9:05,18:13,1:00,平日勤務
E011,2025/9/18,8:57,18:15,1:00,平日勤務
E011,2025/9/19,9:02,17:55,1:00,平日勤務
E011,2025/9/22,8:55,18:08,1:00,平日勤務
E011,2025/9/23,9:02,18:03,1:00,平日勤務
E011,2025/9/24,8:59,18:48,1:00,平日勤務
E011,2025/9/25,8:49,19:16,1:00,平日勤務
E011,2025/9/26,8:53,21:55,1:00,平日勤務
E011,2025/9/30,8:56,18:24,1:00,平日勤務
E011,2025/10/1,9:08,21:42,1:00,平日勤務
E011,2025/10/2,9:09,18:02,1:00,平日勤務
E011,2025/10/3,8:48,19:48,1:00,平日勤務
E011,2025/10/6,9:11,17:43,1:00,平日勤務
E011,2025/10/7,9:14,21:21,1:00,平日勤務
E011,2025/10/8,8:56,18:18,1:00,平日勤務
E011,2025/10/9,9:06,21:37,1:00,平日勤務
E011,2025/10/10,8:59,18:18,1:00,平日勤務
E011,2025/10/13,9:10,17:56,1:00,平日勤務
E011,2025/10/14,8:46,18:05,1:00,平日勤務
E011,2025/10/15,8:59,17:44,1:00,平日勤務
E011,2025/10/16,8:48,17:42,1:00,平日勤務
E011,2025/10/17,9:11,21:08,1:00,平日勤務
E011,2025/10/21,9:08,17:55,1:00,平日勤務
E011,2025/10/22,8:47,18:05,1:00,平日勤務
E011,2025/10/23,9:12,18:15,1:00,平日勤務
E011,2025/10/24,8:47,17:56,1:00,平日勤務
E011,2025/10/28,8:56,18:22,1:00,平日勤務
E011,2025/10/29,8:55,18:33,1:00,平日勤務
E011,2025/10/30,9:08,19:23,1:00,平日勤務
E011,2025/10/31,9:12,19:34,1:00,平日勤務
E011,2025/11/3,9:02,17:32,1:00,平日勤務
E011,2025/11/4,8:55,18:17,1:00,平日勤務
E011,2025/11/5,9:12,20:07,1:00,平日勤務
E011,2025/11/6,8:59,18:15,1:00,平日勤務
E011,2025/11/7,8:51,19:35,1:00,平日勤務
E011,2025/11/10,8:49,18:48,1:00,平日勤務
E011,2025/11/11,9:12,18:25,1:00,平日勤務
E011,2025/11/12,9:06,17:32,1:00,平日勤務
E011,2025/11/13,8:45,18:14,1:00,平日勤務
E011,2025/11/14,9:10,20:35,1:00,平日勤務
E011,2025/11/17,9:03,18:44,1:00,平日勤務
E011,2025/11/18,9:07,19:49,1:00,平日勤務
E011,2025/11/19,8:54,17:46,1:00,平日勤務
E011,2025/11/20,8:50,18:02,1:00,平日勤務
E011,2025/11/21,9:13,20:55,1:00,平日勤務
E011,2025/11/24,9:02,19:08,1:00,平日勤務
E011,2025/11/25,8:52,18:23,1:00,平日勤務
E011,2025/11/26,8:53,19:21,1:00,平日勤務
E011,2025/11/27,8:51,17:42,1:00,平日勤務
E011,2025/11/28,8:57,20:03,1:00,平日勤務
E011,2025/12/1,8:56,18:17,1:00,平日勤務
E011,2025/12/2,9:13,17:41,1:00,平日勤務
E011,2025/12/3,8:49,18:38,1:00,平日勤務
E011,2025/12/5,8:51,21:14,1:00,平日勤務
E011,2025/12/8,8:56,18:23,1:00,平日勤務
E011,2025/12/10,8:56,17:38,1:00,平日勤務
E011,2025/12/11,8:59,18:03,1:00,平日勤務
E011,2025/12/12,9:14,19:53,1:00,平日勤務
E011,2025/12/15,8:58,17:30,1:00,平日勤務
E011,2025/12/16,8:59,18:04,1:00,平日勤務
E011,2025/12/17,8:57,21:33,1:00,平日勤務
E011,2025/12/19,8:49,20:46,1:00,平日勤務
E011,2025/12/22,8:52,17:55,1:00,平日勤務
E011,2025/12/23,9:01,20:59,1:00,平日勤務
E011,2025/12/24,9:01,18:22,1:00,平日勤務
E011,2025/12/26,9:00,18:20,1:00,平日勤務
E011,2025/12/29,9:08,17:48,1:00,平日勤務
E011,2025/12/30,9:06,18:00,1:00,平日勤務
E011,2025/12/31,9:07,20:06,1:00,平日勤務
E012,2025/1/2,9:00,19:49,1:00,平日勤務
E012,2025/1/3,8:56,18:04,1:00,平日勤務
E012,2025/1/5,10:04,18:10,1:00,休日出勤
E012,2025/1/6,9:12,18:12,1:00,平日勤務
E012,2025/1/7,8:49,17:45,1:00,平日勤務
E012,2025/1/8,8:55,17:42,1:00,平日勤務
E012,2025/1/9,9:12,17:43,1:00,平日勤務
E012,2025/1/10,8:46,17:43,1:00,平日勤務
E012,2025/1/13,8:46,18:39,1:00,平日勤務
E012,2025/1/14,9:13,17:54,1:00,平日勤務
E012,2025/1/15,8:59,17:59,1:00,平日勤務
E012,2025/1/16,9:02,21:24,1:00,平日勤務
E012,2025/1/17,9:11,20:37,1:00,平日勤務
E012,2025/1/20,9:00,18:12,1:00,平日勤務
E012,2025/1/21,9:06,17:46,1:00,平日勤務
E012,2025/1/23,8:50,17:42,1:00,平日勤務
E012,2025/1/24,8:55,17:47,1:00,平日勤務
E012,2025/1/27,9:00,18:16,1:00,平日勤務
E012,2025/1/28,8:51,18:53,1:00,平日勤務
E012,2025/1/29,9:10,18:49,1:00,平日勤務
E012,2025/1/30,9:09,17:59,1:00,平日勤務
E012,2025/1/31,8:57,17:58,1:00,平日勤務
E012,2025/2/3,9:04,17:57,1:00,平日勤務
E012,2025/2/4,8:49,19:38,1:00,平日勤務
E012,2025/2/5,9:11,18:55,1:00,平日勤務
E012,2025/2/6,9:05,19:36,1:00,平日勤務
E012,2025/2/7,8:58,18:14,1:00,平日勤務
E012,2025/2/10,8:58,18:41,1:00,平日勤務
E012,2025/2/11,9:08,19:44,1:00,平日勤務
E012,2025/2/12,9:10,17:48,1:00,平日勤務
E012,2025/2/13,9:11,17:44,1:00,平日勤務
E012,2025/2/14,9:09,17:30,1:00,平日勤務
E012,2025/2/18,9:13,20:42,1:00,平日勤務
E012,2025/2/20,8:51,19:06,1:00,平日勤務
E012,2025/2/21,8:49,18:06,1:00,平日勤務
E012,2025/2/24,8:59,17:34,1:00,平日勤務
E012,2025/2/25,9:03,18:02,1:00,平日勤務
E012,2025/2/26,8:57,18:01,1:00,平日勤務
E012,2025/2/27,9:00,21:23,1:00,平日勤務
E012,2025/2/28,8:54,17:37,1:00,平日勤務
E012,2025/3/3,8:58,18:20,1:00,平日勤務
E012,2025/3/4,8:51,17:52,1:00,平日勤務
E012,2025/3/5,9:01,20:15,1:00,平日勤務
E012,2025/3/6,9:11,20:52,1:00,平日勤務
E012,2025/3/7,8:52,18:23,1:00,平日勤務
E012,2025/3/10,8:58,18:34,1:00,平日勤務
E012,2025/3/12,8:50,18:18,1:00,平日勤務
E012,2025/3/13,9:14,18:06,1:00,平日勤務
E012,2025/3/14,8:59,17:43,1:00,平日勤務
E012,2025/3/17,8:57,20:36,1:00,平日勤務
E012,2025/3/18,8:47,17:42,1:00,平日勤務
E012,2025/3/19,9:04,18:27,1:00,平日勤務
E012,2025/3/20,8:55,18:08,1:00,平日勤務
E012,2025/3/21,9:06,18:18,1:00,平日勤務
E012,2025/3/25,9:04,18:23,1:00,平日勤務
E012,2025/3/26,9:02,17:42,1:00,平日勤務
E012,2025/3/27,9:01,17:57,1:00,平日勤務
E012,2025/3/28,8:49,18:19,1:00,平日勤務
E012,2025/3/31,9:00,17:52,1:00,平日勤務
E012,2025/4/1,9:03,18:25,1:00,平日勤務
E012,2025/4/2,8:47,18:19,1:00,平日勤務
E012,2025/4/3,9:00,19:36,1:00,平日勤務
E012,2025/4/4,8:55,18:50,1:00,平日勤務
E012,2025/4/7,8:58,17:46,1:00,平日勤務
E012,2025/4/8,8:49,18:41,1:00,平日勤務
E012,2025/4/9,8:58,18:07,1:00,平日勤務
E012,2025/4/10,9:11,18:48,1:00,平日勤務
E012,2025/4/11,9:09,19:55,1:00,平日勤務
E012,2025/4/15,9:09,18:02,1:00,平日勤務
E012,2025/4/16,9:13,18:00,1:00,平日勤務
E012,2025/4/17,9:11,18:28,1:00,平日勤務
E012,2025/4/18,9:11,18:10,1:00,平日勤務
E012,2025/4/20,10:15,15:03,1:00,休日出勤
E012,2025/4/21,8:58,17:36,1:00,平日勤務
E012,2025/4/22,9:03,17:49,1:00,平日勤務
E012,2025/4/23,8:52,17:36,1:00,平日勤務
E012,2025/4/24,8:49,18:29,1:00,平日勤務
E012,2025/4/25,9:05,17:43,1:00,平日勤務
E012,2025/4/28,8:49,19:03,1:00,平日勤務
E012,2025/4/29,9:00,21:53,1:00,平日勤務
E012,2025/4/30,8:49,18:12,1:00,平日勤務
E012,2025/5/1,9:03,19:20,1:00,平日勤務
E012,2025/5/2,9:14,18:43,1:00,平日勤務
E012,2025/5/5,8:52,17:52,1:00,平日勤務
E012,2025/5/6,8:54,18:44,1:00,平日勤務
E012,2025/5/7,8:58,17:42,1:00,平日勤務
E012,2025/5/8,9:08,19:20,1:00,平日勤務
E012,2025/5/9,8:48,19:31,1:00,平日勤務
E012,2025/5/12,8:47,18:13,1:00,平日勤務
E012,2025/5/13,8:50,18:21,1:00,平日勤務
E012,2025/5/14,9:05,18:33,1:00,平日勤務
E012,2025/5/15,8:47,17:30,1:00,平日勤務
E012,2025/5/16,9:02,21:59,1:00,平日勤務
E012,2025/5/19,8:45,17:44,1:00,平日勤務
E012,2025/5/20,9:01,19:39,1:00,平日勤務
E012,2025/5/21,9:03,18:08,1:00,平日勤務
E012,2025/5/22,8:55,20:32,1:00,平日勤務
E012,2025/5/23,9:07,17:48,1:00,平日勤務
E012,2025/5/25,9:09,15:02,1:00,休日出勤
E012,2025/5/26,8:51,17:40,1:00,平日勤務
E012,2025/5/27,8:47,18:02,1:00,平日勤務
E012,2025/5/28,8:55,17:31,1:00,平日勤務
E012,2025/5/29,9:02,17:57,1:00,平日勤務
E012,2025/5/30,8:57,19:32,1:00,平日勤務
E012,2025/6/2,8:58,21:38,1:00,平日勤務
E012,2025/6/4,9:04,20:07,1:00,平日勤務
E012,2025/6/5,9:03,17:33,1:00,平日勤務
E012,2025/6/6,8:52,19:05,1:00,平日勤務
E012,2025/6/9,9:11,17:51,1:00,平日勤務
E012,2025/6/10,9:08,17:55,1:00,平日勤務
E012,2025/6/11,9:11,17:40,1:00,平日勤務
E012,2025/6/12,8:47,18:28,1:00,平日勤務
E012,2025/6/13,8:54,18:20,1:00,平日勤務
E012,2025/6/16,8:59,17:32,1:00,平日勤務
E012,2025/6/17,8:51,17:31,1:00,平日勤務
E012,2025/6/19,9:04,18:13,1:00,平日勤務
E012,2025/6/20,8:56,17:45,1:00,平日勤務
E012,2025/6/23,8:46,18:08,1:00,平日勤務
E012,2025/6/24,8:54,19:13,1:00,平日勤務
E012,2025/6/25,8:57,20:30,1:00,平日勤務
E012,2025/6/26,8:46,18:18,1:00,平日勤務
E012,2025/6/30,9:03,17:36,1:00,平日勤務
E012,2025/7/1,9:10,17:33,1:00,平日勤務
E012,2025/7/2,9:11,18:38,1:00,平日勤務
E012,2025/7/3,9:14,18:02,1:00,平日勤務
E012,2025/7/4,9:13,17:54,1:00,平日勤務
E012,2025/7/7,9:05,18:17,1:00,平日勤務
E012,2025/7/8,9:10,17:52,1:00,平日勤務
E012,2025/7/9,9:08,17:49,1:00,平日勤務
E012,2025/7/10,9:04,19:09,1:00,平日勤務
E012,2025/7/14,8:59,21:23,1:00,平日勤務
E012,2025/7/15,9:13,17:48,1:00,平日勤務
E012,2025/7/16,8:51,20:39,1:00,平日勤務
E012,2025/7/17,9:09,21:46,1:00,平日勤務
E012,2025/7/18,8:47,18:14,1:00,平日勤務
E012,2025/7/22,8:55,18:05,1:00,平日勤務
E012,2025/7/23,9:12,18:56,1:00,平日勤務
E012,2025/7/24,8:54,18:59,1:00,平日勤務
E012,2025/7/25,8:59,18:13,1:00,平日勤務
E012,2025/7/30,9:05,17:46,1:00,平日勤務
E012,2025/7/31,8:51,18:01,1:00,平日勤務
E012,2025/8/1,8:55,18:29,1:00,平日勤務
E012,2025/8/4,8:45,19:00,1:00,平日勤務
E012,2025/8/5,9:03,19:04,1:00,平日勤務
E012,2025/8/6,9:08,17:38,1:00,平日勤務
E012,2025/8/7,8:49,18:25,1:00,平日勤務
E012,2025/8/8,9:12,18:29,1:00,平日勤務
E012,2025/8/9,9:03,15:03,1:00,休日出勤
E012,2025/8/10,9:13,18:10,1:00,休日出勤
E012,2025/8/11,8:48,18:18,1:00,平日勤務
E012,2025/8/12,8:51,18:17,1:00,平日勤務
E012,2025/8/13,9:00,17:35,1:00,平日勤務
E012,2025/8/14,8:47,18:28,1:00,平日勤務
E012,2025/8/18,9:13,20:38,1:00,平日勤務
E012,2025/8/19,8:47,19:37,1:00,平日勤務
E012,2025/8/20,9:07,17:30,1:00,平日勤務
E012,2025/8/21,8:53,17:53,1:00,平日勤務
E012,2025/8/22,8:45,19:33,1:00,平日勤務
E012,2025/8/25,9:02,18:44,1:00,平日勤務
E012,2025/8/26,8:45,18:32,1:00,平日勤務
E012,2025/8/27,8:45,18:15,1:00,平日勤務
E012,2025/8/28,8:45,18:07,1:00,平日勤務
E012,2025/8/29,8:45,19:09,1:00,平日勤務
E012,2025/9/1,9:08,17:52,1:00,平日勤務
E012,2025/9/2,9:13,17:30,1:00,平日勤務
E012,2025/9/3,8:55,18:06,1:00,平日勤務
E012,2025/9/4,9:14,17:48,1:00,平日勤務
E012,2025/9/5,9:05,18:17,1:00,平日勤務
E012,2025/9/8,9:11,17:53,1:00,平日勤務
E012,2025/9/9,8:58,18:52,1:00,平日勤務
E012,2025/9/11,9:10,17:54,1:00,平日勤務
E012,2025/9/12,8:58,17:45,1:00,平日勤務
E012,2025/9/15,8:48,17:39,1:00,平日勤務
E012,2025/9/16,8:45,18:08,1:00,平日勤務
E012,2025/9/17,9:12,18:00,1:00,平日勤務
E012,2025/9/18,8:53,18:52,1:00,平日勤務
E012,2025/9/19,8:51,18:55,1:00,平日勤務
E012,2025/9/22,9:03,18:12,1:00,平日勤務
E012,2025/9/23,8:53,18:21,1:00,平日勤務
E012,2025/9/24,8:53,17:37,1:00,平日勤務
E012,2025/9/25,9:08,17:59,1:00,平日勤務
E012,2025/9/26,8:59,17:42,1:00,平日勤務
E012,2025/9/29,9:13,20:28,1:00,平日勤務
E012,2025/9/30,9:06,18:23,1:00,平日勤務
E012,2025/10/1,9:14,19:37,1:00,平日勤務
E012,2025/10/2,9:14,17:38,1:00,平日勤務
E012,2025/10/3,8:49,18:33,1:00,平日勤務
E012,2025/10/6,8:50,17:38,1:00,平日勤務
E012,2025/10/7,9:05,17:36,1:00,平日勤務
E012,2025/10/8,8:58,18:49,1:00,平日勤務
E012,2025/10/9,8:57,21:01,1:00,平日勤務
E012,2025/10/10,9:06,18:00,1:00,平日勤務
E012,2025/10/13,9:12,21:12,1:00,平日勤務
E012,2025/10/14,9:04,17:57,1:00,平日勤務
E012,2025/10/15,8:53,21:37,1:00,平日勤務
E012,2025/10/16,8:49,17:53,1:00,平日勤務
E012,2025/10/17,9:08,18:17,1:00,平日勤務
E012,2025/10/20,8:50,20:20,1:00,平日勤務
E012,2025/10/21,9:09,17:32,1:00,平日勤務
E012,2025/10/22,9:08,18:11,1:00,平日勤務
E012,2025/10/23,8:55,18:09,1:00,平日勤務
E012,2025/10/24,9:01,17:42,1:00,平日勤務
E012,2025/10/27,8:46,17:47,1:00,平日勤務
E012,2025/10/28,8:49,18:24,1:00,平日勤務
E012,2025/10/29,8:46,17:45,1:00,平日勤務
E012,2025/10/30,8:57,19:44,1:00,平日勤務
E012,2025/10/31,9:04,18:27,1:00,平日勤務
E012,2025/11/3,9:06,18:08,1:00,平日勤務
E012,2025/11/4,9:00,20:24,1:00,平日勤務
E012,2025/11/5,9:11,18:00,1:00,平日勤務
E012,2025/11/6,9:01,18:22,1:00,平日勤務
E012,2025/11/7,9:13,18:21,1:00,平日勤務
E012,2025/11/10,8:58,17:36,1:00,平日勤務
E012,2025/11/12,8:50,18:34,1:00,平日勤務
E012,2025/11/13,9:08,17:53,1:00,平日勤務
E012,2025/11/14,9:14,17:36,1:00,平日勤務
E012,2025/11/17,9:02,17:31,1:00,平日勤務
E012,2025/11/18,9:10,17:47,1:00,平日勤務
E012,2025/11/19,8:53,17:53,1:00,平日勤務
E012,2025/11/20,9:05,21:00,1:00,平日勤務
E012,2025/11/21,9:10,18:08,1:00,平日勤務
E012,2025/11/24,8:48,17:45,1:00,平日勤務
E012,2025/11/25,8:58,17:54,1:00,平日勤務
E012,2025/11/26,8:51,17:44,1:00,平日勤務
E012,2025/11/28,9:13,20:09,1:00,平日勤務
E012,2025/12/1,8:59,20:13,1:00,平日勤務
E012,2025/12/2,8:52,18:56,1:00,平日勤務
E012,2025/12/3,9:09,18:15,1:00,平日勤務
E012,2025/12/4,9:02,20:02,1:00,平日勤務
E012,2025/12/5,8:55,18:21,1:00,平日勤務
E012,2025/12/8,8:50,17:43,1:00,平日勤務
E012,2025/12/9,9:05,18:00,1:00,平日勤務
E012,2025/12/10,8:51,18:45,1:00,平日勤務
E012,2025/12/11,8:57,17:39,1:00,平日勤務
E012,2025/12/12,9:11,17:45,1:00,平日勤務
E012,2025/12/15,9:03,20:31,1:00,平日勤務
E012,2025/12/16,8:46,20:48,1:00,平日勤務
E012,2025/12/17,9:09,19:42,1:00,平日勤務
E012,2025/12/18,9:11,21:24,1:00,平日勤務
E012,2025/12/19,8:49,17:33,1:00,平日勤務
E012,2025/12/22,9:00,18:13,1:00,平日勤務
E012,2025/12/23,8:56,18:26,1:00,平日勤務
E012,2025/12/24,8:49,18:12,1:00,平日勤務
E012,2025/12/25,9:04,17:44,1:00,平日勤務
E012,2025/12/26,9:06,20:50,1:00,平日勤務
E012,2025/12/29,9:06,18:10,1:00,平日勤務
E012,2025/12/30,9:09,18:01,1:00,平日勤務
E012,2025/12/31,8:48,18:08,1:00,平日勤務
E013,2025/1/1,9:02,20:41,1:00,平日勤務
E013,2025/1/2,8:45,18:27,1:00,平日勤務
E013,2025/1/3,9:05,21:13,1:00,平日勤務
E013,2025/1/6,8:48,18:28,1:00,平日勤務
E013,2025/1/7,8:51,18:28,1:00,平日勤務
E013,2025/1/8,9:01,17:58,1:00,平日勤務
E013,2025/1/9,8:52,20:04,1:00,平日勤務
E013,2025/1/10,9:01,17:38,1:00,平日勤務
E013,2025/1/13,8:48,18:16,1:00,平日勤務
E013,2025/1/14,9:11,17:49,1:00,平日勤務
E013,2025/1/16,8:56,18:06,1:00,平日勤務
E013,2025/1/17,8:50,20:50,1:00,平日勤務
E013,2025/1/21,9:09,17:42,1:00,平日勤務
E013,2025/1/23,8:47,18:17,1:00,平日勤務
E013,2025/1/24,9:08,18:32,1:00,平日勤務
E013,2025/1/27,9:05,18:21,1:00,平日勤務
E013,2025/1/28,8:51,18:26,1:00,平日勤務
E013,2025/1/29,9:01,18:03,1:00,平日勤務
E013,2025/1/30,9:09,19:33,1:00,平日勤務
E013,2025/1/31,8:49,19:01,1:00,平日勤務
E013,2025/2/3,9:05,17:34,1:00,平日勤務
E013,2025/2/4,9:05,18:05,1:00,平日勤務
E013,2025/2/5,9:12,18:51,1:00,平日勤務
E013,2025/2/6,9:05,17:38,1:00,平日勤務
E013,2025/2/7,8:58,21:31,1:00,平日勤務
E013,2025/2/10,8:48,18:01,1:00,平日勤務
E013,2025/2/12,9:01,17:39,1:00,平日勤務
E013,2025/2/13,9:13,19:53,1:00,平日勤務
E013,2025/2/14,8:57,18:42,1:00,平日勤務
E013,2025/2/17,9:07,17:47,1:00,平日勤務
E013,2025/2/18,8:47,18:01,1:00,平日勤務
E013,2025/2/19,8:52,21:48,1:00,平日勤務
E013,2025/2/20,8:46,18:01,1:00,平日勤務
E013,2025/2/21,8:48,20:38,1:00,平日勤務
E013,2025/2/24,8:48,21:37,1:00,平日勤務
E013,2025/2/25,8:52,18:58,1:00,平日勤務
E013,2025/2/26,8:46,18:00,1:00,平日勤務
E013,2025/2/27,8:46,17:32,1:00,平日勤務
E013,2025/2/28,9:11,18:18,1:00,平日勤務
E013,2025/3/3,9:10,19:20,1:00,平日勤務
E013,2025/3/5,9:13,20:15,1:00,平日勤務
E013,2025/3/6,9:01,20:17,1:00,平日勤務
E013,2025/3/7,9:14,21:10,1:00,平日勤務
E013,2025/3/10,9:13,17:41,1:00,平日勤務
E013,2025/3/11,9:06,17:59,1:00,平日勤務
E013,2025/3/12,8:55,18:39,1:00,平日勤務
E013,2025/3/13,9:07,18:29,1:00,平日勤務
E013,2025/3/14,9:06,17:54,1:00,平日勤務
E013,2025/3/17,8:48,17:30,1:00,平日勤務
E013,2025/3/18,9:09,19:12,1:00,平日勤務
E013,2025/3/20,9:09,18:00,1:00,平日勤務
E013,2025/3/21,9:00,18:14,1:00,平日勤務
E013,2025/3/24,8:55,20:17,1:00,平日勤務
E013,2025/3/25,8:46,19:26,1:00,平日勤務
E013,2025/3/26,9:06,18:33,1:00,平日勤務
E013,2025/3/27,8:59,17:40,1:00,平日勤務
E013,2025/3/28,8:54,18:50,1:00,平日勤務
E013,2025/3/31,8:50,18:57,1:00,平日勤務
E013,2025/4/1,9:05,18:21,1:00,平日勤務
E013,2025/4/2,9:04,18:09,1:00,平日勤務
E013,2025/4/3,8:55,18:26,1:00,平日勤務
E013,2025/4/4,8:47,18:40,1:00,平日勤務
E013,2025/4/7,8:59,17:44,1:00,平日勤務
E013,2025/4/9,9:03,17:57,1:00,平日勤務
E013,2025/4/10,9:07,17:33,1:00,平日勤務
E013,2025/4/11,8:53,18:35,1:00,平日勤務
E013,2025/4/14,9:13,17:57,1:00,平日勤務
E013,2025/4/15,8:50,17:36,1:00,平日勤務
E013,2025/4/16,9:11,17:55,1:00,平日勤務
E013,2025/4/17,8:46,19:04,1:00,平日勤務
E013,2025/4/18,8:50,17:58,1:00,平日勤務
E013,2025/4/21,9:00,18:21,1:00,平日勤務
E013,2025/4/23,9:08,19:30,1:00,平日勤務
E013,2025/4/24,8:51,18:20,1:00,平日勤務
E013,2025/4/28,8:47,18:31,1:00,平日勤務
E013,2025/4/30,8:58,19:43,1:00,平日勤務
E013,2025/5/1,8:50,17:46,1:00,平日勤務
E013,2025/5/2,8:55,18:25,1:00,平日勤務
E013,2025/5/5,8:48,17:40,1:00,平日勤務
E013,2025/5/6,9:13,19:22,1:00,平日勤務
E013,2025/5/7,8:51,18:22,1:00,平日勤務
E013,2025/5/8,8:51,21:18,1:00,平日勤務
E013,2025/5/9,9:04,18:24,1:00,平日勤務
E013,2025/5/12,8:48,17:58,1:00,平日勤務
E013,2025/5/13,9:03,20:21,1:00,平日勤務
E013,2025/5/15,8:48,20:21,1:00,平日勤務
E013,2025/5/16,8:49,18:10,1:00,平日勤務
E013,2025/5/19,9:00,17:49,1:00,平日勤務
E013,2025/5/20,9:01,18:32,1:00,平日勤務
E013,2025/5/21,8:56,21:06,1:00,平日勤務
E013,2025/5/22,9:05,18:11,1:00,平日勤務
E013,2025/5/23,8:55,17:31,1:00,平日勤務
E013,2025/5/27,9:00,18:29,1:00,平日勤務
E013,2025/5/29,8:46,21:25,1:00,平日勤務
E013,2025/5/30,8:55,17:33,1:00,平日勤務
E013,2025/6/2,9:14,17:35,1:00,平日勤務
E013,2025/6/3,9:05,21:20,1:00,平日勤務
E013,2025/6/4,9:05,19:51,1:00,平日勤務
E013,2025/6/5,8:59,18:21,1:00,平日勤務
E013,2025/6/6,8:59,18:40,1:00,平日勤務
E013,2025/6/9,8:48,19:30,1:00,平日勤務
E013,2025/6/10,9:03,18:38,1:00,平日勤務
E013,2025/6/11,9:12,17:38,1:00,平日勤務
E013,2025/6/12,8:57,18:26,1:00,平日勤務
E013,2025/6/13,8:56,19:51,1:00,平日勤務
E013,2025/6/16,9:11,21:59,1:00,平日勤務
E013,2025/6/17,8:55,19:14,1:00,平日勤務
E013,2025/6/18,8:55,21:51,1:00,平日勤務
E013,2025/6/19,9:02,17:37,1:00,平日勤務
E013,2025/6/20,8:58,21:36,1:00,平日勤務
E013,2025/6/23,8:51,18:23,1:00,平日勤務
E013,2025/6/24,9:06,18:26,1:00,平日勤務
E013,2025/6/25,8:56,19:28,1:00,平日勤務
E013,2025/6/27,8:58,17:56,1:00,平日勤務
E013,2025/6/30,9:08,18:02,1:00,平日勤務
E013,2025/7/1,9:09,21:30,1:00,平日勤務
E013,2025/7/2,8:58,17:49,1:00,平日勤務
E013,2025/7/3,8:46,17:33,1:00,平日勤務
E013,2025/7/4,9:02,19:05,1:00,平日勤務
E013,2025/7/7,9:04,18:27,1:00,平日勤務
E013,2025/7/8,8:56,17:45,1:00,平日勤務
E013,2025/7/9,8:49,18:39,1:00,平日勤務
E013,2025/7/10,8:56,21:18,1:00,平日勤務
E013,2025/7/11,9:12,17:51,1:00,平日勤務
E013,2025/7/14,8:51,18:15,1:00,平日勤務
E013,2025/7/15,9:09,20:14,1:00,平日勤務
E013,2025/7/16,8:53,17:31,1:00,平日勤務
E013,2025/7/18,8:55,18:17,1:00,平日勤務
E013,2025/7/21,9:05,21:05,1:00,平日勤務
E013,2025/7/22,9:10,18:54,1:00,平日勤務
E013,2025/7/23,9:14,18:16,1:00,平日勤務
E013,2025/7/24,8:48,17:46,1:00,平日勤務
E013,2025/7/25,8:48,19:15,1:00,平日勤務
E013,2025/7/28,8:49,19:05,1:00,平日勤務
E013,2025/7/29,8:54,17:42,1:00,平日勤務
E013,2025/7/30,9:07,17:54,1:00,平日勤務
E013,2025/7/31,9:09,18:08,1:00,平日勤務
E013,2025/8/1,8:53,17:48,1:00,平日勤務
E013,2025/8/4,9:07,18:48,1:00,平日勤務
E013,2025/8/5,9:13,18:19,1:00,平日勤務
E013,2025/8/6,8:46,18:56,1:00,平日勤務
E013,2025/8/7,9:04,17:56,1:00,平日勤務
E013,2025/8/8,8:56,18:16,1:00,平日勤務
E013,2025/8/10,9:07,17:20,1:00,休日出勤
E013,2025/8/11,8:54,19:35,1:00,平日勤務
E013,2025/8/13,9:09,18:53,1:00,平日勤務
E013,2025/8/14,8:46,19:11,1:00,平日勤務
E013,2025/8/15,9:13,18:45,1:00,平日勤務
E013,2025/8/18,9:13,18:49,1:00,平日勤務
E013,2025/8/19,9:12,18:19,1:00,平日勤務
E013,2025/8/20,9:00,19:41,1:00,平日勤務
E013,2025/8/21,9:10,18:31,1:00,平日勤務
E013,2025/8/22,9:12,21:35,1:00,平日勤務
E013,2025/8/25,9:05,17:45,1:00,平日勤務
E013,2025/8/26,8:55,17:32,1:00,平日勤務
E013,2025/8/27,9:03,18:15,1:00,平日勤務
E013,2025/8/28,9:06,18:58,1:00,平日勤務
E013,2025/8/29,9:08,18:38,1:00,平日勤務
E013,2025/9/1,8:51,18:28,1:00,平日勤務
E013,2025/9/2,8:46,17:42,1:00,平日勤務
E013,2025/9/3,8:51,19:41,1:00,平日勤務
E013,2025/9/4,8:49,19:50,1:00,平日勤務
E013,2025/9/5,9:14,18:01,1:00,平日勤務
E013,2025/9/8,9:07,19:21,1:00,平日勤務
E013,2025/9/9,9:11,18:50,1:00,平日勤務
E013,2025/9/10,8:48,19:27,1:00,平日勤務
E013,2025/9/11,9:13,18:13,1:00,平日勤務
E013,2025/9/12,9:06,19:17,1:00,平日勤務
E013,2025/9/15,8:47,21:35,1:00,平日勤務
E013,2025/9/17,8:58,18:06,1:00,平日勤務
E013,2025/9/19,8:45,18:33,1:00,平日勤務
E013,2025/9/22,9:02,19:58,1:00,平日勤務
E013,2025/9/23,8:57,17:46,1:00,平日勤務
E013,2025/9/24,8:56,17:51,1:00,平日勤務
E013,2025/9/26,8:46,18:07,1:00,平日勤務
E013,2025/9/30,9:13,18:38,1:00,平日勤務
E013,2025/10/1,8:49,18:02,1:00,平日勤務
E013,2025/10/2,8:49,18:13,1:00,平日勤務
E013,2025/10/3,8:52,20:29,1:00,平日勤務
E013,2025/10/6,8:53,18:54,1:00,平日勤務
E013,2025/10/7,8:59,18:05,1:00,平日勤務
E013,2025/10/8,8:46,17:56,1:00,平日勤務
E013,2025/10/9,9:04,18:45,1:00,平日勤務
E013,2025/10/10,8:46,17:54,1:00,平日勤務
E013,2025/10/13,8:51,18:46,1:00,平日勤務
E013,2025/10/14,9:01,18:36,1:00,平日勤務
E013,2025/10/15,8:56,20:21,1:00,平日勤務
E013,2025/10/16,8:52,18:05,1:00,平日勤務
E013,2025/10/17,9:12,18:17,1:00,平日勤務
E013,2025/10/20,8:57,20:11,1:00,平日勤務
E013,2025/10/22,9:09,18:06,1:00,平日勤務
E013,2025/10/23,9:02,19:54,1:00,平日勤務
E013,2025/10/24,8:46,20:25,1:00,平日勤務
E013,2025/10/27,8:45,17:52,1:00,平日勤務
E013,2025/10/28,9:13,18:01,1:00,平日勤務
E013,2025/10/29,8:48,17:39,1:00,平日勤務
E013,2025/10/30,9:14,20:20,1:00,平日勤務
E013,2025/10/31,8:48,18:44,1:00,平日勤務
E013,2025/11/3,8:51,21:03,1:00,平日勤務
E013,2025/11/4,8:57,18:27,1:00,平日勤務
E013,2025/11/5,9:14,18:05,1:00,平日勤務
E013,2025/11/6,8:55,17:52,1:00,平日勤務
E013,2025/11/7,9:09,18:01,1:00,平日勤務
E013,2025/11/11,9:01,19:32,1:00,平日勤務
E013,2025/11/12,8:49,17:45,1:00,平日勤務
E013,2025/11/13,8:48,17:40,1:00,平日勤務
E013,2025/11/14,8:58,18:03,1:00,平日勤務
E013,2025/11/17,8:53,18:06,1:00,平日勤務
E013,2025/11/18,9:09,19:03,1:00,平日勤務
E013,2025/11/19,8:50,18:49,1:00,平日勤務
E013,2025/11/20,9:01,21:04,1:00,平日勤務
E013,2025/11/21,9:09,19:27,1:00,平日勤務
E013,2025/11/24,9:07,18:38,1:00,平日勤務
E013,2025/11/25,8:55,19:31,1:00,平日勤務
E013,2025/11/26,8:50,18:17,1:00,平日勤務
E013,2025/11/27,9:13,18:24,1:00,平日勤務
E013,2025/12/1,9:07,18:11,1:00,平日勤務
E013,2025/12/3,8:55,21:45,1:00,平日勤務
E013,2025/12/4,9:10,17:54,1:00,平日勤務
E013,2025/12/5,8:56,18:19,1:00,平日勤務
E013,2025/12/9,8:58,18:33,1:00,平日勤務
E013,2025/12/10,8:57,17:48,1:00,平日勤務
E013,2025/12/11,9:01,19:08,1:00,平日勤務
E013,2025/12/12,9:01,18:12,1:00,平日勤務
E013,2025/12/16,8:47,18:25,1:00,平日勤務
E013,2025/12/17,8:55,17:48,1:00,平日勤務
E013,2025/12/18,9:14,18:02,1:00,平日勤務
E013,2025/12/19,8:50,21:23,1:00,平日勤務
E013,2025/12/22,9:03,18:53,1:00,平日勤務
E013,2025/12/24,9:04,21:21,1:00,平日勤務
E013,2025/12/25,8:49,18:35,1:00,平日勤務
E013,2025/12/26,8:56,18:46,1:00,平日勤務
E013,2025/12/29,8:48,21:39,1:00,平日勤務
E013,2025/12/30,9:05,17:43,1:00,平日勤務
E013,2025/12/31,8:48,17:59,1:00,平日勤務
E014,2025/1/1,8:46,18:04,1:00,平日勤務
E014,2025/1/2,9:00,20:05,1:00,平日勤務
E014,2025/1/3,8:46,18:17,1:00,平日勤務
E014,2025/1/6,8:51,18:02,1:00,平日勤務
E014,2025/1/7,9:01,18:23,1:00,平日勤務
E014,2025/1/10,9:14,18:25,1:00,平日勤務
E014,2025/1/11,9:17,16:12,1:00,休日出勤
E014,2025/1/13,9:02,20:36,1:00,平日勤務
E014,2025/1/14,8:54,18:16,1:00,平日勤務
E014,2025/1/15,9:02,18:03,1:00,平日勤務
E014,2025/1/16,9:06,17:44,1:00,平日勤務
E014,2025/1/17,9:04,17:40,1:00,平日勤務
E014,2025/1/20,8:57,18:48,1:00,平日勤務
E014,2025/1/22,9:03,18:46,1:00,平日勤務
E014,2025/1/23,9:13,17:31,1:00,平日勤務
E014,2025/1/24,8:56,18:55,1:00,平日勤務
E014,2025/1/27,8:55,18:25,1:00,平日勤務
E014,2025/1/28,8:45,19:09,1:00,平日勤務
E014,2025/1/29,8:59,19:21,1:00,平日勤務
E014,2025/1/30,9:07,20:32,1:00,平日勤務
E014,2025/1/31,9:13,18:06,1:00,平日勤務
E014,2025/2/3,9:11,18:19,1:00,平日勤務
E014,2025/2/4,8:55,17:37,1:00,平日勤務
E014,2025/2/5,8:46,18:19,1:00,平日勤務
E014,2025/2/6,8:54,18:47,1:00,平日勤務
E014,2025/2/7,9:09,17:59,1:00,平日勤務
E014,2025/2/10,8:50,17:41,1:00,平日勤務
E014,2025/2/11,9:00,19:43,1:00,平日勤務
E014,2025/2/12,8:57,18:10,1:00,平日勤務
E014,2025/2/13,8:58,18:53,1:00,平日勤務
E014,2025/2/14,9:07,18:45,1:00,平日勤務
E014,2025/2/17,8:49,18:13,1:00,平日勤務
E014,2025/2/18,8:49,17:34,1:00,平日勤務
E014,2025/2/19,9:08,18:09,1:00,平日勤務
E014,2025/2/20,8:49,18:12,1:00,平日勤務
E014,2025/2/21,9:10,18:50,1:00,平日勤務
E014,2025/2/24,9:12,18:31,1:00,平日勤務
E014,2025/2/25,9:09,18:06,1:00,平日勤務
E014,2025/2/26,8:45,18:21,1:00,平日勤務
E014,2025/2/27,9:06,19:41,1:00,平日勤務
E014,2025/2/28,8:47,19:31,1:00,平日勤務
E014,2025/3/3,9:03,19:21,1:00,平日勤務
E014,2025/3/4,9:07,17:54,1:00,平日勤務
E014,2025/3/5,9:01,18:54,1:00,平日勤務
E014,2025/3/6,9:11,17:37,1:00,平日勤務
E014,2025/3/7,9:10,18:18,1:00,平日勤務
E014,2025/3/10,8:48,18:11,1:00,平日勤務
E014,2025/3/11,9:06,18:28,1:00,平日勤務
E014,2025/3/12,9:06,18:25,1:00,平日勤務
E014,2025/3/17,9:07,17:53,1:00,平日勤務
E014,2025/3/18,9:07,17:45,1:00,平日勤務
E014,2025/3/19,9:00,18:19,1:00,平日勤務
E014,2025/3/20,9:06,17:54,1:00,平日勤務
E014,2025/3/21,9:13,18:58,1:00,平日勤務
E014,2025/3/24,8:55,20:18,1:00,平日勤務
E014,2025/3/25,9:07,18:12,1:00,平日勤務
E014,2025/3/26,9:11,17:49,1:00,平日勤務
E014,2025/3/27,8:47,21:21,1:00,平日勤務
E014,2025/3/28,8:47,18:00,1:00,平日勤務
E014,2025/3/31,9:06,18:14,1:00,平日勤務
E014,2025/4/1,9:01,18:42,1:00,平日勤務
E014,2025/4/2,9:09,19:38,1:00,平日勤務
E014,2025/4/3,8:56,18:01,1:00,平日勤務
E014,2025/4/4,9:04,17:47,1:00,平日勤務
E014,2025/4/8,9:13,18:01,1:00,平日勤務
E014,2025/4/9,8:59,18:50,1:00,平日勤務
E014,2025/4/10,8:53,18:16,1:00,平日勤務
E014,2025/4/11,9:07,17:54,1:00,平日勤務
E014,2025/4/14,9:05,20:37,1:00,平日勤務
E014,2025/4/15,8:57,18:04,1:00,平日勤務
E014,2025/4/16,9:05,18:20,1:00,平日勤務
E014,2025/4/17,9:01,18:49,1:00,平日勤務
E014,2025/4/18,8:49,20:03,1:00,平日勤務
E014,2025/4/22,8:48,21:08,1:00,平日勤務
E014,2025/4/23,9:02,18:09,1:00,平日勤務
E014,2025/4/28,9:04,18:51,1:00,平日勤務
E014,2025/4/29,8:55,21:12,1:00,平日勤務
E014,2025/4/30,8:54,17:33,1:00,平日勤務
E014,2025/5/2,8:48,19:24,1:00,平日勤務
E014,2025/5/5,9:08,18:11,1:00,平日勤務
E014,2025/5/6,8:53,17:42,1:00,平日勤務
E014,2025/5/8,8:50,17:45,1:00,平日勤務
E014,2025/5/9,9:05,20:05,1:00,平日勤務
E014,2025/5/12,8:48,18:28,1:00,平日勤務
E014,2025/5/13,9:04,18:18,1:00,平日勤務
E014,2025/5/15,9:01,17:45,1:00,平日勤務
E014,2025/5/16,9:01,20:59,1:00,平日勤務
E014,2025/5/19,9:08,17:30,1:00,平日勤務
E014,2025/5/20,8:50,21:17,1:00,平日勤務
E014,2025/5/21,8:50,20:17,1:00,平日勤務
E014,2025/5/22,9:03,20:12,1:00,平日勤務
E014,2025/5/23,8:54,18:30,1:00,平日勤務
E014,2025/5/26,8:46,19:57,1:00,平日勤務
E014,2025/5/27,9:01,17:49,1:00,平日勤務
E014,2025/5/28,8:45,18:55,1:00,平日勤務
E014,2025/6/2,8:50,18:37,1:00,平日勤務
E014,2025/6/3,9:09,17:56,1:00,平日勤務
E014,2025/6/4,8:58,19:49,1:00,平日勤務
E014,2025/6/5,8:53,19:51,1:00,平日勤務
E014,2025/6/6,9:08,21:25,1:00,平日勤務
E014,2025/6/9,9:04,18:57,1:00,平日勤務
E014,2025/6/10,8:55,19:46,1:00,平日勤務
E014,2025/6/12,9:12,17:37,1:00,平日勤務
E014,2025/6/13,8:48,18:05,1:00,平日勤務
E014,2025/6/16,8:58,18:15,1:00,平日勤務
E014,2025/6/17,8:49,18:22,1:00,平日勤務
E014,2025/6/18,9:14,19:15,1:00,平日勤務
E014,2025/6/19,8:47,17:57,1:00,平日勤務
E014,2025/6/20,9:03,19:26,1:00,平日勤務
E014,2025/6/23,8:48,20:23,1:00,平日勤務
E014,2025/6/24,9:01,17:56,1:00,平日勤務
E014,2025/6/25,9:09,17:41,1:00,平日勤務
E014,2025/6/26,8:48,18:13,1:00,平日勤務
E014,2025/6/27,9:05,18:02,1:00,平日勤務
E014,2025/6/30,8:59,17:43,1:00,平日勤務
E014,2025/7/1,8:54,17:30,1:00,平日勤務
E014,2025/7/2,8:58,18:04,1:00,平日勤務
E014,2025/7/3,9:12,17:33,1:00,平日勤務
E014,2025/7/4,9:02,17:47,1:00,平日勤務
E014,2025/7/7,8:51,17:37,1:00,平日勤務
E014,2025/7/8,9:12,18:05,1:00,平日勤務
E014,2025/7/9,8:53,18:47,1:00,平日勤務
E014,2025/7/10,8:50,17:37,1:00,平日勤務
E014,2025/7/14,8:59,21:06,1:00,平日勤務
E014,2025/7/15,9:07,17:43,1:00,平日勤務
E014,2025/7/17,8:54,18:18,1:00,平日勤務
E014,2025/7/18,8:57,17:34,1:00,平日勤務
E014,2025/7/21,9:11,18:39,1:00,平日勤務
E014,2025/7/22,9:02,18:23,1:00,平日勤務
E014,2025/7/23,8:55,18:27,1:00,平日勤務
E014,2025/7/24,9:08,17:53,1:00,平日勤務
E014,2025/7/25,8:59,19:33,1:00,平日勤務
E014,2025/7/28,8:57,20:53,1:00,平日勤務
E014,2025/7/29,8:50,21:20,1:00,平日勤務
E014,2025/7/30,9:05,17:52,1:00,平日勤務
E014,2025/8/1,8:46,19:10,1:00,平日勤務
E014,2025/8/4,8:47,17:52,1:00,平日勤務
E014,2025/8/5,9:00,21:07,1:00,平日勤務
E014,2025/8/6,8:47,18:15,1:00,平日勤務
E014,2025/8/7,9:07,19:16,1:00,平日勤務
E014,2025/8/8,8:50,18:43,1:00,平日勤務
E014,2025/8/11,9:03,18:33,1:00,平日勤務
E014,2025/8/12,8:45,17:50,1:00,平日勤務
E014,2025/8/14,9:06,18:03,1:00,平日勤務
E014,2025/8/15,9:08,18:20,1:00,平日勤務
E014,2025/8/18,8:47,18:15,1:00,平日勤務
E014,2025/8/19,8:52,19:23,1:00,平日勤務
E014,2025/8/20,9:03,19:26,1:00,平日勤務
E014,2025/8/22,9:10,17:40,1:00,平日勤務
E014,2025/8/25,8:57,18:31,1:00,平日勤務
E014,2025/8/26,8:59,17:52,1:00,平日勤務
E014,2025/8/27,8:49,21:13,1:00,平日勤務
E014,2025/8/28,8:58,18:49,1:00,平日勤務
E014,2025/8/29,9:06,21:10,1:00,平日勤務
E014,2025/9/1,8:57,20:18,1:00,平日勤務
E014,2025/9/2,8:50,18:57,1:00,平日勤務
E014,2025/9/3,9:01,17:51,1:00,平日勤務
E014,2025/9/4,8:52,18:30,1:00,平日勤務
E014,2025/9/5,9:02,17:37,1:00,平日勤務
E014,2025/9/8,8:51,17:53,1:00,平日勤務
E014,2025/9/9,8:48,18:58,1:00,平日勤務
E014,2025/9/10,8:49,17:32,1:00,平日勤務
E014,2025/9/11,8:56,19:47,1:00,平日勤務
E014,2025/9/12,8:45,18:49,1:00,平日勤務
E014,2025/9/15,9:10,18:16,1:00,平日勤務
E014,2025/9/16,9:14,18:49,1:00,平日勤務
E014,2025/9/17,8:45,18:04,1:00,平日勤務
E014,2025/9/18,8:52,18:38,1:00,平日勤務
E014,2025/9/19,9:04,18:28,1:00,平日勤務
E014,2025/9/22,9:11,19:59,1:00,平日勤務
E014,2025/9/23,9:09,17:31,1:00,平日勤務
E014,2025/9/25,9:11,19:58,1:00,平日勤務
E014,2025/9/26,8:58,17:41,1:00,平日勤務
E014,2025/9/29,8:46,18:39,1:00,平日勤務
E014,2025/9/30,9:14,18:07,1:00,平日勤務
E014,2025/10/1,8:56,21:37,1:00,平日勤務
E014,2025/10/3,9:04,18:28,1:00,平日勤務
E014,2025/10/6,9:13,18:52,1:00,平日勤務
E014,2025/10/7,9:04,17:46,1:00,平日勤務
E014,2025/10/8,8:50,18:43,1:00,平日勤務
E014,2025/10/10,8:51,21:44,1:00,平日勤務
E014,2025/10/13,8:48,18:57,1:00,平日勤務
E014,2025/10/14,9:06,19:17,1:00,平日勤務
E014,2025/10/15,9:14,18:15,1:00,平日勤務
E014,2025/10/16,9:11,17:57,1:00,平日勤務
E014,2025/10/17,9:14,17:54,1:00,平日勤務
E014,2025/10/20,9:11,18:34,1:00,平日勤務
E014,2025/10/21,9:12,17:49,1:00,平日勤務
E014,2025/10/22,9:14,18:29,1:00,平日勤務
E014,2025/10/23,9:14,19:59,1:00,平日勤務
E014,2025/10/24,9:02,18:50,1:00,平日勤務
E014,2025/10/27,9:08,19:47,1:00,平日勤務
E014,2025/10/28,8:51,19:31,1:00,平日勤務
E014,2025/10/30,9:10,18:06,1:00,平日勤務
E014,2025/10/31,8:46,19:54,1:00,平日勤務
E014,2025/11/3,8:51,19:22,1:00,平日勤務
E014,2025/11/4,8:54,17:34,1:00,平日勤務
E014,2025/11/5,8:52,17:35,1:00,平日勤務
E014,2025/11/6,8:52,18:07,1:00,平日勤務
E014,2025/11/7,9:05,18:40,1:00,平日勤務
E014,2025/11/10,9:01,18:30,1:00,平日勤務
E014,2025/11/11,9:01,20:35,1:00,平日勤務
E014,2025/11/13,8:48,17:54,1:00,平日勤務
E014,2025/11/14,9:04,21:06,1:00,平日勤務
E014,2025/11/16,10:18,15:55,1:00,休日出勤
E014,2025/11/17,8:55,20:30,1:00,平日勤務
E014,2025/11/18,8:54,17:31,1:00,平日勤務
E014,2025/11/19,8:49,18:11,1:00,平日勤務
E014,2025/11/20,9:08,19:28,1:00,平日勤務
E014,2025/11/21,8:56,18:23,1:00,平日勤務
E014,2025/11/24,9:08,19:34,1:00,平日勤務
E014,2025/11/25,9:10,20:54,1:00,平日勤務
E014,2025/11/26,9:05,18:45,1:00,平日勤務
E014,2025/11/27,8:55,18:12,1:00,平日勤務
E014,2025/11/28,8:47,18:18,1:00,平日勤務
E014,2025/12/2,9:14,18:00,1:00,平日勤務
E014,2025/12/4,9:08,19:36,1:00,平日勤務
E014,2025/12/5,9:09,18:16,1:00,平日勤務
E014,2025/12/8,9:14,20:25,1:00,平日勤務
E014,2025/12/9,8:51,18:21,1:00,平日勤務
E014,2025/12/10,8:54,18:42,1:00,平日勤務
E014,2025/12/11,9:05,17:57,1:00,平日勤務
E014,2025/12/12,9:05,19:51,1:00,平日勤務
E014,2025/12/15,8:59,21:26,1:00,平日勤務
E014,2025/12/18,8:48,17:31,1:00,平日勤務
E014,2025/12/19,8:48,17:30,1:00,平日勤務
E014,2025/12/22,8:45,18:53,1:00,平日勤務
E014,2025/12/23,8:47,18:27,1:00,平日勤務
E014,2025/12/24,9:11,19:48,1:00,平日勤務
E014,2025/12/25,9:14,18:17,1:00,平日勤務
E014,2025/12/26,9:06,17:45,1:00,平日勤務
E014,2025/12/29,9:04,21:37,1:00,平日勤務
E014,2025/12/31,8:52,21:02,1:00,平日勤務
E015,2025/1/1,8:55,17:49,1:00,平日勤務
E015,2025/1/2,8:52,18:20,1:00,平日勤務
E015,2025/1/3,9:08,17:40,1:00,平日勤務
E015,2025/1/6,9:08,18:29,1:00,平日勤務
E015,2025/1/7,9:06,20:57,1:00,平日勤務
E015,2025/1/8,8:46,19:44,1:00,平日勤務
E015,2025/1/9,9:04,21:12,1:00,平日勤務
E015,2025/1/10,9:09,21:39,1:00,平日勤務
E015,2025/1/13,8:47,18:33,1:00,平日勤務
E015,2025/1/14,8:59,21:28,1:00,平日勤務
E015,2025/1/15,9:04,17:40,1:00,平日勤務
E015,2025/1/16,9:09,19:27,1:00,平日勤務
E015,2025/1/17,8:45,18:19,1:00,平日勤務
E015,2025/1/20,8:45,17:30,1:00,平日勤務
E015,2025/1/21,9:14,17:52,1:00,平日勤務
E015,2025/1/22,8:55,17:52,1:00,平日勤務
E015,2025/1/23,9:11,19:52,1:00,平日勤務
E015,2025/1/24,9:07,18:02,1:00,平日勤務
E015,2025/1/27,9:00,18:24,1:00,平日勤務
E015,2025/1/28,8:57,18:49,1:00,平日勤務
E015,2025/1/29,9:10,19:44,1:00,平日勤務
E015,2025/1/30,8:45,21:27,1:00,平日勤務
E015,2025/1/31,9:11,18:54,1:00,平日勤務
E015,2025/2/3,8:45,17:51,1:00,平日勤務
E015,2025/2/4,9:07,18:45,1:00,平日勤務
E015,2025/2/5,8:59,17:32,1:00,平日勤務
E015,2025/2/6,9:12,17:58,1:00,平日勤務
E015,2025/2/7,9:01,17:44,1:00,平日勤務
E015,2025/2/11,8:55,21:46,1:00,平日勤務
E015,2025/2/12,9:13,19:26,1:00,平日勤務
E015,2025/2/13,8:46,18:59,1:00,平日勤務
E015,2025/2/14,9:11,19:07,1:00,平日勤務
E015,2025/2/17,8:50,18:55,1:00,平日勤務
E015,2025/2/18,8:48,17:43,1:00,平日勤務
E015,2025/2/19,9:13,18:03,1:00,平日勤務
E015,2025/2/20,9:07,18:00,1:00,平日勤務
E015,2025/2/21,9:12,20:34,1:00,平日勤務
E015,2025/2/24,8:59,17:32,1:00,平日勤務
E015,2025/2/25,9:01,17:46,1:00,平日勤務
E015,2025/2/26,8:47,18:54,1:00,平日勤務
E015,2025/2/27,9:14,17:48,1:00,平日勤務
E015,2025/2/28,8:51,19:29,1:00,平日勤務
E015,2025/3/3,8:49,19:00,1:00,平日勤務
E015,2025/3/4,8:47,18:42,1:00,平日勤務
E015,2025/3/5,8:59,21:06,1:00,平日勤務
E015,2025/3/6,8:45,17:57,1:00,平日勤務
E015,2025/3/7,9:14,19:40,1:00,平日勤務
E015,2025/3/12,8:45,18:50,1:00,平日勤務
E015,2025/3/13,9:12,21:07,1:00,平日勤務
E015,2025/3/14,8:55,19:40,1:00,平日勤務
E015,2025/3/17,8:48,19:48,1:00,平日勤務
E015,2025/3/18,8:55,17:34,1:00,平日勤務
E015,2025/3/19,8:59,20:19,1:00,平日勤務
E015,2025/3/20,8:59,18:05,1:00,平日勤務
E015,2025/3/21,9:11,18:19,1:00,平日勤務
E015,2025/3/24,8:57,17:53,1:00,平日勤務
E015,2025/3/25,9:01,17:34,1:00,平日勤務
E015,2025/3/26,8:45,18:36,1:00,平日勤務
E015,2025/3/27,8:48,20:12,1:00,平日勤務
E015,2025/3/28,9:04,18:36,1:00,平日勤務
E015,2025/4/1,9:10,17:32,1:00,平日勤務
E015,2025/4/2,9:11,18:50,1:00,平日勤務
E015,2025/4/4,9:01,21:11,1:00,平日勤務
E015,2025/4/7,9:14,17:33,1:00,平日勤務
E015,2025/4/8,9:05,18:11,1:00,平日勤務
E015,2025/4/9,9:03,21:40,1:00,平日勤務
E015,2025/4/10,9:12,18:15,1:00,平日勤務
E015,2025/4/11,8:48,21:54,1:00,平日勤務
E015,2025/4/14,8:45,18:13,1:00,平日勤務
E015,2025/4/15,8:56,19:44,1:00,平日勤務
E015,2025/4/16,8:59,17:43,1:00,平日勤務
E015,2025/4/17,8:53,17:42,1:00,平日勤務
E015,2025/4/18,8:48,17:36,1:00,平日勤務
E015,2025/4/21,8:49,19:06,1:00,平日勤務
E015,2025/4/22,9:11,17:38,1:00,平日勤務
E015,2025/4/23,9:14,18:07,1:00,平日勤務
E015,2025/4/24,9:01,17:48,1:00,平日勤務
E015,2025/4/25,8:47,18:35,1:00,平日勤務
E015,2025/4/27,9:22,16:17,1:00,休日出勤
E015,2025/4/28,8:58,17:54,1:00,平日勤務
E015,2025/4/29,9:09,18:22,1:00,平日勤務
E015,2025/4/30,9:14,18:36,1:00,平日勤務
E015,2025/5/1,8:47,17:58,1:00,平日勤務
E015,2025/5/2,9:08,18:39,1:00,平日勤務
E015,2025/5/5,9:10,18:55,1:00,平日勤務
E015,2025/5/6,9:06,17:52,1:00,平日勤務
E015,2025/5/7,8:53,18:06,1:00,平日勤務
E015,2025/5/8,8:46,17:34,1:00,平日勤務
E015,2025/5/12,8:59,18:49,1:00,平日勤務
E015,2025/5/13,8:50,18:27,1:00,平日勤務
E015,2025/5/14,8:53,17:51,1:00,平日勤務
E015,2025/5/15,9:05,17:57,1:00,平日勤務
E015,2025/5/16,8:59,18:09,1:00,平日勤務
E015,2025/5/19,8:52,18:04,1:00,平日勤務
E015,2025/5/21,8:48,21:22,1:00,平日勤務
E015,2025/5/23,9:14,17:49,1:00,平日勤務
E015,2025/5/25,10:10,18:54,1:00,休日出勤
E015,2025/5/26,9:03,18:31,1:00,平日勤務
E015,2025/5/27,9:06,18:14,1:00,平日勤務
E015,2025/5/28,8:49,18:11,1:00,平日勤務
E015,2025/5/29,8:58,18:02,1:00,平日勤務
E015,2025/6/2,9:12,18:04,1:00,平日勤務
E015,2025/6/3,8:48,18:13,1:00,平日勤務
E015,2025/6/5,9:01,17:33,1:00,平日勤務
E015,2025/6/6,8:54,20:03,1:00,平日勤務
E015,2025/6/10,8:55,18:42,1:00,平日勤務
E015,2025/6/11,8:54,18:23,1:00,平日勤務
E015,2025/6/12,9:02,17:45,1:00,平日勤務
E015,2025/6/13,9:12,20:21,1:00,平日勤務
E015,2025/6/14,9:28,17:29,1:00,休日出勤
E015,2025/6/16,8:51,19:06,1:00,平日勤務
E015,2025/6/17,8:59,18:37,1:00,平日勤務
E015,2025/6/19,9:01,17:36,1:00,平日勤務
E015,2025/6/20,9:14,17:56,1:00,平日勤務
E015,2025/6/23,9:14,19:50,1:00,平日勤務
E015,2025/6/24,8:54,21:37,1:00,平日勤務
E015,2025/6/25,8:51,18:16,1:00,平日勤務
E015,2025/6/26,9:04,18:07,1:00,平日勤務
E015,2025/6/27,9:11,21:11,1:00,平日勤務
E015,2025/6/30,9:01,18:06,1:00,平日勤務
E015,2025/7/1,8:57,17:31,1:00,平日勤務
E015,2025/7/2,8:54,17:51,1:00,平日勤務
E015,2025/7/4,8:57,21:36,1:00,平日勤務
E015,2025/7/7,9:02,17:58,1:00,平日勤務
E015,2025/7/8,8:53,19:47,1:00,平日勤務
E015,2025/7/9,9:01,20:32,1:00,平日勤務
E015,2025/7/10,9:06,18:14,1:00,平日勤務
E015,2025/7/11,8:49,17:44,1:00,平日勤務
E015,2025/7/14,9:10,18:17,1:00,平日勤務
E015,2025/7/15,9:10,18:06,1:00,平日勤務
E015,2025/7/16,9:03,18:17,1:00,平日勤務
E015,2025/7/18,8:51,18:15,1:00,平日勤務
E015,2025/7/21,9:06,19:21,1:00,平日勤務
E015,2025/7/22,8:52,18:44,1:00,平日勤務
E015,2025/7/23,9:02,18:39,1:00,平日勤務
E015,2025/7/24,8:49,20:42,1:00,平日勤務
E015,2025/7/25,8:48,17:50,1:00,平日勤務
E015,2025/7/28,8:49,18:11,1:00,平日勤務
E015,2025/7/29,9:07,19:26,1:00,平日勤務
E015,2025/7/30,9:07,17:47,1:00,平日勤務
E015,2025/7/31,9:12,18:41,1:00,平日勤務
E015,2025/8/1,9:00,18:15,1:00,平日勤務
E015,2025/8/4,8:56,20:46,1:00,平日勤務
E015,2025/8/5,8:55,19:23,1:00,平日勤務
E015,2025/8/6,8:53,21:43,1:00,平日勤務
E015,2025/8/7,8:57,18:36,1:00,平日勤務
E015,2025/8/8,9:12,18:08,1:00,平日勤務
E015,2025/8/11,8:59,20:23,1:00,平日勤務
E015,2025/8/12,8:48,18:18,1:00,平日勤務
E015,2025/8/13,8:55,21:46,1:00,平日勤務
E015,2025/8/14,8:52,18:16,1:00,平日勤務
E015,2025/8/18,8:52,18:49,1:00,平日勤務
E015,2025/8/19,8:58,18:45,1:00,平日勤務
E015,2025/8/20,9:10,20:12,1:00,平日勤務
E015,2025/8/21,8:54,17:59,1:00,平日勤務
E015,2025/8/22,8:51,19:54,1:00,平日勤務
E015,2025/8/25,8:49,17:54,1:00,平日勤務
E015,2025/8/26,9:07,17:39,1:00,平日勤務
E015,2025/8/27,8:52,18:02,1:00,平日勤務
E015,2025/8/29,8:54,20:44,1:00,平日勤務
E015,2025/9/1,8:48,20:16,1:00,平日勤務
E015,2025/9/2,8:52,18:29,1:00,平日勤務
E015,2025/9/3,8:52,19:14,1:00,平日勤務
E015,2025/9/4,8:55,18:56,1:00,平日勤務
E015,2025/9/5,8:45,17:57,1:00,平日勤務
E015,2025/9/8,9:01,17:50,1:00,平日勤務
E015,2025/9/9,9:07,17:54,1:00,平日勤務
E015,2025/9/10,8:55,17:33,1:00,平日勤務
E015,2025/9/11,9:07,17:34,1:00,平日勤務
E015,2025/9/12,9:05,18:22,1:00,平日勤務
E015,2025/9/13,10:00,18:11,1:00,休日出勤
E015,2025/9/15,9:00,17:38,1:00,平日勤務
E015,2025/9/16,8:52,21:45,1:00,平日勤務
E015,2025/9/17,8:46,17:58,1:00,平日勤務
E015,2025/9/18,8:48,18:16,1:00,平日勤務
E015,2025/9/19,8:46,17:58,1:00,平日勤務
E015,2025/9/20,10:12,17:03,1:00,休日出勤
E015,2025/9/22,8:48,20:11,1:00,平日勤務
E015,2025/9/23,9:11,18:25,1:00,平日勤務
E015,2025/9/24,8:51,17:53,1:00,平日勤務
E015,2025/9/25,8:59,18:09,1:00,平日勤務
E015,2025/9/26,8:49,18:45,1:00,平日勤務
E015,2025/9/29,9:03,17:37,1:00,平日勤務
E015,2025/9/30,9:01,17:30,1:00,平日勤務
E015,2025/10/2,8:51,18:27,1:00,平日勤務
E015,2025/10/6,8:48,20:48,1:00,平日勤務
E015,2025/10/7,9:12,18:01,1:00,平日勤務
E015,2025/10/8,9:14,18:07,1:00,平日勤務
E015,2025/10/9,8:54,20:24,1:00,平日勤務
E015,2025/10/10,8:48,18:19,1:00,平日勤務
E015,2025/10/13,8:46,21:00,1:00,平日勤務
E015,2025/10/14,9:07,17:55,1:00,平日勤務
E015,2025/10/15,8:48,19:11,1:00,平日勤務
E015,2025/10/16,9:00,18:06,1:00,平日勤務
E015,2025/10/17,9:05,17:31,1:00,平日勤務
E015,2025/10/20,9:12,21:34,1:00,平日勤務
E015,2025/10/22,8:59,18:50,1:00,平日勤務
E015,2025/10/23,8:49,17:49,1:00,平日勤務
E015,2025/10/24,8:47,18:06,1:00,平日勤務
E015,2025/10/27,8:47,18:25,1:00,平日勤務
E015,2025/10/28,8:54,18:10,1:00,平日勤務
E015,2025/10/29,9:12,21:07,1:00,平日勤務
E015,2025/10/31,8:47,19:14,1:00,平日勤務
E015,2025/11/3,9:02,21:33,1:00,平日勤務
E015,2025/11/4,9:07,21:03,1:00,平日勤務
E015,2025/11/5,9:03,19:31,1:00,平日勤務
E015,2025/11/7,9:07,18:13,1:00,平日勤務
E015,2025/11/10,8:48,18:20,1:00,平日勤務
E015,2025/11/11,9:13,17:38,1:00,平日勤務
E015,2025/11/12,8:58,18:10,1:00,平日勤務
E015,2025/11/13,9:12,18:50,1:00,平日勤務
E015,2025/11/14,8:57,18:02,1:00,平日勤務
E015,2025/11/18,8:45,17:34,1:00,平日勤務
E015,2025/11/19,8:52,17:51,1:00,平日勤務
E015,2025/11/20,9:14,18:25,1:00,平日勤務
E015,2025/11/21,8:51,18:40,1:00,平日勤務
E015,2025/11/24,9:13,20:55,1:00,平日勤務
E015,2025/11/25,9:07,18:18,1:00,平日勤務
E015,2025/11/26,8:48,18:46,1:00,平日勤務
E015,2025/11/27,9:14,19:43,1:00,平日勤務
E015,2025/11/28,9:02,20:07,1:00,平日勤務
E015,2025/12/3,8:53,18:29,1:00,平日勤務
E015,2025/12/4,8:47,17:34,1:00,平日勤務
E015,2025/12/5,9:08,18:01,1:00,平日勤務
E015,2025/12/6,9:29,18:47,1:00,休日出勤
E015,2025/12/8,8:50,18:26,1:00,平日勤務
E015,2025/12/9,8:48,18:21,1:00,平日勤務
E015,2025/12/10,8:58,17:42,1:00,平日勤務
E015,2025/12/11,9:01,19:25,1:00,平日勤務
E015,2025/12/12,8:48,18:22,1:00,平日勤務
E015,2025/12/15,8:56,18:19,1:00,平日勤務
E015,2025/12/16,9:12,18:50,1:00,平日勤務
E015,2025/12/17,8:56,18:14,1:00,平日勤務
E015,2025/12/18,8:55,17:41,1:00,平日勤務
E015,2025/12/19,8:53,18:12,1:00,平日勤務
E015,2025/12/22,8:53,18:14,1:00,平日勤務
E015,2025/12/24,8:52,18:34,1:00,平日勤務
E015,2025/12/25,9:12,20:01,1:00,平日勤務
E015,2025/12/29,9:11,18:20,1:00,平日勤務
E015,2025/12/30,8:49,18:22,1:00,平日勤務
E015,2025/12/31,9:07,18:06,1:00,平日勤務
E016,2025/1/1,8:51,19:30,1:00,平日勤務
E016,2025/1/2,9:14,18:32,1:00,平日勤務
E016,2025/1/7,8:45,18:56,1:00,平日勤務
E016,2025/1/8,9:09,17:47,1:00,平日勤務
E016,2025/1/9,8:47,17:34,1:00,平日勤務
E016,2025/1/10,8:53,18:59,1:00,平日勤務
E016,2025/1/13,9:08,17:53,1:00,平日勤務
E016,2025/1/14,8:59,17:52,1:00,平日勤務
E016,2025/1/15,8:50,17:30,1:00,平日勤務
E016,2025/1/16,8:45,19:13,1:00,平日勤務
E016,2025/1/17,9:13,18:02,1:00,平日勤務
E016,2025/1/20,9:02,18:26,1:00,平日勤務
E016,2025/1/21,8:47,18:04,1:00,平日勤務
E016,2025/1/22,8:57,18:13,1:00,平日勤務
E016,2025/1/24,9:14,18:26,1:00,平日勤務
E016,2025/1/28,8:54,17:57,1:00,平日勤務
E016,2025/1/29,8:57,18:30,1:00,平日勤務
E016,2025/1/30,8:54,19:24,1:00,平日勤務
E016,2025/1/31,9:14,18:18,1:00,平日勤務
E016,2025/2/3,9:01,19:49,1:00,平日勤務
E016,2025/2/4,8:46,18:52,1:00,平日勤務
E016,2025/2/6,9:01,18:24,1:00,平日勤務
E016,2025/2/7,9:13,21:34,1:00,平日勤務
E016,2025/2/10,9:06,21:54,1:00,平日勤務
E016,2025/2/11,9:07,17:58,1:00,平日勤務
E016,2025/2/12,9:00,17:40,1:00,平日勤務
E016,2025/2/13,9:00,18:01,1:00,平日勤務
E016,2025/2/17,8:58,20:14,1:00,平日勤務
E016,2025/2/18,9:10,19:53,1:00,平日勤務
E016,2025/2/19,9:05,18:19,1:00,平日勤務
E016,2025/2/20,9:02,18:12,1:00,平日勤務
E016,2025/2/21,9:11,18:10,1:00,平日勤務
E016,2025/2/24,8:56,17:40,1:00,平日勤務
E016,2025/2/25,8:54,18:19,1:00,平日勤務
E016,2025/2/26,9:09,18:11,1:00,平日勤務
E016,2025/2/27,9:01,21:14,1:00,平日勤務
E016,2025/2/28,9:03,18:11,1:00,平日勤務
E016,2025/3/3,8:59,18:08,1:00,平日勤務
E016,2025/3/4,8:50,17:46,1:00,平日勤務
E016,2025/3/5,9:10,17:51,1:00,平日勤務
E016,2025/3/6,8:58,18:21,1:00,平日勤務
E016,2025/3/7,8:51,19:26,1:00,平日勤務
E016,2025/3/10,8:45,18:13,1:00,平日勤務
E016,2025/3/12,8:51,18:31,1:00,平日勤務
E016,2025/3/14,8:46,17:48,1:00,平日勤務
E016,2025/3/18,9:07,19:01,1:00,平日勤務
E016,2025/3/19,9:08,18:48,1:00,平日勤務
E016,2025/3/20,8:48,17:31,1:00,平日勤務
E016,2025/3/24,9:08,17:50,1:00,平日勤務
E016,2025/3/25,8:55,17:58,1:00,平日勤務
E016,2025/3/26,8:49,21:20,1:00,平日勤務
E016,2025/3/27,9:14,18:53,1:00,平日勤務
E016,2025/3/28,8:49,17:59,1:00,平日勤務
E016,2025/4/1,8:54,18:28,1:00,平日勤務
E016,2025/4/2,9:13,18:22,1:00,平日勤務
E016,2025/4/3,9:01,18:22,1:00,平日勤務
E016,2025/4/4,8:56,18:57,1:00,平日勤務
E016,2025/4/7,9:02,20:07,1:00,平日勤務
E016,2025/4/8,9:01,17:49,1:00,平日勤務
E016,2025/4/9,8:59,17:36,1:00,平日勤務
E016,2025/4/10,8:55,18:49,1:00,平日勤務
E016,2025/4/11,9:02,18:39,1:00,平日勤務
E016,2025/4/14,8:59,17:44,1:00,平日勤務
E016,2025/4/16,8:57,19:36,1:00,平日勤務
E016,2025/4/17,9:08,17:34,1:00,平日勤務
E016,2025/4/18,9:03,20:53,1:00,平日勤務
E016,2025/4/22,9:09,17:54,1:00,平日勤務
E016,2025/4/23,9:02,19:10,1:00,平日勤務
E016,2025/4/24,9:10,18:07,1:00,平日勤務
E016,2025/4/25,9:12,19:59,1:00,平日勤務
E016,2025/4/28,9:09,20:28,1:00,平日勤務
E016,2025/4/30,9:06,18:07,1:00,平日勤務
E016,2025/5/1,9:01,18:19,1:00,平日勤務
E016,2025/5/2,9:09,17:42,1:00,平日勤務
E016,2025/5/6,8:58,18:01,1:00,平日勤務
E016,2025/5/7,9:00,21:58,1:00,平日勤務
E016,2025/5/8,8:56,17:32,1:00,平日勤務
E016,2025/5/9,9:11,18:26,1:00,平日勤務
E016,2025/5/12,9:06,18:05,1:00,平日勤務
E016,2025/5/13,8:56,17:51,1:00,平日勤務
E016,2025/5/14,8:56,19:53,1:00,平日勤務
E016,2025/5/15,8:49,17:59,1:00,平日勤務
E016,2025/5/16,9:10,21:44,1:00,平日勤務
E016,2025/5/19,9:06,18:58,1:00,平日勤務
E016,2025/5/20,8:59,19:24,1:00,平日勤務
E016,2025/5/21,9:03,18:08,1:00,平日勤務
E016,2025/5/22,8:56,17:47,1:00,平日勤務
E016,2025/5/23,8:59,18:56,1:00,平日勤務
E016,2025/5/26,9:03,18:42,1:00,平日勤務
E016,2025/5/27,8:59,18:23,1:00,平日勤務
E016,2025/5/28,9:12,20:17,1:00,平日勤務
E016,2025/5/29,9:11,20:20,1:00,平日勤務
E016,2025/5/30,8:56,18:31,1:00,平日勤務
E016,2025/6/2,8:52,18:10,1:00,平日勤務
E016,2025/6/3,9:08,18:32,1:00,平日勤務
E016,2025/6/4,9:09,17:49,1:00,平日勤務
E016,2025/6/5,9:06,18:14,1:00,平日勤務
E016,2025/6/9,8:51,17:55,1:00,平日勤務
E016,2025/6/10,9:12,18:13,1:00,平日勤務
E016,2025/6/11,8:59,20:01,1:00,平日勤務
E016,2025/6/12,8:45,17:41,1:00,平日勤務
E016,2025/6/13,8:46,21:37,1:00,平日勤務
E016,2025/6/17,9:13,20:41,1:00,平日勤務
E016,2025/6/18,9:00,18:39,1:00,平日勤務
E016,2025/6/19,9:03,18:21,1:00,平日勤務
E016,2025/6/20,8:53,21:42,1:00,平日勤務
E016,2025/6/23,9:02,17:57,1:00,平日勤務
E016,2025/6/24,9:01,17:33,1:00,平日勤務
E016,2025/6/26,9:11,18:19,1:00,平日勤務
E016,2025/6/30,8:55,18:21,1:00,平日勤務
E016,2025/7/1,9:07,18:14,1:00,平日勤務
E016,2025/7/2,8:49,17:55,1:00,平日勤務
E016,2025/7/3,8:52,17:59,1:00,平日勤務
E016,2025/7/4,8:47,17:43,1:00,平日勤務
E016,2025/7/7,9:13,18:06,1:00,平日勤務
E016,2025/7/8,9:14,21:41,1:00,平日勤務
E016,2025/7/9,8:52,18:15,1:00,平日勤務
E016,2025/7/10,8:49,18:05,1:00,平日勤務
E016,2025/7/11,8:48,17:31,1:00,平日勤務
E016,2025/7/14,9:09,19:00,1:00,平日勤務
E016,2025/7/15,9:03,17:53,1:00,平日勤務
E016,2025/7/16,9:01,18:39,1:00,平日勤務
E016,2025/7/17,9:04,18:24,1:00,平日勤務
E016,2025/7/18,9:04,17:37,1:00,平日勤務
E016,2025/7/21,8:48,18:27,1:00,平日勤務
E016,2025/7/22,8:57,18:32,1:00,平日勤務
E016,2025/7/23,8:52,19:59,1:00,平日勤務
E016,2025/7/24,9:05,18:27,1:00,平日勤務
E016,2025/7/25,8:50,18:28,1:00,平日勤務
E016,2025/7/28,8:45,19:09,1:00,平日勤務
E016,2025/7/29,9:01,18:15,1:00,平日勤務
E016,2025/7/30,8:57,18:04,1:00,平日勤務
E016,2025/7/31,9:11,18:54,1:00,平日勤務
E016,2025/8/1,8:53,20:59,1:00,平日勤務
E016,2025/8/4,8:58,17:54,1:00,平日勤務
E016,2025/8/5,9:13,17:47,1:00,平日勤務
E016,2025/8/6,9:04,19:11,1:00,平日勤務
E016,2025/8/7,8:49,19:53,1:00,平日勤務
E016,2025/8/8,9:09,19:55,1:00,平日勤務
E016,2025/8/11,9:01,21:28,1:00,平日勤務
E016,2025/8/12,9:11,19:40,1:00,平日勤務
E016,2025/8/13,9:14,17:48,1:00,平日勤務
E016,2025/8/14,9:11,18:19,1:00,平日勤務
E016,2025/8/15,9:12,17:52,1:00,平日勤務
E016,2025/8/18,9:14,18:58,1:00,平日勤務
E016,2025/8/19,9:05,17:39,1:00,平日勤務
E016,2025/8/20,9:10,17:31,1:00,平日勤務
E016,2025/8/21,9:08,18:26,1:00,平日勤務
E016,2025/8/22,9:03,20:16,1:00,平日勤務
E016,2025/8/25,9:07,18:05,1:00,平日勤務
E016,2025/8/26,9:01,20:01,1:00,平日勤務
E016,2025/8/27,9:08,17:59,1:00,平日勤務
E016,2025/8/28,8:56,20:59,1:00,平日勤務
E016,2025/8/29,9:12,18:02,1:00,平日勤務
E016,2025/9/1,8:55,17:42,1:00,平日勤務
E016,2025/9/2,8:54,17:42,1:00,平日勤務
E016,2025/9/3,9:12,18:18,1:00,平日勤務
E016,2025/9/4,9:14,17:43,1:00,平日勤務
E016,2025/9/5,8:57,18:32,1:00,平日勤務
E016,2025/9/8,9:02,20:27,1:00,平日勤務
E016,2025/9/9,9:08,20:06,1:00,平日勤務
E016,2025/9/10,9:04,18:26,1:00,平日勤務
E016,2025/9/11,9:10,19:25,1:00,平日勤務
E016,2025/9/12,9:04,18:01,1:00,平日勤務
E016,2025/9/15,8:55,18:00,1:00,平日勤務
E016,2025/9/16,9:08,21:35,1:00,平日勤務
E016,2025/9/17,8:53,17:59,1:00,平日勤務
E016,2025/9/18,8:51,18:23,1:00,平日勤務
E016,2025/9/19,9:12,19:34,1:00,平日勤務
E016,2025/9/22,9:06,18:07,1:00,平日勤務
E016,2025/9/23,9:06,19:44,1:00,平日勤務
E016,2025/9/24,8:51,17:51,1:00,平日勤務
E016,2025/9/25,9:10,17:36,1:00,平日勤務
E016,2025/9/26,9:05,17:38,1:00,平日勤務
E016,2025/9/29,9:04,17:44,1:00,平日勤務
E016,2025/9/30,8:53,18:09,1:00,平日勤務
E016,2025/10/1,8:45,18:00,1:00,平日勤務
E016,2025/10/2,9:14,17:49,1:00,平日勤務
E016,2025/10/3,9:07,18:23,1:00,平日勤務
E016,2025/10/6,8:55,17:58,1:00,平日勤務
E016,2025/10/7,8:48,20:07,1:00,平日勤務
E016,2025/10/8,9:14,18:37,1:00,平日勤務
E016,2025/10/9,9:01,18:58,1:00,平日勤務
E016,2025/10/13,8:51,18:44,1:00,平日勤務
E016,2025/10/14,8:50,20:21,1:00,平日勤務
E016,2025/10/15,8:46,18:14,1:00,平日勤務
E016,2025/10/16,8:57,18:17,1:00,平日勤務
E016,2025/10/17,8:50,18:13,1:00,平日勤務
E016,2025/10/20,9:11,18:39,1:00,平日勤務
E016,2025/10/22,9:12,19:49,1:00,平日勤務
E016,2025/10/23,9:07,20:41,1:00,平日勤務
E016,2025/10/24,8:49,17:39,1:00,平日勤務
E016,2025/10/27,8:46,17:49,1:00,平日勤務
E016,2025/10/28,8:48,20:30,1:00,平日勤務
E016,2025/10/29,8:48,17:44,1:00,平日勤務
E016,2025/10/30,9:09,17:54,1:00,平日勤務
E016,2025/10/31,8:56,18:19,1:00,平日勤務
E016,2025/11/3,9:14,21:08,1:00,平日勤務
E016,2025/11/4,8:56,18:23,1:00,平日勤務
E016,2025/11/6,8:49,17:41,1:00,平日勤務
E016,2025/11/7,8:50,20:51,1:00,平日勤務
E016,2025/11/11,9:05,18:57,1:00,平日勤務
E016,2025/11/12,9:13,17:55,1:00,平日勤務
E016,2025/11/13,8:58,20:24,1:00,平日勤務
E016,2025/11/14,9:08,20:29,1:00,平日勤務
E016,2025/11/17,9:04,19:06,1:00,平日勤務
E016,2025/11/18,8:45,18:47,1:00,平日勤務
E016,2025/11/19,9:13,18:10,1:00,平日勤務
E016,2025/11/20,9:00,18:23,1:00,平日勤務
E016,2025/11/21,8:58,18:51,1:00,平日勤務
E016,2025/11/24,9:06,18:44,1:00,平日勤務
E016,2025/11/25,8:50,19:17,1:00,平日勤務
E016,2025/11/26,8:58,17:38,1:00,平日勤務
E016,2025/12/1,9:12,18:03,1:00,平日勤務
E016,2025/12/3,9:00,21:45,1:00,平日勤務
E016,2025/12/4,9:06,18:18,1:00,平日勤務
E016,2025/12/5,9:09,19:27,1:00,平日勤務
E016,2025/12/8,9:08,19:46,1:00,平日勤務
E016,2025/12/11,8:58,19:13,1:00,平日勤務
E016,2025/12/12,8:56,18:22,1:00,平日勤務
E016,2025/12/15,8:51,19:35,1:00,平日勤務
E016,2025/12/16,8:55,17:37,1:00,平日勤務
E016,2025/12/17,8:56,19:01,1:00,平日勤務
E016,2025/12/18,9:11,17:35,1:00,平日勤務
E016,2025/12/19,8:57,17:46,1:00,平日勤務
E016,2025/12/22,9:05,18:15,1:00,平日勤務
E016,2025/12/23,8:48,18:24,1:00,平日勤務
E016,2025/12/24,8:53,17:37,1:00,平日勤務
E016,2025/12/25,9:14,21:37,1:00,平日勤務
E016,2025/12/26,9:06,20:53,1:00,平日勤務
E016,2025/12/29,8:51,17:41,1:00,平日勤務
E016,2025/12/30,8:57,18:25,1:00,平日勤務
E016,2025/12/31,8:54,17:49,1:00,平日勤務
E017,2025/1/1,9:10,19:15,1:00,平日勤務
E017,2025/1/2,9:03,18:38,1:00,平日勤務
E017,2025/1/3,9:08,18:36,1:00,平日勤務
E017,2025/1/6,9:07,17:44,1:00,平日勤務
E017,2025/1/7,8:46,18:10,1:00,平日勤務
E017,2025/1/8,9:10,19:01,1:00,平日勤務
E017,2025/1/9,8:59,21:25,1:00,平日勤務
E017,2025/1/10,8:49,18:45,1:00,平日勤務
E017,2025/1/13,9:09,18:20,1:00,平日勤務
E017,2025/1/14,9:04,17:44,1:00,平日勤務
E017,2025/1/15,8:46,18:39,1:00,平日勤務
E017,2025/1/16,9:10,17:34,1:00,平日勤務
E017,2025/1/17,9:02,18:58,1:00,平日勤務
E017,2025/1/20,9:09,19:14,1:00,平日勤務
E017,2025/1/21,9:13,19:43,1:00,平日勤務
E017,2025/1/23,9:06,20:19,1:00,平日勤務
E017,2025/1/24,9:03,19:16,1:00,平日勤務
E017,2025/1/29,9:06,18:03,1:00,平日勤務
E017,2025/1/30,8:46,19:33,1:00,平日勤務
E017,2025/1/31,9:13,21:51,1:00,平日勤務
E017,2025/2/3,8:48,19:50,1:00,平日勤務
E017,2025/2/4,8:55,18:01,1:00,平日勤務
E017,2025/2/5,8:52,20:21,1:00,平日勤務
E017,2025/2/6,8:58,21:42,1:00,平日勤務
E017,2025/2/7,9:01,18:20,1:00,平日勤務
E017,2025/2/11,8:56,21:54,1:00,平日勤務
E017,2025/2/12,9:12,18:59,1:00,平日勤務
E017,2025/2/13,9:13,20:17,1:00,平日勤務
E017,2025/2/14,8:54,19:07,1:00,平日勤務
E017,2025/2/17,9:08,18:23,1:00,平日勤務
E017,2025/2/18,8:54,19:28,1:00,平日勤務
E017,2025/2/20,9:04,18:38,1:00,平日勤務
E017,2025/2/21,9:06,18:16,1:00,平日勤務
E017,2025/2/24,9:04,17:39,1:00,平日勤務
E017,2025/2/26,9:12,19:27,1:00,平日勤務
E017,2025/2/27,8:54,18:40,1:00,平日勤務
E017,2025/3/3,9:13,18:20,1:00,平日勤務
E017,2025/3/4,9:04,21:58,1:00,平日勤務
E017,2025/3/5,8:47,18:58,1:00,平日勤務
E017,2025/3/6,8:54,19:18,1:00,平日勤務
E017,2025/3/10,9:12,19:53,1:00,平日勤務
E017,2025/3/11,8:47,17:43,1:00,平日勤務
E017,2025/3/12,8:55,18:03,1:00,平日勤務
E017,2025/3/13,8:48,17:36,1:00,平日勤務
E017,2025/3/14,8:47,18:43,1:00,平日勤務
E017,2025/3/17,9:13,21:36,1:00,平日勤務
E017,2025/3/18,8:52,20:31,1:00,平日勤務
E017,2025/3/19,8:51,19:25,1:00,平日勤務
E017,2025/3/20,8:45,18:17,1:00,平日勤務
E017,2025/3/24,8:58,17:59,1:00,平日勤務
E017,2025/3/25,8:56,17:33,1:00,平日勤務
E017,2025/3/26,8:45,18:45,1:00,平日勤務
E017,2025/3/27,9:06,20:23,1:00,平日勤務
E017,2025/3/28,9:06,17:47,1:00,平日勤務
E017,2025/3/31,9:08,18:13,1:00,平日勤務
E017,2025/4/2,8:53,19:35,1:00,平日勤務
E017,2025/4/3,9:05,17:50,1:00,平日勤務
E017,2025/4/4,9:12,17:51,1:00,平日勤務
E017,2025/4/7,8:51,19:02,1:00,平日勤務
E017,2025/4/8,9:06,18:37,1:00,平日勤務
E017,2025/4/9,8:57,17:48,1:00,平日勤務
E017,2025/4/10,8:57,17:53,1:00,平日勤務
E017,2025/4/11,8:45,18:08,1:00,平日勤務
E017,2025/4/14,9:14,18:02,1:00,平日勤務
E017,2025/4/15,9:03,18:08,1:00,平日勤務
E017,2025/4/16,8:48,21:01,1:00,平日勤務
E017,2025/4/17,9:10,17:59,1:00,平日勤務
E017,2025/4/18,8:51,17:59,1:00,平日勤務
E017,2025/4/21,9:01,20:29,1:00,平日勤務
E017,2025/4/22,8:55,18:19,1:00,平日勤務
E017,2025/4/24,8:57,17:58,1:00,平日勤務
E017,2025/4/25,8:45,21:03,1:00,平日勤務
E017,2025/4/28,8:48,18:18,1:00,平日勤務
E017,2025/4/29,9:02,18:29,1:00,平日勤務
E017,2025/5/1,9:00,18:14,1:00,平日勤務
E017,2025/5/2,8:48,17:56,1:00,平日勤務
E017,2025/5/5,8:56,19:39,1:00,平日勤務
E017,2025/5/6,8:49,18:23,1:00,平日勤務
E017,2025/5/7,8:45,18:00,1:00,平日勤務
E017,2025/5/8,8:47,17:40,1:00,平日勤務
E017,2025/5/9,9:03,17:52,1:00,平日勤務
E017,2025/5/12,8:49,21:36,1:00,平日勤務
E017,2025/5/13,9:05,17:44,1:00,平日勤務
E017,2025/5/14,8:54,18:25,1:00,平日勤務
E017,2025/5/15,8:49,21:36,1:00,平日勤務
E017,2025/5/19,9:11,18:53,1:00,平日勤務
E017,2025/5/20,8:50,17:52,1:00,平日勤務
E017,2025/5/21,9:04,18:31,1:00,平日勤務
E017,2025/5/22,9:06,17:46,1:00,平日勤務
E017,2025/5/23,9:08,17:51,1:00,平日勤務
E017,2025/5/26,9:06,17:51,1:00,平日勤務
E017,2025/5/27,9:02,18:14,1:00,平日勤務
E017,2025/5/28,8:52,20:15,1:00,平日勤務
E017,2025/5/29,8:52,18:27,1:00,平日勤務
E017,2025/5/30,8:50,17:38,1:00,平日勤務
E017,2025/6/2,8:47,21:55,1:00,平日勤務
E017,2025/6/3,8:46,18:55,1:00,平日勤務
E017,2025/6/6,9:01,18:22,1:00,平日勤務
E017,2025/6/10,8:56,17:47,1:00,平日勤務
E017,2025/6/12,9:08,18:41,1:00,平日勤務
E017,2025/6/13,9:08,19:41,1:00,平日勤務
E017,2025/6/16,8:52,18:38,1:00,平日勤務
E017,2025/6/18,8:52,21:14,1:00,平日勤務
E017,2025/6/19,9:04,18:04,1:00,平日勤務
E017,2025/6/24,8:45,17:59,1:00,平日勤務
E017,2025/6/25,9:00,19:26,1:00,平日勤務
E017,2025/6/26,9:05,17:46,1:00,平日勤務
E017,2025/6/27,8:58,18:57,1:00,平日勤務
E017,2025/6/30,9:14,18:29,1:00,平日勤務
E017,2025/7/1,9:07,17:59,1:00,平日勤務
E017,2025/7/3,9:06,19:40,1:00,平日勤務
E017,2025/7/4,8:48,18:14,1:00,平日勤務
E017,2025/7/7,8:58,21:39,1:00,平日勤務
E017,2025/7/8,8:57,17:58,1:00,平日勤務
E017,2025/7/9,9:07,21:17,1:00,平日勤務
E017,2025/7/10,8:49,17:37,1:00,平日勤務
E017,2025/7/11,9:14,21:02,1:00,平日勤務
E017,2025/7/14,8:49,17:41,1:00,平日勤務
E017,2025/7/15,9:05,18:33,1:00,平日勤務
E017,2025/7/16,9:03,18:35,1:00,平日勤務
E017,2025/7/17,9:07,18:21,1:00,平日勤務
E017,2025/7/18,9:03,17:31,1:00,平日勤務
E017,2025/7/22,8:53,19:24,1:00,平日勤務
E017,2025/7/23,8:45,17:40,1:00,平日勤務
E017,2025/7/24,8:49,18:47,1:00,平日勤務
E017,2025/7/25,8:59,21:21,1:00,平日勤務
E017,2025/7/28,8:57,17:47,1:00,平日勤務
E017,2025/7/29,9:08,17:33,1:00,平日勤務
E017,2025/7/30,8:48,17:33,1:00,平日勤務
E017,2025/7/31,9:14,19:18,1:00,平日勤務
E017,2025/8/1,9:14,18:01,1:00,平日勤務
E017,2025/8/4,9:12,17:45,1:00,平日勤務
E017,2025/8/5,8:54,18:14,1:00,平日勤務
E017,2025/8/6,8:51,18:19,1:00,平日勤務
E017,2025/8/7,8:46,17:33,1:00,平日勤務
E017,2025/8/11,9:14,17:57,1:00,平日勤務
E017,2025/8/12,9:08,21:01,1:00,平日勤務
E017,2025/8/13,8:51,21:49,1:00,平日勤務
E017,2025/8/14,9:08,18:11,1:00,平日勤務
E017,2025/8/15,9:07,19:51,1:00,平日勤務
E017,2025/8/18,9:10,19:16,1:00,平日勤務
E017,2025/8/19,9:10,18:42,1:00,平日勤務
E017,2025/8/21,8:53,21:55,1:00,平日勤務
E017,2025/8/22,8:48,18:18,1:00,平日勤務
E017,2025/8/25,9:12,18:46,1:00,平日勤務
E017,2025/8/26,8:48,18:44,1:00,平日勤務
E017,2025/8/27,8:55,18:08,1:00,平日勤務
E017,2025/8/28,8:59,18:09,1:00,平日勤務
E017,2025/8/29,8:48,19:11,1:00,平日勤務
E017,2025/9/2,9:09,18:10,1:00,平日勤務
E017,2025/9/3,9:08,17:46,1:00,平日勤務
E017,2025/9/4,9:12,18:16,1:00,平日勤務
E017,2025/9/5,8:45,18:59,1:00,平日勤務
E017,2025/9/8,9:00,18:31,1:00,平日勤務
E017,2025/9/9,9:08,18:18,1:00,平日勤務
E017,2025/9/10,9:05,18:18,1:00,平日勤務
E017,2025/9/11,8:49,17:49,1:00,平日勤務
E017,2025/9/12,8:48,18:05,1:00,平日勤務
E017,2025/9/15,8:50,18:45,1:00,平日勤務
E017,2025/9/16,8:54,18:13,1:00,平日勤務
E017,2025/9/18,9:06,19:21,1:00,平日勤務
E017,2025/9/19,8:53,18:26,1:00,平日勤務
E017,2025/9/22,8:58,19:10,1:00,平日勤務
E017,2025/9/23,9:06,21:38,1:00,平日勤務
E017,2025/9/24,9:04,20:54,1:00,平日勤務
E017,2025/9/25,9:00,21:31,1:00,平日勤務
E017,2025/9/26,9:11,18:25,1:00,平日勤務
E017,2025/9/29,9:14,18:19,1:00,平日勤務
E017,2025/9/30,8:56,18:49,1:00,平日勤務
E017,2025/10/1,8:51,18:44,1:00,平日勤務
E017,2025/10/2,8:54,17:53,1:00,平日勤務
E017,2025/10/3,9:09,17:32,1:00,平日勤務
E017,2025/10/6,8:53,19:47,1:00,平日勤務
E017,2025/10/7,8:58,21:14,1:00,平日勤務
E017,2025/10/8,8:46,17:31,1:00,平日勤務
E017,2025/10/9,8:54,18:01,1:00,平日勤務
E017,2025/10/10,9:03,18:26,1:00,平日勤務
E017,2025/10/13,9:13,17:51,1:00,平日勤務
E017,2025/10/14,9:07,18:56,1:00,平日勤務
E017,2025/10/15,8:48,21:18,1:00,平日勤務
E017,2025/10/16,8:51,20:49,1:00,平日勤務
E017,2025/10/20,8:54,21:50,1:00,平日勤務
E017,2025/10/21,9:08,18:12,1:00,平日勤務
E017,2025/10/22,9:04,20:09,1:00,平日勤務
E017,2025/10/23,8:50,20:09,1:00,平日勤務
E017,2025/10/24,8:57,19:21,1:00,平日勤務
E017,2025/10/27,9:08,20:55,1:00,平日勤務
E017,2025/10/28,9:09,17:53,1:00,平日勤務
E017,2025/10/29,9:02,20:01,1:00,平日勤務
E017,2025/10/30,8:50,17:35,1:00,平日勤務
E017,2025/10/31,8:53,18:28,1:00,平日勤務
E017,2025/11/3,8:50,21:18,1:00,平日勤務
E017,2025/11/4,9:02,18:22,1:00,平日勤務
E017,2025/11/6,8:46,18:24,1:00,平日勤務
E017,2025/11/7,9:05,18:03,1:00,平日勤務
E017,2025/11/10,9:04,18:20,1:00,平日勤務
E017,2025/11/11,9:02,21:38,1:00,平日勤務
E017,2025/11/12,9:05,17:42,1:00,平日勤務
E017,2025/11/13,8:59,18:28,1:00,平日勤務
E017,2025/11/17,9:04,20:51,1:00,平日勤務
E017,2025/11/18,9:08,18:38,1:00,平日勤務
E017,2025/11/19,9:12,21:40,1:00,平日勤務
E017,2025/11/20,9:12,18:08,1:00,平日勤務
E017,2025/11/21,9:11,19:56,1:00,平日勤務
E017,2025/11/23,10:05,16:57,1:00,休日出勤
E017,2025/11/25,9:12,17:34,1:00,平日勤務
E017,2025/11/26,8:48,18:54,1:00,平日勤務
E017,2025/11/27,9:06,18:42,1:00,平日勤務
E017,2025/11/28,9:11,19:26,1:00,平日勤務
E017,2025/11/29,10:05,18:44,1:00,休日出勤
E017,2025/12/1,8:51,17:44,1:00,平日勤務
E017,2025/12/2,9:00,21:00,1:00,平日勤務
E017,2025/12/3,8:51,18:38,1:00,平日勤務
E017,2025/12/4,9:03,17:42,1:00,平日勤務
E017,2025/12/8,8:52,17:31,1:00,平日勤務
E017,2025/12/9,9:13,17:57,1:00,平日勤務
E017,2025/12/10,9:09,19:15,1:00,平日勤務
E017,2025/12/11,8:46,20:44,1:00,平日勤務
E017,2025/12/12,8:58,19:00,1:00,平日勤務
E017,2025/12/15,8:47,18:21,1:00,平日勤務
E017,2025/12/16,8:58,17:39,1:00,平日勤務
E017,2025/12/17,9:03,17:40,1:00,平日勤務
E017,2025/12/18,9:11,18:46,1:00,平日勤務
E017,2025/12/19,9:02,18:11,1:00,平日勤務
E017,2025/12/22,9:00,18:49,1:00,平日勤務
E017,2025/12/23,8:51,18:20,1:00,平日勤務
E017,2025/12/24,8:55,18:00,1:00,平日勤務
E017,2025/12/25,8:45,18:10,1:00,平日勤務
E017,2025/12/26,9:10,18:20,1:00,平日勤務
E017,2025/12/29,8:48,17:53,1:00,平日勤務
E017,2025/12/30,9:13,17:57,1:00,平日勤務
E017,2025/12/31,9:08,20:21,1:00,平日勤務
E018,2025/1/1,8:53,20:48,1:00,平日勤務
E018,2025/1/2,8:52,18:20,1:00,平日勤務
E018,2025/1/3,9:00,17:46,1:00,平日勤務
E018,2025/1/6,8:51,18:00,1:00,平日勤務
E018,2025/1/8,9:14,18:28,1:00,平日勤務
E018,2025/1/10,8:49,17:44,1:00,平日勤務
E018,2025/1/13,9:09,17:57,1:00,平日勤務
E018,2025/1/16,9:11,20:18,1:00,平日勤務
E018,2025/1/17,9:09,21:42,1:00,平日勤務
E018,2025/1/20,9:04,18:04,1:00,平日勤務
E018,2025/1/21,9:08,17:47,1:00,平日勤務
E018,2025/1/22,8:46,17:48,1:00,平日勤務
E018,2025/1/23,8:57,18:27,1:00,平日勤務
E018,2025/1/24,9:13,18:35,1:00,平日勤務
E018,2025/1/27,9:09,18:23,1:00,平日勤務
E018,2025/1/28,8:45,21:16,1:00,平日勤務
E018,2025/1/29,8:56,19:40,1:00,平日勤務
E018,2025/1/30,9:06,17:31,1:00,平日勤務
E018,2025/1/31,9:06,21:34,1:00,平日勤務
E018,2025/2/3,9:14,18:41,1:00,平日勤務
E018,2025/2/4,9:02,17:37,1:00,平日勤務
E018,2025/2/5,8:47,17:42,1:00,平日勤務
E018,2025/2/6,8:54,18:54,1:00,平日勤務
E018,2025/2/7,8:47,19:36,1:00,平日勤務
E018,2025/2/10,8:55,18:57,1:00,平日勤務
E018,2025/2/11,9:03,19:45,1:00,平日勤務
E018,2025/2/12,8:59,18:58,1:00,平日勤務
E018,2025/2/13,9:11,18:26,1:00,平日勤務
E018,2025/2/14,8:49,18:57,1:00,平日勤務
E018,2025/2/17,9:09,20:31,1:00,平日勤務
E018,2025/2/18,8:58,19:27,1:00,平日勤務
E018,2025/2/19,9:08,18:30,1:00,平日勤務
E018,2025/2/20,9:00,18:29,1:00,平日勤務
E018,2025/2/21,9:09,17:47,1:00,平日勤務
E018,2025/2/24,8:57,17:45,1:00,平日勤務
E018,2025/2/25,9:08,17:58,1:00,平日勤務
E018,2025/2/26,9:14,18:22,1:00,平日勤務
E018,2025/2/27,8:50,18:32,1:00,平日勤務
E018,2025/3/3,8:50,19:48,1:00,平日勤務
E018,2025/3/4,8:56,17:33,1:00,平日勤務
E018,2025/3/5,9:07,19:36,1:00,平日勤務
E018,2025/3/6,9:01,20:06,1:00,平日勤務
E018,2025/3/7,8:57,19:38,1:00,平日勤務
E018,2025/3/10,9:03,21:27,1:00,平日勤務
E018,2025/3/11,9:14,17:30,1:00,平日勤務
E018,2025/3/12,8:54,18:25,1:00,平日勤務
E018,2025/3/13,9:04,18:12,1:00,平日勤務
E018,2025/3/14,8:46,18:11,1:00,平日勤務
E018,2025/3/18,9:09,18:15,1:00,平日勤務
E018,2025/3/19,9:12,18:29,1:00,平日勤務
E018,2025/3/21,9:11,19:10,1:00,平日勤務
E018,2025/3/24,8:55,17:45,1:00,平日勤務
E018,2025/3/26,9:02,18:24,1:00,平日勤務
E018,2025/3/27,9:04,20:12,1:00,平日勤務
E018,2025/3/28,9:13,21:26,1:00,平日勤務
E018,2025/3/31,8:45,18:20,1:00,平日勤務
E018,2025/4/1,9:02,18:33,1:00,平日勤務
E018,2025/4/2,8:46,20:52,1:00,平日勤務
E018,2025/4/3,8:47,19:52,1:00,平日勤務
E018,2025/4/4,9:11,17:46,1:00,平日勤務
E018,2025/4/7,8:51,19:49,1:00,平日勤務
E018,2025/4/8,9:13,18:55,1:00,平日勤務
E018,2025/4/9,8:46,18:29,1:00,平日勤務
E018,2025/4/11,9:08,18:08,1:00,平日勤務
E018,2025/4/14,9:13,18:03,1:00,平日勤務
E018,2025/4/15,9:06,18:51,1:00,平日勤務
E018,2025/4/18,9:05,18:28,1:00,平日勤務
E018,2025/4/21,8:58,19:56,1:00,平日勤務
E018,2025/4/22,9:02,17:51,1:00,平日勤務
E018,2025/4/23,8:54,18:12,1:00,平日勤務
E018,2025/4/24,8:52,17:41,1:00,平日勤務
E018,2025/4/25,9:14,20:59,1:00,平日勤務
E018,2025/4/28,8:49,21:31,1:00,平日勤務
E018,2025/4/29,8:45,21:08,1:00,平日勤務
E018,2025/4/30,8:56,20:55,1:00,平日勤務
E018,2025/5/1,8:55,18:26,1:00,平日勤務
E018,2025/5/2,9:07,18:05,1:00,平日勤務
E018,2025/5/5,8:55,19:09,1:00,平日勤務
E018,2025/5/6,9:14,18:07,1:00,平日勤務
E018,2025/5/7,9:12,20:49,1:00,平日勤務
E018,2025/5/8,9:11,18:02,1:00,平日勤務
E018,2025/5/9,9:11,18:19,1:00,平日勤務
E018,2025/5/12,8:57,21:02,1:00,平日勤務
E018,2025/5/13,8:49,18:10,1:00,平日勤務
E018,2025/5/14,9:04,17:58,1:00,平日勤務
E018,2025/5/15,8:56,17:54,1:00,平日勤務
E018,2025/5/16,8:45,17:38,1:00,平日勤務
E018,2025/5/19,9:12,17:52,1:00,平日勤務
E018,2025/5/20,9:02,17:45,1:00,平日勤務
E018,2025/5/21,9:02,20:10,1:00,平日勤務
E018,2025/5/22,9:08,18:19,1:00,平日勤務
E018,2025/5/26,8:49,17:52,1:00,平日勤務
E018,2025/5/27,9:05,18:11,1:00,平日勤務
E018,2025/5/28,8:51,19:34,1:00,平日勤務
E018,2025/5/29,9:12,18:56,1:00,平日勤務
E018,2025/5/30,8:51,18:22,1:00,平日勤務
E018,2025/6/2,8:47,21:29,1:00,平日勤務
E018,2025/6/3,9:12,18:37,1:00,平日勤務
E018,2025/6/4,9:07,17:53,1:00,平日勤務
E018,2025/6/5,9:14,17:48,1:00,平日勤務
E018,2025/6/6,8:45,21:16,1:00,平日勤務
E018,2025/6/9,8:58,20:17,1:00,平日勤務
E018,2025/6/10,8:58,18:49,1:00,平日勤務
E018,2025/6/11,9:03,18:52,1:00,平日勤務
E018,2025/6/12,9:08,18:14,1:00,平日勤務
E018,2025/6/13,8:57,17:51,1:00,平日勤務
E018,2025/6/16,8:47,17:42,1:00,平日勤務
E018,2025/6/17,9:07,18:27,1:00,平日勤務
E018,2025/6/18,9:07,19:52,1:00,平日勤務
E018,2025/6/19,9:12,17:30,1:00,平日勤務
E018,2025/6/20,8:52,18:05,1:00,平日勤務
E018,2025/6/23,9:10,19:07,1:00,平日勤務
E018,2025/6/24,9:04,18:19,1:00,平日勤務
E018,2025/6/26,9:11,18:50,1:00,平日勤務
E018,2025/6/27,9:07,18:34,1:00,平日勤務
E018,2025/6/30,8:58,17:46,1:00,平日勤務
E018,2025/7/1,9:12,17:41,1:00,平日勤務
E018,2025/7/2,9:05,20:53,1:00,平日勤務
E018,2025/7/3,8:46,17:32,1:00,平日勤務
E018,2025/7/4,9:12,19:28,1:00,平日勤務
E018,2025/7/7,9:14,18:44,1:00,平日勤務
E018,2025/7/8,9:10,18:35,1:00,平日勤務
E018,2025/7/9,9:03,17:38,1:00,平日勤務
E018,2025/7/10,8:49,18:08,1:00,平日勤務
E018,2025/7/11,8:53,17:53,1:00,平日勤務
E018,2025/7/14,8:49,17:54,1:00,平日勤務
E018,2025/7/15,9:12,17:48,1:00,平日勤務
E018,2025/7/16,8:58,17:37,1:00,平日勤務
E018,2025/7/17,9:07,20:43,1:00,平日勤務
E018,2025/7/18,9:03,18:09,1:00,平日勤務
E018,2025/7/21,8:52,17:41,1:00,平日勤務
E018,2025/7/22,9:08,18:30,1:00,平日勤務
E018,2025/7/23,8:56,17:58,1:00,平日勤務
E018,2025/7/24,8:56,17:35,1:00,平日勤務
E018,2025/7/25,9:05,17:58,1:00,平日勤務
E018,2025/7/26,10:24,17:45,1:00,休日出勤
E018,2025/7/29,8:49,18:26,1:00,平日勤務
E018,2025/7/30,8:51,18:23,1:00,平日勤務
E018,2025/7/31,8:51,18:28,1:00,平日勤務
E018,2025/8/4,9:08,18:32,1:00,平日勤務
E018,2025/8/5,9:01,18:14,1:00,平日勤務
E018,2025/8/6,8:48,17:33,1:00,平日勤務
E018,2025/8/7,9:08,18:18,1:00,平日勤務
E018,2025/8/8,9:11,19:10,1:00,平日勤務
E018,2025/8/12,9:01,18:14,1:00,平日勤務
E018,2025/8/13,9:09,19:53,1:00,平日勤務
E018,2025/8/14,9:09,21:26,1:00,平日勤務
E018,2025/8/15,9:00,20:51,1:00,平日勤務
E018,2025/8/18,9:10,18:43,1:00,平日勤務
E018,2025/8/19,9:06,17:58,1:00,平日勤務
E018,2025/8/20,8:59,19:17,1:00,平日勤務
E018,2025/8/21,8:48,18:20,1:00,平日勤務
E018,2025/8/27,8:51,18:38,1:00,平日勤務
E018,2025/8/28,9:07,18:03,1:00,平日勤務
E018,2025/9/1,9:02,18:16,1:00,平日勤務
E018,2025/9/2,9:02,17:41,1:00,平日勤務
E018,2025/9/3,9:07,18:23,1:00,平日勤務
E018,2025/9/4,9:12,20:19,1:00,平日勤務
E018,2025/9/5,9:02,17:53,1:00,平日勤務
E018,2025/9/8,9:01,18:16,1:00,平日勤務
E018,2025/9/9,8:48,17:54,1:00,平日勤務
E018,2025/9/10,8:53,20:27,1:00,平日勤務
E018,2025/9/11,8:53,18:25,1:00,平日勤務
E018,2025/9/12,8:50,17:37,1:00,平日勤務
E018,2025/9/15,8:49,17:43,1:00,平日勤務
E018,2025/9/16,9:09,17:32,1:00,平日勤務
E018,2025/9/17,8:56,17:49,1:00,平日勤務
E018,2025/9/18,8:50,19:39,1:00,平日勤務
E018,2025/9/19,9:06,17:46,1:00,平日勤務
E018,2025/9/22,9:02,18:13,1:00,平日勤務
E018,2025/9/23,8:54,20:51,1:00,平日勤務
E018,2025/9/24,8:54,18:55,1:00,平日勤務
E018,2025/9/26,9:13,19:18,1:00,平日勤務
E018,2025/9/29,8:45,20:48,1:00,平日勤務
E018,2025/9/30,9:05,18:07,1:00,平日勤務
E018,2025/10/1,9:00,18:49,1:00,平日勤務
E018,2025/10/2,9:09,17:50,1:00,平日勤務
E018,2025/10/3,8:55,18:41,1:00,平日勤務
E018,2025/10/6,9:01,20:50,1:00,平日勤務
E018,2025/10/7,8:50,17:58,1:00,平日勤務
E018,2025/10/8,8:56,18:30,1:00,平日勤務
E018,2025/10/9,9:12,17:39,1:00,平日勤務
E018,2025/10/10,9:08,18:23,1:00,平日勤務
E018,2025/10/13,8:51,18:27,1:00,平日勤務
E018,2025/10/14,8:53,18:10,1:00,平日勤務
E018,2025/10/15,9:02,21:55,1:00,平日勤務
E018,2025/10/16,9:08,21:26,1:00,平日勤務
E018,2025/10/20,8:50,21:02,1:00,平日勤務
E018,2025/10/22,8:45,17:37,1:00,平日勤務
E018,2025/10/23,9:01,19:00,1:00,平日勤務
E018,2025/10/24,8:54,18:13,1:00,平日勤務
E018,2025/10/27,9:03,18:40,1:00,平日勤務
E018,2025/10/28,8:49,17:55,1:00,平日勤務
E018,2025/10/29,8:47,20:40,1:00,平日勤務
E018,2025/10/30,8:54,19:53,1:00,平日勤務
E018,2025/10/31,8:47,19:25,1:00,平日勤務
E018,2025/11/3,9:06,21:22,1:00,平日勤務
E018,2025/11/4,8:52,18:18,1:00,平日勤務
E018,2025/11/6,8:45,18:47,1:00,平日勤務
E018,2025/11/7,8:46,19:09,1:00,平日勤務
E018,2025/11/10,9:08,17:37,1:00,平日勤務
E018,2025/11/11,8:58,19:02,1:00,平日勤務
E018,2025/11/13,9:14,19:11,1:00,平日勤務
E018,2025/11/17,8:49,17:45,1:00,平日勤務
E018,2025/11/18,8:47,19:43,1:00,平日勤務
E018,2025/11/19,8:45,18:02,1:00,平日勤務
E018,2025/11/20,9:00,18:33,1:00,平日勤務
E018,2025/11/24,9:00,17:54,1:00,平日勤務
E018,2025/11/25,8:52,18:46,1:00,平日勤務
E018,2025/11/26,8:49,19:37,1:00,平日勤務
E018,2025/11/28,9:04,20:04,1:00,平日勤務
E018,2025/12/1,8:57,17:38,1:00,平日勤務
E018,2025/12/2,8:54,18:29,1:00,平日勤務
E018,2025/12/3,8:46,20:37,1:00,平日勤務
E018,2025/12/4,9:03,18:36,1:00,平日勤務
E018,2025/12/8,9:03,20:02,1:00,平日勤務
E018,2025/12/9,8:48,18:21,1:00,平日勤務
E018,2025/12/10,9:07,18:55,1:00,平日勤務
E018,2025/12/11,9:08,18:03,1:00,平日勤務
E018,2025/12/12,9:05,18:44,1:00,平日勤務
E018,2025/12/15,9:12,20:52,1:00,平日勤務
E018,2025/12/16,8:55,21:23,1:00,平日勤務
E018,2025/12/17,8:53,18:42,1:00,平日勤務
E018,2025/12/18,9:01,18:00,1:00,平日勤務
E018,2025/12/19,8:50,17:59,1:00,平日勤務
E018,2025/12/22,8:45,18:08,1:00,平日勤務
E018,2025/12/23,8:47,17:54,1:00,平日勤務
E018,2025/12/24,8:47,18:22,1:00,平日勤務
E018,2025/12/25,9:14,18:13,1:00,平日勤務
E018,2025/12/26,9:02,17:46,1:00,平日勤務
E018,2025/12/29,9:00,18:31,1:00,平日勤務
E018,2025/12/30,9:11,18:00,1:00,平日勤務
E018,2025/12/31,8:50,17:51,1:00,平日勤務
E019,2025/1/1,8:56,18:10,1:00,平日勤務
E019,2025/1/2,8:49,18:59,1:00,平日勤務
E019,2025/1/3,8:46,21:58,1:00,平日勤務
E019,2025/1/6,8:49,19:24,1:00,平日勤務
E019,2025/1/7,9:10,17:41,1:00,平日勤務
E019,2025/1/8,8:59,21:26,1:00,平日勤務
E019,2025/1/9,8:47,18:31,1:00,平日勤務
E019,2025/1/10,8:56,18:07,1:00,平日勤務
E019,2025/1/13,8:49,18:12,1:00,平日勤務
E019,2025/1/14,8:57,17:49,1:00,平日勤務
E019,2025/1/15,8:49,19:50,1:00,平日勤務
E019,2025/1/16,8:54,18:25,1:00,平日勤務
E019,2025/1/17,8:57,18:58,1:00,平日勤務
E019,2025/1/21,9:14,21:10,1:00,平日勤務
E019,2025/1/22,8:47,19:29,1:00,平日勤務
E019,2025/1/23,8:57,18:26,1:00,平日勤務
E019,2025/1/27,9:14,17:53,1:00,平日勤務
E019,2025/1/28,9:08,18:58,1:00,平日勤務
E019,2025/1/29,8:45,18:47,1:00,平日勤務
E019,2025/1/30,8:50,18:27,1:00,平日勤務
E019,2025/1/31,8:45,17:56,1:00,平日勤務
E019,2025/2/4,8:50,18:01,1:00,平日勤務
E019,2025/2/5,8:51,21:44,1:00,平日勤務
E019,2025/2/6,8:54,18:29,1:00,平日勤務
E019,2025/2/7,8:58,19:44,1:00,平日勤務
E019,2025/2/10,8:47,17:41,1:00,平日勤務
E019,2025/2/11,8:47,17:48,1:00,平日勤務
E019,2025/2/12,8:50,18:06,1:00,平日勤務
E019,2025/2/13,8:46,17:58,1:00,平日勤務
E019,2025/2/14,8:55,21:40,1:00,平日勤務
E019,2025/2/17,9:09,18:02,1:00,平日勤務
E019,2025/2/19,8:59,17:38,1:00,平日勤務
E019,2025/2/20,8:51,17:52,1:00,平日勤務
E019,2025/2/21,9:14,20:28,1:00,平日勤務
E019,2025/2/24,8:48,18:14,1:00,平日勤務
E019,2025/2/25,8:57,17:49,1:00,平日勤務
E019,2025/2/26,8:53,17:57,1:00,平日勤務
E019,2025/2/27,8:48,17:50,1:00,平日勤務
E019,2025/2/28,8:51,18:14,1:00,平日勤務
E019,2025/3/3,8:57,17:38,1:00,平日勤務
E019,2025/3/4,9:02,19:29,1:00,平日勤務
E019,2025/3/5,9:00,18:44,1:00,平日勤務
E019,2025/3/6,9:11,19:26,1:00,平日勤務
E019,2025/3/10,8:45,18:57,1:00,平日勤務
E019,2025/3/12,9:04,18:24,1:00,平日勤務
E019,2025/3/13,9:06,17:31,1:00,平日勤務
E019,2025/3/14,8:45,18:58,1:00,平日勤務
E019,2025/3/17,9:03,18:14,1:00,平日勤務
E019,2025/3/18,9:13,17:42,1:00,平日勤務
E019,2025/3/19,9:11,18:08,1:00,平日勤務
E019,2025/3/21,9:05,18:46,1:00,平日勤務
E019,2025/3/24,9:14,18:17,1:00,平日勤務
E019,2025/3/25,9:13,18:06,1:00,平日勤務
E019,2025/3/27,8:57,18:21,1:00,平日勤務
E019,2025/3/31,8:47,18:52,1:00,平日勤務
E019,2025/4/1,8:45,18:37,1:00,平日勤務
E019,2025/4/2,8:48,17:42,1:00,平日勤務
E019,2025/4/3,9:05,17:40,1:00,平日勤務
E019,2025/4/4,8:53,19:19,1:00,平日勤務
E019,2025/4/7,8:59,20:14,1:00,平日勤務
E019,2025/4/8,9:03,20:25,1:00,平日勤務
E019,2025/4/9,9:10,18:15,1:00,平日勤務
E019,2025/4/10,9:11,18:44,1:00,平日勤務
E019,2025/4/11,9:06,17:48,1:00,平日勤務
E019,2025/4/14,8:49,18:39,1:00,平日勤務
E019,2025/4/15,8:57,20:06,1:00,平日勤務
E019,2025/4/16,9:00,17:45,1:00,平日勤務
E019,2025/4/17,9:06,19:03,1:00,平日勤務
E019,2025/4/18,8:45,18:16,1:00,平日勤務
E019,2025/4/21,9:11,18:07,1:00,平日勤務
E019,2025/4/22,8:49,18:20,1:00,平日勤務
E019,2025/4/23,9:02,17:32,1:00,平日勤務
E019,2025/4/24,8:46,20:21,1:00,平日勤務
E019,2025/4/25,9:05,18:09,1:00,平日勤務
E019,2025/4/28,8:47,18:20,1:00,平日勤務
E019,2025/4/29,9:10,17:40,1:00,平日勤務
E019,2025/4/30,9:05,18:40,1:00,平日勤務
E019,2025/5/1,9:05,17:45,1:00,平日勤務
E019,2025/5/5,8:47,18:24,1:00,平日勤務
E019,2025/5/6,8:58,19:51,1:00,平日勤務
E019,2025/5/7,8:45,18:02,1:00,平日勤務
E019,2025/5/8,9:04,18:03,1:00,平日勤務
E019,2025/5/9,9:10,18:47,1:00,平日勤務
E019,2025/5/12,8:57,17:56,1:00,平日勤務
E019,2025/5/13,8:55,18:05,1:00,平日勤務
E019,2025/5/14,8:51,17:51,1:00,平日勤務
E019,2025/5/15,9:05,17:47,1:00,平日勤務
E019,2025/5/16,9:04,18:56,1:00,平日勤務
E019,2025/5/19,8:49,21:15,1:00,平日勤務
E019,2025/5/20,9:02,18:10,1:00,平日勤務
E019,2025/5/21,8:53,19:56,1:00,平日勤務
E019,2025/5/22,9:02,18:20,1:00,平日勤務
E019,2025/5/23,9:01,17:38,1:00,平日勤務
E019,2025/5/26,9:02,18:03,1:00,平日勤務
E019,2025/5/27,8:58,20:45,1:00,平日勤務
E019,2025/5/29,9:10,17:32,1:00,平日勤務
E019,2025/5/30,8:53,18:43,1:00,平日勤務
E019,2025/6/2,8:46,17:32,1:00,平日勤務
E019,2025/6/3,9:08,18:26,1:00,平日勤務
E019,2025/6/5,8:52,21:08,1:00,平日勤務
E019,2025/6/6,8:46,21:26,1:00,平日勤務
E019,2025/6/10,8:59,18:37,1:00,平日勤務
E019,2025/6/11,8:56,20:55,1:00,平日勤務
E019,2025/6/12,8:53,18:25,1:00,平日勤務
E019,2025/6/13,8:59,21:57,1:00,平日勤務
E019,2025/6/16,8:58,20:51,1:00,平日勤務
E019,2025/6/17,8:56,18:25,1:00,平日勤務
E019,2025/6/18,9:13,17:34,1:00,平日勤務
E019,2025/6/19,9:02,20:08,1:00,平日勤務
E019,2025/6/20,8:48,18:23,1:00,平日勤務
E019,2025/6/23,9:14,17:39,1:00,平日勤務
E019,2025/6/24,9:10,17:32,1:00,平日勤務
E019,2025/6/25,9:01,17:30,1:00,平日勤務
E019,2025/6/26,9:01,20:32,1:00,平日勤務
E019,2025/6/27,9:12,18:16,1:00,平日勤務
E019,2025/6/30,9:00,17:58,1:00,平日勤務
E019,2025/7/2,8:55,18:06,1:00,平日勤務
E019,2025/7/3,8:47,17:55,1:00,平日勤務
E019,2025/7/4,8:58,17:51,1:00,平日勤務
E019,2025/7/7,9:13,18:45,1:00,平日勤務
E019,2025/7/8,9:12,18:05,1:00,平日勤務
E019,2025/7/9,8:54,18:53,1:00,平日勤務
E019,2025/7/10,9:00,18:51,1:00,平日勤務
E019,2025/7/11,8:58,17:30,1:00,平日勤務
E019,2025/7/14,9:13,18:19,1:00,平日勤務
E019,2025/7/15,8:59,17:41,1:00,平日勤務
E019,2025/7/16,9:03,19:04,1:00,平日勤務
E019,2025/7/17,8:46,20:14,1:00,平日勤務
E019,2025/7/18,9:13,17:53,1:00,平日勤務
E019,2025/7/21,9:11,17:55,1:00,平日勤務
E019,2025/7/22,8:57,17:56,1:00,平日勤務
E019,2025/7/23,8:47,18:05,1:00,平日勤務
E019,2025/7/25,8:49,17:38,1:00,平日勤務
E019,2025/7/28,9:03,18:21,1:00,平日勤務
E019,2025/7/29,9:14,18:08,1:00,平日勤務
E019,2025/7/30,8:45,18:24,1:00,平日勤務
E019,2025/7/31,8:50,18:07,1:00,平日勤務
E019,2025/8/1,9:06,20:11,1:00,平日勤務
E019,2025/8/4,9:08,20:14,1:00,平日勤務
E019,2025/8/5,9:08,21:53,1:00,平日勤務
E019,2025/8/6,9:14,19:16,1:00,平日勤務
E019,2025/8/8,9:14,21:48,1:00,平日勤務
E019,2025/8/11,9:06,18:16,1:00,平日勤務
E019,2025/8/12,8:48,21:02,1:00,平日勤務
E019,2025/8/13,8:50,17:33,1:00,平日勤務
E019,2025/8/14,9:05,18:13,1:00,平日勤務
E019,2025/8/15,9:01,18:21,1:00,平日勤務
E019,2025/8/16,9:09,16:19,1:00,休日出勤
E019,2025/8/18,8:45,17:45,1:00,平日勤務
E019,2025/8/19,8:50,18:36,1:00,平日勤務
E019,2025/8/20,9:14,18:54,1:00,平日勤務
E019,2025/8/21,9:01,17:48,1:00,平日勤務
E019,2025/8/22,8:57,17:50,1:00,平日勤務
E019,2025/8/25,8:59,18:05,1:00,平日勤務
E019,2025/8/27,8:50,17:55,1:00,平日勤務
E019,2025/8/28,8:52,18:21,1:00,平日勤務
E019,2025/8/29,8:51,17:38,1:00,平日勤務
E019,2025/9/1,8:52,17:39,1:00,平日勤務
E019,2025/9/2,8:47,19:55,1:00,平日勤務
E019,2025/9/3,8:47,17:52,1:00,平日勤務
E019,2025/9/4,8:52,17:59,1:00,平日勤務
E019,2025/9/5,8:53,18:27,1:00,平日勤務
E019,2025/9/8,9:09,19:06,1:00,平日勤務
E019,2025/9/9,8:45,17:54,1:00,平日勤務
E019,2025/9/10,8:57,19:17,1:00,平日勤務
E019,2025/9/11,8:51,21:39,1:00,平日勤務
E019,2025/9/15,9:02,18:37,1:00,平日勤務
E019,2025/9/16,9:09,17:40,1:00,平日勤務
E019,2025/9/17,8:59,18:28,1:00,平日勤務
E019,2025/9/18,9:04,18:18,1:00,平日勤務
E019,2025/9/19,8:51,17:50,1:00,平日勤務
E019,2025/9/22,9:11,20:11,1:00,平日勤務
E019,2025/9/23,9:04,19:38,1:00,平日勤務
E019,2025/9/24,8:52,18:27,1:00,平日勤務
E019,2025/9/25,8:59,17:32,1:00,平日勤務
E019,2025/9/26,9:10,18:28,1:00,平日勤務
E019,2025/9/29,9:08,19:49,1:00,平日勤務
E019,2025/9/30,9:10,18:26,1:00,平日勤務
E019,2025/10/1,8:57,17:54,1:00,平日勤務
E019,2025/10/2,9:02,17:47,1:00,平日勤務
E019,2025/10/3,9:04,18:02,1:00,平日勤務
E019,2025/10/6,9:13,17:54,1:00,平日勤務
E019,2025/10/8,9:01,21:44,1:00,平日勤務
E019,2025/10/9,8:55,19:25,1:00,平日勤務
E019,2025/10/10,9:05,18:55,1:00,平日勤務
E019,2025/10/13,8:46,17:52,1:00,平日勤務
E019,2025/10/14,8:57,17:35,1:00,平日勤務
E019,2025/10/15,8:52,18:16,1:00,平日勤務
E019,2025/10/16,8:54,18:13,1:00,平日勤務
E019,2025/10/17,8:59,17:48,1:00,平日勤務
E019,2025/10/20,8:54,21:20,1:00,平日勤務
E019,2025/10/21,9:12,20:31,1:00,平日勤務
E019,2025/10/22,8:53,18:42,1:00,平日勤務
E019,2025/10/23,8:51,21:37,1:00,平日勤務
E019,2025/10/24,8:59,18:32,1:00,平日勤務
E019,2025/10/27,8:45,18:00,1:00,平日勤務
E019,2025/10/28,9:01,18:19,1:00,平日勤務
E019,2025/10/30,8:50,21:45,1:00,平日勤務
E019,2025/10/31,8:48,17:44,1:00,平日勤務
E019,2025/11/3,8:50,17:48,1:00,平日勤務
E019,2025/11/4,8:45,18:06,1:00,平日勤務
E019,2025/11/5,8:58,18:04,1:00,平日勤務
E019,2025/11/6,8:51,19:15,1:00,平日勤務
E019,2025/11/7,8:54,18:24,1:00,平日勤務
E019,2025/11/10,8:49,17:46,1:00,平日勤務
E019,2025/11/11,9:06,17:53,1:00,平日勤務
E019,2025/11/12,9:00,18:23,1:00,平日勤務
E019,2025/11/13,9:13,18:34,1:00,平日勤務
E019,2025/11/14,8:45,18:29,1:00,平日勤務
E019,2025/11/17,9:10,17:59,1:00,平日勤務
E019,2025/11/18,9:12,21:47,1:00,平日勤務
E019,2025/11/19,8:54,17:54,1:00,平日勤務
E019,2025/11/20,8:55,18:15,1:00,平日勤務
E019,2025/11/21,8:55,18:10,1:00,平日勤務
E019,2025/11/24,9:05,17:54,1:00,平日勤務
E019,2025/11/25,8:58,19:25,1:00,平日勤務
E019,2025/11/26,9:04,17:59,1:00,平日勤務
E019,2025/11/27,8:50,19:29,1:00,平日勤務
E019,2025/11/28,8:54,18:16,1:00,平日勤務
E019,2025/12/1,9:05,18:15,1:00,平日勤務
E019,2025/12/2,9:12,17:55,1:00,平日勤務
E019,2025/12/3,9:09,18:01,1:00,平日勤務
E019,2025/12/4,9:01,17:52,1:00,平日勤務
E019,2025/12/5,9:09,21:44,1:00,平日勤務
E019,2025/12/8,9:04,18:18,1:00,平日勤務
E019,2025/12/9,9:14,18:24,1:00,平日勤務
E019,2025/12/10,9:08,17:36,1:00,平日勤務
E019,2025/12/11,9:09,19:02,1:00,平日勤務
E019,2025/12/12,9:07,21:39,1:00,平日勤務
E019,2025/12/15,8:52,18:39,1:00,平日勤務
E019,2025/12/16,9:08,18:54,1:00,平日勤務
E019,2025/12/17,8:54,19:32,1:00,平日勤務
E019,2025/12/18,9:06,17:53,1:00,平日勤務
E019,2025/12/19,9:06,21:47,1:00,平日勤務
E019,2025/12/23,9:06,19:24,1:00,平日勤務
E019,2025/12/24,8:53,19:13,1:00,平日勤務
E019,2025/12/25,8:54,18:01,1:00,平日勤務
E019,2025/12/26,9:09,18:26,1:00,平日勤務
E019,2025/12/29,9:03,17:57,1:00,平日勤務
E019,2025/12/30,9:12,17:44,1:00,平日勤務
E019,2025/12/31,8:59,17:33,1:00,平日勤務
E020,2025/1/1,8:49,19:58,1:00,平日勤務
E020,2025/1/2,9:09,18:11,1:00,平日勤務
E020,2025/1/3,9:06,18:16,1:00,平日勤務
E020,2025/1/6,8:59,18:17,1:00,平日勤務
E020,2025/1/7,8:57,17:39,1:00,平日勤務
E020,2025/1/8,8:45,21:13,1:00,平日勤務
E020,2025/1/10,8:49,17:48,1:00,平日勤務
E020,2025/1/13,8:55,21:36,1:00,平日勤務
E020,2025/1/14,8:54,17:52,1:00,平日勤務
E020,2025/1/15,8:56,17:59,1:00,平日勤務
E020,2025/1/16,9:09,19:59,1:00,平日勤務
E020,2025/1/17,8:45,18:28,1:00,平日勤務
E020,2025/1/18,10:03,15:09,1:00,休日出勤
E020,2025/1/20,8:56,19:06,1:00,平日勤務
E020,2025/1/21,9:06,18:08,1:00,平日勤務
E020,2025/1/22,8:50,19:03,1:00,平日勤務
E020,2025/1/24,9:11,17:38,1:00,平日勤務
E020,2025/1/27,9:01,18:52,1:00,平日勤務
E020,2025/1/28,8:56,19:52,1:00,平日勤務
E020,2025/1/29,9:02,18:09,1:00,平日勤務
E020,2025/1/30,9:04,17:57,1:00,平日勤務
E020,2025/1/31,9:06,17:44,1:00,平日勤務
E020,2025/2/3,8:51,18:59,1:00,平日勤務
E020,2025/2/4,8:59,17:42,1:00,平日勤務
E020,2025/2/5,8:57,18:24,1:00,平日勤務
E020,2025/2/6,9:06,18:57,1:00,平日勤務
E020,2025/2/7,8:57,17:42,1:00,平日勤務
E020,2025/2/10,8:49,20:38,1:00,平日勤務
E020,2025/2/11,9:10,18:17,1:00,平日勤務
E020,2025/2/12,8:57,20:34,1:00,平日勤務
E020,2025/2/13,8:56,21:03,1:00,平日勤務
E020,2025/2/14,9:13,17:40,1:00,平日勤務
E020,2025/2/17,9:09,21:15,1:00,平日勤務
E020,2025/2/18,8:50,17:42,1:00,平日勤務
E020,2025/2/19,8:59,17:34,1:00,平日勤務
E020,2025/2/20,8:51,17:54,1:00,平日勤務
E020,2025/2/21,9:02,17:30,1:00,平日勤務
E020,2025/2/24,8:58,21:16,1:00,平日勤務
E020,2025/2/25,9:10,18:26,1:00,平日勤務
E020,2025/2/26,8:58,20:07,1:00,平日勤務
E020,2025/2/27,9:09,19:31,1:00,平日勤務
E020,2025/2/28,9:14,18:51,1:00,平日勤務
E020,2025/3/3,8:59,18:06,1:00,平日勤務
E020,2025/3/4,9:11,17:56,1:00,平日勤務
E020,2025/3/5,9:04,18:00,1:00,平日勤務
E020,2025/3/7,9:03,17:43,1:00,平日勤務
E020,2025/3/8,10:22,17:37,1:00,休日出勤
E020,2025/3/10,8:53,18:12,1:00,平日勤務
E020,2025/3/11,8:59,18:45,1:00,平日勤務
E020,2025/3/12,9:03,19:22,1:00,平日勤務
E020,2025/3/13,9:10,17:48,1:00,平日勤務
E020,2025/3/14,9:06,18:17,1:00,平日勤務
E020,2025/3/18,8:45,17:57,1:00,平日勤務
E020,2025/3/20,8:46,17:52,1:00,平日勤務
E020,2025/3/21,9:08,19:38,1:00,平日勤務
E020,2025/3/24,9:03,19:56,1:00,平日勤務
E020,2025/3/25,8:45,20:33,1:00,平日勤務
E020,2025/3/26,9:01,17:51,1:00,平日勤務
E020,2025/3/27,9:05,17:35,1:00,平日勤務
E020,2025/3/28,9:07,17:58,1:00,平日勤務
E020,2025/3/31,9:11,18:33,1:00,平日勤務
E020,2025/4/1,8:52,18:09,1:00,平日勤務
E020,2025/4/2,8:55,20:12,1:00,平日勤務
E020,2025/4/3,9:12,17:34,1:00,平日勤務
E020,2025/4/4,8:54,18:48,1:00,平日勤務
E020,2025/4/7,8:50,18:02,1:00,平日勤務
E020,2025/4/8,9:06,17:30,1:00,平日勤務
E020,2025/4/9,9:07,18:18,1:00,平日勤務
E020,2025/4/10,8:48,18:16,1:00,平日勤務
E020,2025/4/11,9:11,20:34,1:00,平日勤務
E020,2025/4/14,9:14,17:32,1:00,平日勤務
E020,2025/4/15,8:59,20:13,1:00,平日勤務
E020,2025/4/16,8:55,17:50,1:00,平日勤務
E020,2025/4/17,9:08,19:23,1:00,平日勤務
E020,2025/4/18,9:06,21:01,1:00,平日勤務
E020,2025/4/21,8:51,18:46,1:00,平日勤務
E020,2025/4/22,8:52,18:43,1:00,平日勤務
E020,2025/4/24,9:11,18:28,1:00,平日勤務
E020,2025/4/25,9:02,21:57,1:00,平日勤務
E020,2025/4/28,9:12,17:51,1:00,平日勤務
E020,2025/4/29,8:48,17:46,1:00,平日勤務
E020,2025/4/30,8:56,18:21,1:00,平日勤務
E020,2025/5/2,9:01,17:40,1:00,平日勤務
E020,2025/5/5,9:01,17:48,1:00,平日勤務
E020,2025/5/6,8:50,18:54,1:00,平日勤務
E020,2025/5/9,8:50,19:40,1:00,平日勤務
E020,2025/5/12,9:06,17:39,1:00,平日勤務
E020,2025/5/13,9:00,20:45,1:00,平日勤務
E020,2025/5/14,9:06,17:41,1:00,平日勤務
E020,2025/5/15,8:55,18:26,1:00,平日勤務
E020,2025/5/19,8:57,18:20,1:00,平日勤務
E020,2025/5/20,8:54,17:30,1:00,平日勤務
E020,2025/5/21,8:55,21:40,1:00,平日勤務
E020,2025/5/22,8:53,17:33,1:00,平日勤務
E020,2025/5/27,9:10,17:30,1:00,平日勤務
E020,2025/5/28,8:52,17:40,1:00,平日勤務
E020,2025/5/29,9:08,17:56,1:00,平日勤務
E020,2025/5/30,8:45,18:19,1:00,平日勤務
E020,2025/6/3,9:08,19:38,1:00,平日勤務
E020,2025/6/4,9:05,18:16,1:00,平日勤務
E020,2025/6/5,9:01,18:35,1:00,平日勤務
E020,2025/6/6,9:07,18:38,1:00,平日勤務
E020,2025/6/9,9:01,18:49,1:00,平日勤務
E020,2025/6/10,8:47,18:18,1:00,平日勤務
E020,2025/6/11,8:55,18:58,1:00,平日勤務
E020,2025/6/12,9:12,20:01,1:00,平日勤務
E020,2025/6/13,9:06,18:15,1:00,平日勤務
E020,2025/6/16,9:06,19:01,1:00,平日勤務
E020,2025/6/18,9:05,18:57,1:00,平日勤務
E020,2025/6/19,9:11,20:48,1:00,平日勤務
E020,2025/6/20,8:49,18:03,1:00,平日勤務
E020,2025/6/23,9:06,19:33,1:00,平日勤務
E020,2025/6/24,9:00,18:15,1:00,平日勤務
E020,2025/6/25,9:13,18:48,1:00,平日勤務
E020,2025/6/26,9:12,17:41,1:00,平日勤務
E020,2025/6/28,10:03,16:26,1:00,休日出勤
E020,2025/6/30,8:59,18:08,1:00,平日勤務
E020,2025/7/1,9:10,18:20,1:00,平日勤務
E020,2025/7/2,9:10,17:39,1:00,平日勤務
E020,2025/7/3,8:46,18:28,1:00,平日勤務
E020,2025/7/4,9:06,17:43,1:00,平日勤務
E020,2025/7/7,9:11,20:51,1:00,平日勤務
E020,2025/7/8,9:03,18:28,1:00,平日勤務
E020,2025/7/9,9:07,18:33,1:00,平日勤務
E020,2025/7/11,8:56,18:09,1:00,平日勤務
E020,2025/7/14,9:09,21:07,1:00,平日勤務
E020,2025/7/16,9:12,19:39,1:00,平日勤務
E020,2025/7/17,8:49,17:39,1:00,平日勤務
E020,2025/7/18,8:55,17:59,1:00,平日勤務
E020,2025/7/21,9:12,17:45,1:00,平日勤務
E020,2025/7/22,8:59,18:10,1:00,平日勤務
E020,2025/7/23,8:46,17:54,1:00,平日勤務
E020,2025/7/24,8:51,18:18,1:00,平日勤務
E020,2025/7/25,8:58,18:37,1:00,平日勤務
E020,2025/7/28,9:09,19:42,1:00,平日勤務
E020,2025/7/29,8:58,18:02,1:00,平日勤務
E020,2025/7/30,9:10,18:29,1:00,平日勤務
E020,2025/7/31,9:14,18:15,1:00,平日勤務
E020,2025/8/5,9:14,17:30,1:00,平日勤務
E020,2025/8/6,9:02,17:47,1:00,平日勤務
E020,2025/8/7,8:56,17:30,1:00,平日勤務
E020,2025/8/8,8:55,18:02,1:00,平日勤務
E020,2025/8/10,10:29,16:29,1:00,休日出勤
E020,2025/8/11,9:13,19:25,1:00,平日勤務
E020,2025/8/12,8:58,17:36,1:00,平日勤務
E020,2025/8/13,8:50,19:13,1:00,平日勤務
E020,2025/8/14,8:45,18:20,1:00,平日勤務
E020,2025/8/15,8:55,20:24,1:00,平日勤務
E020,2025/8/18,9:11,18:55,1:00,平日勤務
E020,2025/8/19,9:07,18:06,1:00,平日勤務
E020,2025/8/20,9:14,20:34,1:00,平日勤務
E020,2025/8/21,9:06,17:52,1:00,平日勤務
E020,2025/8/22,8:58,19:29,1:00,平日勤務
E020,2025/8/25,8:48,17:33,1:00,平日勤務
E020,2025/8/26,9:06,18:09,1:00,平日勤務
E020,2025/8/27,8:57,17:32,1:00,平日勤務
E020,2025/8/28,9:02,19:21,1:00,平日勤務
E020,2025/8/29,8:47,19:48,1:00,平日勤務
E020,2025/9/1,8:50,18:05,1:00,平日勤務
E020,2025/9/2,9:02,17:58,1:00,平日勤務
E020,2025/9/3,8:59,17:47,1:00,平日勤務
E020,2025/9/4,8:49,18:24,1:00,平日勤務
E020,2025/9/8,9:11,17:48,1:00,平日勤務
E020,2025/9/9,8:46,18:06,1:00,平日勤務
E020,2025/9/10,9:13,17:35,1:00,平日勤務
E020,2025/9/11,9:14,18:39,1:00,平日勤務
E020,2025/9/12,8:48,17:48,1:00,平日勤務
E020,2025/9/15,9:04,19:38,1:00,平日勤務
E020,2025/9/16,9:00,20:51,1:00,平日勤務
E020,2025/9/17,8:56,17:43,1:00,平日勤務
E020,2025/9/18,9:14,21:13,1:00,平日勤務
E020,2025/9/19,9:02,19:06,1:00,平日勤務
E020,2025/9/22,9:04,18:04,1:00,平日勤務
E020,2025/9/23,8:51,17:56,1:00,平日勤務
E020,2025/9/24,9:02,20:23,1:00,平日勤務
E020,2025/9/26,9:02,19:00,1:00,平日勤務
E020,2025/9/29,9:04,20:55,1:00,平日勤務
E020,2025/9/30,9:02,18:06,1:00,平日勤務
E020,2025/10/1,8:47,18:45,1:00,平日勤務
E020,2025/10/3,9:14,17:49,1:00,平日勤務
E020,2025/10/6,8:56,17:40,1:00,平日勤務
E020,2025/10/7,9:14,20:12,1:00,平日勤務
E020,2025/10/8,9:01,17:34,1:00,平日勤務
E020,2025/10/9,8:46,21:58,1:00,平日勤務
E020,2025/10/10,9:12,20:26,1:00,平日勤務
E020,2025/10/13,9:13,18:16,1:00,平日勤務
E020,2025/10/14,8:57,18:56,1:00,平日勤務
E020,2025/10/16,9:07,19:35,1:00,平日勤務
E020,2025/10/17,9:09,18:44,1:00,平日勤務
E020,2025/10/21,9:09,17:49,1:00,平日勤務
E020,2025/10/24,8:50,17:54,1:00,平日勤務
E020,2025/10/27,8:51,18:41,1:00,平日勤務
E020,2025/10/28,9:12,18:03,1:00,平日勤務
E020,2025/10/29,8:55,18:13,1:00,平日勤務
E020,2025/10/31,8:56,19:13,1:00,平日勤務
E020,2025/11/3,9:03,17:57,1:00,平日勤務
E020,2025/11/4,9:08,20:29,1:00,平日勤務
E020,2025/11/5,9:05,18:07,1:00,平日勤務
E020,2025/11/6,9:14,18:28,1:00,平日勤務
E020,2025/11/10,9:14,17:33,1:00,平日勤務
E020,2025/11/11,8:53,18:28,1:00,平日勤務
E020,2025/11/12,9:00,17:55,1:00,平日勤務
E020,2025/11/13,9:04,18:15,1:00,平日勤務
E020,2025/11/14,9:13,19:46,1:00,平日勤務
E020,2025/11/17,8:49,18:26,1:00,平日勤務
E020,2025/11/18,9:01,17:43,1:00,平日勤務
E020,2025/11/19,9:06,17:49,1:00,平日勤務
E020,2025/11/20,8:47,20:47,1:00,平日勤務
E020,2025/11/21,8:55,18:28,1:00,平日勤務
E020,2025/11/24,8:50,17:42,1:00,平日勤務
E020,2025/11/25,8:56,18:16,1:00,平日勤務
E020,2025/11/26,8:45,17:41,1:00,平日勤務
E020,2025/11/27,9:10,18:58,1:00,平日勤務
E020,2025/11/28,8:55,17:47,1:00,平日勤務
E020,2025/12/1,9:04,17:54,1:00,平日勤務
E020,2025/12/2,9:00,18:19,1:00,平日勤務
E020,2025/12/3,8:51,21:35,1:00,平日勤務
E020,2025/12/4,9:11,17:37,1:00,平日勤務
E020,2025/12/5,8:51,17:46,1:00,平日勤務
E020,2025/12/8,8:50,20:29,1:00,平日勤務
E020,2025/12/9,9:05,18:51,1:00,平日勤務
E020,2025/12/10,8:57,19:28,1:00,平日勤務
E020,2025/12/11,8:54,17:54,1:00,平日勤務
E020,2025/12/12,9:03,17:43,1:00,平日勤務
E020,2025/12/15,9:14,17:58,1:00,平日勤務
E020,2025/12/16,9:06,18:49,1:00,平日勤務
E020,2025/12/17,8:59,18:06,1:00,平日勤務
E020,2025/12/18,9:01,18:14,1:00,平日勤務
E020,2025/12/19,8:54,17:52,1:00,平日勤務
E020,2025/12/22,9:14,19:45,1:00,平日勤務
E020,2025/12/23,8:55,20:51,1:00,平日勤務
E020,2025/12/24,9:02,18:29,1:00,平日勤務
E020,2025/12/25,8:55,18:22,1:00,平日勤務
E020,2025/12/26,8:53,18:01,1:00,平日勤務
E020,2025/12/29,8:58,20:22,1:00,平日勤務
E020,2025/12/30,8:52,17:31,1:00,平日勤務
E020,2025/12/31,8:48,18:26,1:00,平日勤務
E021,2025/1/1,8:52,19:22,1:00,平日勤務
E021,2025/1/2,8:46,18:04,1:00,平日勤務
E021,2025/1/3,9:01,17:38,1:00,平日勤務
E021,2025/1/7,8:53,17:58,1:00,平日勤務
E021,2025/1/8,9:08,18:35,1:00,平日勤務
E021,2025/1/9,9:06,19:04,1:00,平日勤務
E021,2025/1/13,8:55,17:49,1:00,平日勤務
E021,2025/1/14,9:11,18:57,1:00,平日勤務
E021,2025/1/15,9:13,18:22,1:00,平日勤務
E021,2025/1/16,8:52,18:20,1:00,平日勤務
E021,2025/1/17,8:51,17:47,1:00,平日勤務
E021,2025/1/20,9:09,18:25,1:00,平日勤務
E021,2025/1/21,9:07,17:38,1:00,平日勤務
E021,2025/1/22,8:57,18:38,1:00,平日勤務
E021,2025/1/23,8:55,18:54,1:00,平日勤務
E021,2025/1/24,9:10,19:00,1:00,平日勤務
E021,2025/1/27,9:01,18:40,1:00,平日勤務
E021,2025/1/28,9:05,19:56,1:00,平日勤務
E021,2025/1/29,8:50,18:13,1:00,平日勤務
E021,2025/1/30,8:55,18:55,1:00,平日勤務
E021,2025/1/31,9:10,18:48,1:00,平日勤務
E021,2025/2/3,8:55,20:29,1:00,平日勤務
E021,2025/2/4,8:56,18:47,1:00,平日勤務
E021,2025/2/5,8:45,18:43,1:00,平日勤務
E021,2025/2/6,9:04,17:54,1:00,平日勤務
E021,2025/2/7,8:57,17:48,1:00,平日勤務
E021,2025/2/10,8:58,18:08,1:00,平日勤務
E021,2025/2/11,9:01,18:20,1:00,平日勤務
E021,2025/2/12,9:06,18:08,1:00,平日勤務
E021,2025/2/13,9:13,18:16,1:00,平日勤務
E021,2025/2/14,8:55,18:44,1:00,平日勤務
E021,2025/2/17,8:48,19:20,1:00,平日勤務
E021,2025/2/18,8:50,19:28,1:00,平日勤務
E021,2025/2/19,9:05,19:41,1:00,平日勤務
E021,2025/2/20,9:08,18:46,1:00,平日勤務
E021,2025/2/21,9:06,18:24,1:00,平日勤務
E021,2025/2/24,9:12,18:11,1:00,平日勤務
E021,2025/2/25,8:53,18:14,1:00,平日勤務
E021,2025/2/26,9:03,21:20,1:00,平日勤務
E021,2025/2/27,9:01,19:36,1:00,平日勤務
E021,2025/2/28,9:08,21:45,1:00,平日勤務
E021,2025/3/3,8:56,18:21,1:00,平日勤務
E021,2025/3/4,8:57,19:40,1:00,平日勤務
E021,2025/3/5,9:13,18:19,1:00,平日勤務
E021,2025/3/6,8:46,18:17,1:00,平日勤務
E021,2025/3/7,9:09,18:30,1:00,平日勤務
E021,2025/3/10,9:05,18:05,1:00,平日勤務
E021,2025/3/11,8:46,18:07,1:00,平日勤務
E021,2025/3/12,9:06,19:32,1:00,平日勤務
E021,2025/3/13,8:45,18:47,1:00,平日勤務
E021,2025/3/14,8:57,21:18,1:00,平日勤務
E021,2025/3/17,8:48,19:19,1:00,平日勤務
E021,2025/3/18,9:11,17:37,1:00,平日勤務
E021,2025/3/19,8:55,18:08,1:00,平日勤務
E021,2025/3/20,8:55,18:53,1:00,平日勤務
E021,2025/3/21,9:13,17:36,1:00,平日勤務
E021,2025/3/25,8:52,19:57,1:00,平日勤務
E021,2025/3/26,8:47,17:59,1:00,平日勤務
E021,2025/3/27,8:48,21:27,1:00,平日勤務
E021,2025/3/28,9:02,19:01,1:00,平日勤務
E021,2025/3/31,8:56,18:00,1:00,平日勤務
E021,2025/4/1,8:52,18:34,1:00,平日勤務
E021,2025/4/2,9:03,18:05,1:00,平日勤務
E021,2025/4/3,8:55,19:37,1:00,平日勤務
E021,2025/4/7,9:07,19:53,1:00,平日勤務
E021,2025/4/8,8:46,18:20,1:00,平日勤務
E021,2025/4/9,9:01,20:06,1:00,平日勤務
E021,2025/4/10,8:50,18:16,1:00,平日勤務
E021,2025/4/14,8:52,17:58,1:00,平日勤務
E021,2025/4/15,8:46,19:25,1:00,平日勤務
E021,2025/4/17,8:55,18:49,1:00,平日勤務
E021,2025/4/18,8:52,17:30,1:00,平日勤務
E021,2025/4/21,9:08,18:05,1:00,平日勤務
E021,2025/4/22,8:47,18:33,1:00,平日勤務
E021,2025/4/23,9:09,19:35,1:00,平日勤務
E021,2025/4/25,9:03,18:49,1:00,平日勤務
E021,2025/4/28,9:06,17:50,1:00,平日勤務
E021,2025/4/30,9:06,18:29,1:00,平日勤務
E021,2025/5/1,9:13,19:01,1:00,平日勤務
E021,2025/5/2,8:56,18:02,1:00,平日勤務
E021,2025/5/5,8:52,17:59,1:00,平日勤務
E021,2025/5/6,8:57,18:38,1:00,平日勤務
E021,2025/5/7,9:07,18:49,1:00,平日勤務
E021,2025/5/8,8:57,21:30,1:00,平日勤務
E021,2025/5/9,9:13,18:42,1:00,平日勤務
E021,2025/5/13,8:47,17:37,1:00,平日勤務
E021,2025/5/14,8:54,20:44,1:00,平日勤務
E021,2025/5/16,8:46,17:54,1:00,平日勤務
E021,2025/5/19,8:56,21:33,1:00,平日勤務
E021,2025/5/20,8:49,18:17,1:00,平日勤務
E021,2025/5/21,9:09,19:55,1:00,平日勤務
E021,2025/5/22,9:03,17:35,1:00,平日勤務
E021,2025/5/26,9:06,19:47,1:00,平日勤務
E021,2025/5/27,9:03,18:25,1:00,平日勤務
E021,2025/5/28,8:52,17:38,1:00,平日勤務
E021,2025/5/29,9:04,18:08,1:00,平日勤務
E021,2025/5/30,8:46,19:44,1:00,平日勤務
E021,2025/6/2,9:05,19:06,1:00,平日勤務
E021,2025/6/3,9:04,19:41,1:00,平日勤務
E021,2025/6/5,8:45,17:44,1:00,平日勤務
E021,2025/6/9,9:04,20:37,1:00,平日勤務
E021,2025/6/10,9:09,18:35,1:00,平日勤務
E021,2025/6/11,9:14,20:21,1:00,平日勤務
E021,2025/6/12,8:55,17:33,1:00,平日勤務
E021,2025/6/13,9:03,18:24,1:00,平日勤務
E021,2025/6/16,8:56,17:48,1:00,平日勤務
E021,2025/6/17,9:05,18:43,1:00,平日勤務
E021,2025/6/18,9:03,18:36,1:00,平日勤務
E021,2025/6/19,8:46,18:12,1:00,平日勤務
E021,2025/6/20,9:10,17:50,1:00,平日勤務
E021,2025/6/23,9:08,19:49,1:00,平日勤務
E021,2025/6/24,8:45,17:56,1:00,平日勤務
E021,2025/6/25,8:52,17:59,1:00,平日勤務
E021,2025/6/26,9:08,19:47,1:00,平日勤務
E021,2025/6/27,8:51,18:00,1:00,平日勤務
E021,2025/6/30,8:47,20:42,1:00,平日勤務
E021,2025/7/1,8:49,18:48,1:00,平日勤務
E021,2025/7/2,9:13,17:44,1:00,平日勤務
E021,2025/7/3,9:11,20:04,1:00,平日勤務
E021,2025/7/7,9:13,17:32,1:00,平日勤務
E021,2025/7/8,8:50,18:33,1:00,平日勤務
E021,2025/7/9,9:07,18:37,1:00,平日勤務
E021,2025/7/10,9:08,19:39,1:00,平日勤務
E021,2025/7/11,9:09,20:15,1:00,平日勤務
E021,2025/7/14,8:48,18:08,1:00,平日勤務
E021,2025/7/15,8:48,18:01,1:00,平日勤務
E021,2025/7/16,8:52,17:33,1:00,平日勤務
E021,2025/7/17,8:58,20:17,1:00,平日勤務
E021,2025/7/18,9:12,17:56,1:00,平日勤務
E021,2025/7/21,8:53,18:50,1:00,平日勤務
E021,2025/7/22,9:07,19:28,1:00,平日勤務
E021,2025/7/23,9:10,18:24,1:00,平日勤務
E021,2025/7/24,8:54,21:04,1:00,平日勤務
E021,2025/7/25,9:11,17:32,1:00,平日勤務
E021,2025/7/28,9:03,18:45,1:00,平日勤務
E021,2025/7/29,9:11,21:39,1:00,平日勤務
E021,2025/7/30,9:13,18:53,1:00,平日勤務
E021,2025/8/1,8:52,21:15,1:00,平日勤務
E021,2025/8/4,9:13,18:23,1:00,平日勤務
E021,2025/8/5,9:10,20:08,1:00,平日勤務
E021,2025/8/6,8:52,18:42,1:00,平日勤務
E021,2025/8/7,9:11,21:55,1:00,平日勤務
E021,2025/8/11,9:12,19:29,1:00,平日勤務
E021,2025/8/12,9:04,18:29,1:00,平日勤務
E021,2025/8/13,8:54,17:55,1:00,平日勤務
E021,2025/8/14,9:14,17:48,1:00,平日勤務
E021,2025/8/15,8:55,18:29,1:00,平日勤務
E021,2025/8/17,9:09,18:34,1:00,休日出勤
E021,2025/8/18,8:49,19:08,1:00,平日勤務
E021,2025/8/19,8:55,18:59,1:00,平日勤務
E021,2025/8/20,8:50,18:15,1:00,平日勤務
E021,2025/8/21,9:08,21:52,1:00,平日勤務
E021,2025/8/22,8:52,17:40,1:00,平日勤務
E021,2025/8/25,9:00,18:41,1:00,平日勤務
E021,2025/8/26,8:58,21:15,1:00,平日勤務
E021,2025/8/27,9:12,18:05,1:00,平日勤務
E021,2025/8/28,8:50,18:23,1:00,平日勤務
E021,2025/8/29,8:58,18:08,1:00,平日勤務
E021,2025/9/1,9:13,17:58,1:00,平日勤務
E021,2025/9/2,9:02,19:42,1:00,平日勤務
E021,2025/9/3,8:51,18:19,1:00,平日勤務
E021,2025/9/4,8:58,18:13,1:00,平日勤務
E021,2025/9/5,8:54,17:44,1:00,平日勤務
E021,2025/9/8,8:51,17:35,1:00,平日勤務
E021,2025/9/9,9:05,17:58,1:00,平日勤務
E021,2025/9/10,9:00,18:00,1:00,平日勤務
E021,2025/9/12,8:59,17:55,1:00,平日勤務
E021,2025/9/15,8:50,18:56,1:00,平日勤務
E021,2025/9/16,8:50,19:47,1:00,平日勤務
E021,2025/9/17,8:57,18:22,1:00,平日勤務
E021,2025/9/18,9:04,17:38,1:00,平日勤務
E021,2025/9/19,8:49,18:05,1:00,平日勤務
E021,2025/9/22,8:50,21:51,1:00,平日勤務
E021,2025/9/23,9:11,19:42,1:00,平日勤務
E021,2025/9/24,9:01,17:36,1:00,平日勤務
E021,2025/9/26,9:01,21:45,1:00,平日勤務
E021,2025/9/29,8:52,17:59,1:00,平日勤務
E021,2025/10/1,9:05,20:32,1:00,平日勤務
E021,2025/10/2,8:45,18:58,1:00,平日勤務
E021,2025/10/3,9:10,17:55,1:00,平日勤務
E021,2025/10/6,9:08,18:15,1:00,平日勤務
E021,2025/10/7,8:58,18:52,1:00,平日勤務
E021,2025/10/8,8:55,17:59,1:00,平日勤務
E021,2025/10/9,9:07,19:02,1:00,平日勤務
E021,2025/10/10,8:53,20:15,1:00,平日勤務
E021,2025/10/12,10:00,16:40,1:00,休日出勤
E021,2025/10/14,9:04,19:25,1:00,平日勤務
E021,2025/10/15,9:04,20:09,1:00,平日勤務
E021,2025/10/16,8:59,17:54,1:00,平日勤務
E021,2025/10/17,8:56,19:15,1:00,平日勤務
E021,2025/10/19,10:03,17:12,1:00,休日出勤
E021,2025/10/21,8:55,18:10,1:00,平日勤務
E021,2025/10/22,9:12,18:55,1:00,平日勤務
E021,2025/10/23,8:48,18:20,1:00,平日勤務
E021,2025/10/27,9:09,17:54,1:00,平日勤務
E021,2025/10/28,8:50,18:20,1:00,平日勤務
E021,2025/10/29,8:49,18:40,1:00,平日勤務
E021,2025/10/30,8:59,18:01,1:00,平日勤務
E021,2025/10/31,9:07,17:35,1:00,平日勤務
E021,2025/11/3,9:02,18:22,1:00,平日勤務
E021,2025/11/4,8:50,18:51,1:00,平日勤務
E021,2025/11/5,8:50,18:22,1:00,平日勤務
E021,2025/11/6,9:02,19:20,1:00,平日勤務
E021,2025/11/7,8:47,20:44,1:00,平日勤務
E021,2025/11/10,9:02,18:18,1:00,平日勤務
E021,2025/11/11,9:05,18:40,1:00,平日勤務
E021,2025/11/12,9:03,17:57,1:00,平日勤務
E021,2025/11/13,9:11,18:02,1:00,平日勤務
E021,2025/11/18,8:47,18:32,1:00,平日勤務
E021,2025/11/19,9:11,18:36,1:00,平日勤務
E021,2025/11/20,8:46,17:55,1:00,平日勤務
E021,2025/11/21,8:47,17:56,1:00,平日勤務
E021,2025/11/26,8:53,21:35,1:00,平日勤務
E021,2025/11/27,8:45,18:05,1:00,平日勤務
E021,2025/11/28,9:08,21:04,1:00,平日勤務
E021,2025/12/1,9:08,18:40,1:00,平日勤務
E021,2025/12/2,9:02,18:25,1:00,平日勤務
E021,2025/12/3,8:59,18:17,1:00,平日勤務
E021,2025/12/4,9:03,21:30,1:00,平日勤務
E021,2025/12/5,8:46,19:08,1:00,平日勤務
E021,2025/12/8,9:10,17:59,1:00,平日勤務
E021,2025/12/9,8:47,18:52,1:00,平日勤務
E021,2025/12/10,8:50,18:26,1:00,平日勤務
E021,2025/12/11,8:48,17:52,1:00,平日勤務
E021,2025/12/12,9:01,21:06,1:00,平日勤務
E021,2025/12/13,9:24,15:49,1:00,休日出勤
E021,2025/12/15,8:57,17:56,1:00,平日勤務
E021,2025/12/16,9:00,17:47,1:00,平日勤務
E021,2025/12/17,9:06,20:04,1:00,平日勤務
E021,2025/12/18,9:13,21:49,1:00,平日勤務
E021,2025/12/19,9:12,17:30,1:00,平日勤務
E021,2025/12/23,8:57,18:10,1:00,平日勤務
E021,2025/12/25,9:06,18:04,1:00,平日勤務
E021,2025/12/26,8:50,18:59,1:00,平日勤務
E021,2025/12/27,9:13,18:40,1:00,休日出勤
E021,2025/12/29,8:48,17:36,1:00,平日勤務
E021,2025/12/30,9:03,19:20,1:00,平日勤務
E021,2025/12/31,8:45,17:37,1:00,平日勤務
E022,2025/1/1,8:50,17:41,1:00,平日勤務
E022,2025/1/2,8:47,18:08,1:00,平日勤務
E022,2025/1/3,8:53,20:27,1:00,平日勤務
E022,2025/1/6,8:48,18:38,1:00,平日勤務
E022,2025/1/7,8:58,18:38,1:00,平日勤務
E022,2025/1/8,8:58,17:32,1:00,平日勤務
E022,2025/1/9,8:58,18:19,1:00,平日勤務
E022,2025/1/10,9:11,18:39,1:00,平日勤務
E022,2025/1/13,9:09,18:17,1:00,平日勤務
E022,2025/1/14,8:45,19:48,1:00,平日勤務
E022,2025/1/15,9:07,17:30,1:00,平日勤務
E022,2025/1/16,9:07,21:09,1:00,平日勤務
E022,2025/1/17,9:05,17:48,1:00,平日勤務
E022,2025/1/20,9:03,18:21,1:00,平日勤務
E022,2025/1/21,8:45,18:56,1:00,平日勤務
E022,2025/1/22,9:01,18:27,1:00,平日勤務
E022,2025/1/23,9:07,18:14,1:00,平日勤務
E022,2025/1/24,9:02,17:34,1:00,平日勤務
E022,2025/1/27,8:51,18:53,1:00,平日勤務
E022,2025/1/28,8:57,18:02,1:00,平日勤務
E022,2025/1/29,9:04,17:47,1:00,平日勤務
E022,2025/1/30,8:45,19:54,1:00,平日勤務
E022,2025/2/3,9:11,18:00,1:00,平日勤務
E022,2025/2/4,9:08,18:39,1:00,平日勤務
E022,2025/2/5,9:12,17:59,1:00,平日勤務
E022,2025/2/6,8:54,21:13,1:00,平日勤務
E022,2025/2/7,8:50,18:05,1:00,平日勤務
E022,2025/2/10,8:55,19:33,1:00,平日勤務
E022,2025/2/11,9:12,19:02,1:00,平日勤務
E022,2025/2/12,9:02,18:02,1:00,平日勤務
E022,2025/2/13,8:53,19:56,1:00,平日勤務
E022,2025/2/14,8:59,18:00,1:00,平日勤務
E022,2025/2/17,8:48,19:29,1:00,平日勤務
E022,2025/2/18,8:51,18:09,1:00,平日勤務
E022,2025/2/19,9:13,18:14,1:00,平日勤務
E022,2025/2/20,9:12,18:53,1:00,平日勤務
E022,2025/2/21,9:06,17:43,1:00,平日勤務
E022,2025/2/24,8:58,20:28,1:00,平日勤務
E022,2025/2/25,9:05,18:32,1:00,平日勤務
E022,2025/2/26,8:57,17:33,1:00,平日勤務
E022,2025/2/27,9:01,18:01,1:00,平日勤務
E022,2025/3/3,8:54,21:34,1:00,平日勤務
E022,2025/3/4,9:09,18:11,1:00,平日勤務
E022,2025/3/5,8:45,18:17,1:00,平日勤務
E022,2025/3/6,9:14,19:28,1:00,平日勤務
E022,2025/3/7,8:54,18:31,1:00,平日勤務
E022,2025/3/10,8:47,18:51,1:00,平日勤務
E022,2025/3/11,8:47,18:19,1:00,平日勤務
E022,2025/3/12,9:14,19:21,1:00,平日勤務
E022,2025/3/13,8:59,18:35,1:00,平日勤務
E022,2025/3/14,9:08,19:25,1:00,平日勤務
E022,2025/3/17,9:12,19:28,1:00,平日勤務
E022,2025/3/18,8:52,17:53,1:00,平日勤務
E022,2025/3/19,8:48,21:37,1:00,平日勤務
E022,2025/3/20,9:12,18:05,1:00,平日勤務
E022,2025/3/21,8:48,20:30,1:00,平日勤務
E022,2025/3/24,9:01,17:48,1:00,平日勤務
E022,2025/3/25,8:46,18:12,1:00,平日勤務
E022,2025/3/27,8:52,19:27,1:00,平日勤務
E022,2025/3/28,9:05,18:49,1:00,平日勤務
E022,2025/3/31,9:13,21:03,1:00,平日勤務
E022,2025/4/2,9:11,21:39,1:00,平日勤務
E022,2025/4/3,8:49,18:51,1:00,平日勤務
E022,2025/4/4,8:50,18:18,1:00,平日勤務
E022,2025/4/7,8:59,18:02,1:00,平日勤務
E022,2025/4/8,9:02,17:58,1:00,平日勤務
E022,2025/4/9,8:56,20:53,1:00,平日勤務
E022,2025/4/10,9:10,17:39,1:00,平日勤務
E022,2025/4/11,9:14,18:50,1:00,平日勤務
E022,2025/4/13,9:07,16:01,1:00,休日出勤
E022,2025/4/14,9:07,18:54,1:00,平日勤務
E022,2025/4/15,9:07,17:59,1:00,平日勤務
E022,2025/4/18,9:03,17:44,1:00,平日勤務
E022,2025/4/21,8:50,18:44,1:00,平日勤務
E022,2025/4/22,9:06,18:45,1:00,平日勤務
E022,2025/4/23,8:51,18:13,1:00,平日勤務
E022,2025/4/24,8:51,17:47,1:00,平日勤務
E022,2025/4/25,9:05,21:04,1:00,平日勤務
E022,2025/4/29,8:54,18:06,1:00,平日勤務
E022,2025/4/30,9:11,17:56,1:00,平日勤務
E022,2025/5/1,9:12,17:44,1:00,平日勤務
E022,2025/5/2,9:12,18:49,1:00,平日勤務
E022,2025/5/5,8:50,21:43,1:00,平日勤務
E022,2025/5/6,9:10,18:23,1:00,平日勤務
E022,2025/5/7,9:00,19:04,1:00,平日勤務
E022,2025/5/8,8:54,17:47,1:00,平日勤務
E022,2025/5/9,8:59,21:02,1:00,平日勤務
E022,2025/5/12,9:07,18:22,1:00,平日勤務
E022,2025/5/13,9:09,18:56,1:00,平日勤務
E022,2025/5/14,9:14,17:47,1:00,平日勤務
E022,2025/5/15,8:55,17:56,1:00,平日勤務
E022,2025/5/16,8:47,18:50,1:00,平日勤務
E022,2025/5/19,8:54,17:33,1:00,平日勤務
E022,2025/5/20,8:47,18:57,1:00,平日勤務
E022,2025/5/21,8:48,18:25,1:00,平日勤務
E022,2025/5/22,8:47,17:39,1:00,平日勤務
E022,2025/5/23,9:08,18:02,1:00,平日勤務
E022,2025/5/26,9:07,17:40,1:00,平日勤務
E022,2025/5/27,9:01,19:25,1:00,平日勤務
E022,2025/5/28,8:51,20:54,1:00,平日勤務
E022,2025/5/29,8:54,17:51,1:00,平日勤務
E022,2025/5/30,9:05,17:58,1:00,平日勤務
E022,2025/6/2,9:03,17:33,1:00,平日勤務
E022,2025/6/3,8:48,18:26,1:00,平日勤務
E022,2025/6/5,9:13,18:00,1:00,平日勤務
E022,2025/6/6,8:52,17:37,1:00,平日勤務
E022,2025/6/9,9:02,21:27,1:00,平日勤務
E022,2025/6/10,9:13,18:14,1:00,平日勤務
E022,2025/6/11,8:45,18:08,1:00,平日勤務
E022,2025/6/12,9:00,18:17,1:00,平日勤務
E022,2025/6/13,9:09,17:47,1:00,平日勤務
E022,2025/6/15,9:06,17:02,1:00,休日出勤
E022,2025/6/16,9:05,18:46,1:00,平日勤務
E022,2025/6/17,8:46,19:37,1:00,平日勤務
E022,2025/6/18,9:01,18:15,1:00,平日勤務
E022,2025/6/19,8:48,21:00,1:00,平日勤務
E022,2025/6/20,8:53,17:39,1:00,平日勤務
E022,2025/6/23,8:48,18:25,1:00,平日勤務
E022,2025/6/24,8:54,17:35,1:00,平日勤務
E022,2025/6/25,8:46,18:14,1:00,平日勤務
E022,2025/6/26,8:46,18:25,1:00,平日勤務
E022,2025/6/27,9:03,19:05,1:00,平日勤務
E022,2025/6/30,9:09,18:19,1:00,平日勤務
E022,2025/7/2,9:05,17:43,1:00,平日勤務
E022,2025/7/3,8:56,17:34,1:00,平日勤務
E022,2025/7/4,9:13,20:21,1:00,平日勤務
E022,2025/7/7,9:04,17:55,1:00,平日勤務
E022,2025/7/8,8:52,18:28,1:00,平日勤務
E022,2025/7/10,8:47,19:33,1:00,平日勤務
E022,2025/7/11,9:12,18:08,1:00,平日勤務
E022,2025/7/14,9:03,17:43,1:00,平日勤務
E022,2025/7/15,9:02,17:51,1:00,平日勤務
E022,2025/7/16,8:57,18:01,1:00,平日勤務
E022,2025/7/17,8:57,17:30,1:00,平日勤務
E022,2025/7/18,9:12,18:42,1:00,平日勤務
E022,2025/7/21,8:57,17:55,1:00,平日勤務
E022,2025/7/24,8:57,17:33,1:00,平日勤務
E022,2025/7/25,8:56,17:52,1:00,平日勤務
E022,2025/7/28,8:55,18:43,1:00,平日勤務
E022,2025/7/29,8:56,17:33,1:00,平日勤務
E022,2025/7/30,9:08,17:32,1:00,平日勤務
E022,2025/8/1,8:53,20:36,1:00,平日勤務
E022,2025/8/4,9:03,17:55,1:00,平日勤務
E022,2025/8/5,8:53,17:33,1:00,平日勤務
E022,2025/8/7,8:58,17:59,1:00,平日勤務
E022,2025/8/8,9:05,18:08,1:00,平日勤務
E022,2025/8/11,9:10,19:50,1:00,平日勤務
E022,2025/8/12,8:57,17:59,1:00,平日勤務
E022,2025/8/13,9:05,18:20,1:00,平日勤務
E022,2025/8/14,9:05,21:37,1:00,平日勤務
E022,2025/8/18,9:07,18:12,1:00,平日勤務
E022,2025/8/19,8:52,17:38,1:00,平日勤務
E022,2025/8/20,8:54,19:55,1:00,平日勤務
E022,2025/8/21,9:11,18:20,1:00,平日勤務
E022,2025/8/22,8:52,19:47,1:00,平日勤務
E022,2025/8/25,9:12,18:23,1:00,平日勤務
E022,2025/8/26,9:13,18:10,1:00,平日勤務
E022,2025/8/27,9:13,18:16,1:00,平日勤務
E022,2025/8/28,8:54,19:02,1:00,平日勤務
E022,2025/8/29,8:53,17:57,1:00,平日勤務
E022,2025/9/1,8:53,17:48,1:00,平日勤務
E022,2025/9/2,9:12,18:01,1:00,平日勤務
E022,2025/9/4,9:06,18:27,1:00,平日勤務
E022,2025/9/5,8:52,17:30,1:00,平日勤務
E022,2025/9/8,8:50,17:54,1:00,平日勤務
E022,2025/9/9,9:08,21:19,1:00,平日勤務
E022,2025/9/10,9:10,18:29,1:00,平日勤務
E022,2025/9/11,8:48,18:27,1:00,平日勤務
E022,2025/9/12,8:58,18:07,1:00,平日勤務
E022,2025/9/16,9:14,18:05,1:00,平日勤務
E022,2025/9/17,9:02,17:44,1:00,平日勤務
E022,2025/9/18,8:58,18:08,1:00,平日勤務
E022,2025/9/19,9:11,18:41,1:00,平日勤務
E022,2025/9/22,8:45,18:02,1:00,平日勤務
E022,2025/9/23,8:56,19:43,1:00,平日勤務
E022,2025/9/25,9:11,18:21,1:00,平日勤務
E022,2025/9/26,8:56,18:23,1:00,平日勤務
E022,2025/9/29,8:46,18:09,1:00,平日勤務
E022,2025/9/30,8:46,18:11,1:00,平日勤務
E022,2025/10/2,8:54,17:58,1:00,平日勤務
E022,2025/10/3,9:08,17:53,1:00,平日勤務
E022,2025/10/6,9:12,18:02,1:00,平日勤務
E022,2025/10/7,8:59,17:43,1:00,平日勤務
E022,2025/10/8,8:46,17:34,1:00,平日勤務
E022,2025/10/9,8:50,18:58,1:00,平日勤務
E022,2025/10/10,8:59,18:20,1:00,平日勤務
E022,2025/10/13,8:48,18:04,1:00,平日勤務
E022,2025/10/14,9:02,18:21,1:00,平日勤務
E022,2025/10/15,8:55,19:59,1:00,平日勤務
E022,2025/10/17,8:56,18:47,1:00,平日勤務
E022,2025/10/21,9:01,18:57,1:00,平日勤務
E022,2025/10/22,9:00,20:00,1:00,平日勤務
E022,2025/10/23,8:48,17:37,1:00,平日勤務
E022,2025/10/24,8:48,19:15,1:00,平日勤務
E022,2025/10/27,9:03,17:50,1:00,平日勤務
E022,2025/10/29,9:06,19:19,1:00,平日勤務
E022,2025/10/30,8:56,20:38,1:00,平日勤務
E022,2025/10/31,8:45,18:03,1:00,平日勤務
E022,2025/11/3,9:14,18:10,1:00,平日勤務
E022,2025/11/4,8:49,18:41,1:00,平日勤務
E022,2025/11/5,8:56,18:11,1:00,平日勤務
E022,2025/11/6,9:07,18:14,1:00,平日勤務
E022,2025/11/7,9:06,17:48,1:00,平日勤務
E022,2025/11/10,8:59,19:26,1:00,平日勤務
E022,2025/11/11,8:51,17:40,1:00,平日勤務
E022,2025/11/12,9:05,18:40,1:00,平日勤務
E022,2025/11/13,8:56,19:56,1:00,平日勤務
E022,2025/11/14,8:49,18:11,1:00,平日勤務
E022,2025/11/17,8:59,19:01,1:00,平日勤務
E022,2025/11/18,9:10,18:26,1:00,平日勤務
E022,2025/11/19,9:09,18:51,1:00,平日勤務
E022,2025/11/20,8:49,17:37,1:00,平日勤務
E022,2025/11/21,8:46,19:06,1:00,平日勤務
E022,2025/11/24,8:45,19:28,1:00,平日勤務
E022,2025/11/25,9:13,17:35,1:00,平日勤務
E022,2025/11/26,8:52,18:13,1:00,平日勤務
E022,2025/11/27,9:01,17:57,1:00,平日勤務
E022,2025/11/28,9:00,18:33,1:00,平日勤務
E022,2025/12/1,8:50,20:50,1:00,平日勤務
E022,2025/12/2,8:46,17:59,1:00,平日勤務
E022,2025/12/3,8:45,18:53,1:00,平日勤務
E022,2025/12/4,9:12,17:33,1:00,平日勤務
E022,2025/12/5,9:12,18:51,1:00,平日勤務
E022,2025/12/8,8:51,20:21,1:00,平日勤務
E022,2025/12/9,9:12,20:12,1:00,平日勤務
E022,2025/12/10,8:58,17:40,1:00,平日勤務
E022,2025/12/11,9:03,17:53,1:00,平日勤務
E022,2025/12/12,8:49,18:12,1:00,平日勤務
E022,2025/12/15,8:48,19:05,1:00,平日勤務
E022,2025/12/16,9:08,17:51,1:00,平日勤務
E022,2025/12/17,8:50,17:42,1:00,平日勤務
E022,2025/12/18,8:57,17:30,1:00,平日勤務
E022,2025/12/19,9:09,20:41,1:00,平日勤務
E022,2025/12/22,9:03,18:15,1:00,平日勤務
E022,2025/12/23,8:59,21:01,1:00,平日勤務
E022,2025/12/24,8:46,19:23,1:00,平日勤務
E022,2025/12/25,8:51,17:33,1:00,平日勤務
E022,2025/12/26,9:14,17:52,1:00,平日勤務
E022,2025/12/28,9:06,18:06,1:00,休日出勤
E022,2025/12/29,9:02,20:58,1:00,平日勤務
E022,2025/12/30,8:55,18:15,1:00,平日勤務
E022,2025/12/31,8:50,17:50,1:00,平日勤務
E023,2025/1/1,8:55,18:53,1:00,平日勤務
E023,2025/1/2,8:55,18:06,1:00,平日勤務
E023,2025/1/3,9:11,18:15,1:00,平日勤務
E023,2025/1/6,9:14,17:38,1:00,平日勤務
E023,2025/1/7,9:02,17:40,1:00,平日勤務
E023,2025/1/8,9:10,19:21,1:00,平日勤務
E023,2025/1/9,9:03,17:51,1:00,平日勤務
E023,2025/1/10,8:50,18:52,1:00,平日勤務
E023,2025/1/13,8:53,20:50,1:00,平日勤務
E023,2025/1/14,9:14,18:46,1:00,平日勤務
E023,2025/1/15,9:12,20:11,1:00,平日勤務
E023,2025/1/17,8:58,17:35,1:00,平日勤務
E023,2025/1/20,9:04,18:52,1:00,平日勤務
E023,2025/1/24,8:46,18:28,1:00,平日勤務
E023,2025/1/26,9:11,18:45,1:00,休日出勤
E023,2025/1/27,9:09,18:20,1:00,平日勤務
E023,2025/1/28,9:10,17:56,1:00,平日勤務
E023,2025/1/29,8:46,20:06,1:00,平日勤務
E023,2025/1/30,8:45,17:33,1:00,平日勤務
E023,2025/1/31,8:52,18:16,1:00,平日勤務
E023,2025/2/3,9:02,17:53,1:00,平日勤務
E023,2025/2/5,8:48,18:18,1:00,平日勤務
E023,2025/2/7,9:09,19:27,1:00,平日勤務
E023,2025/2/10,8:54,18:16,1:00,平日勤務
E023,2025/2/11,9:01,17:43,1:00,平日勤務
E023,2025/2/12,8:46,17:40,1:00,平日勤務
E023,2025/2/13,8:56,18:21,1:00,平日勤務
E023,2025/2/14,8:45,18:18,1:00,平日勤務
E023,2025/2/17,9:11,19:57,1:00,平日勤務
E023,2025/2/18,9:00,18:33,1:00,平日勤務
E023,2025/2/19,9:09,18:24,1:00,平日勤務
E023,2025/2/20,8:46,17:30,1:00,平日勤務
E023,2025/2/21,8:47,21:08,1:00,平日勤務
E023,2025/2/24,9:13,18:40,1:00,平日勤務
E023,2025/2/25,9:05,20:26,1:00,平日勤務
E023,2025/2/26,9:03,18:23,1:00,平日勤務
E023,2025/2/27,8:57,18:08,1:00,平日勤務
E023,2025/2/28,9:09,18:20,1:00,平日勤務
E023,2025/3/3,8:56,19:53,1:00,平日勤務
E023,2025/3/4,8:48,18:23,1:00,平日勤務
E023,2025/3/6,9:13,18:13,1:00,平日勤務
E023,2025/3/7,9:08,20:02,1:00,平日勤務
E023,2025/3/10,9:04,18:37,1:00,平日勤務
E023,2025/3/11,9:02,21:40,1:00,平日勤務
E023,2025/3/12,8:52,18:59,1:00,平日勤務
E023,2025/3/13,8:59,18:25,1:00,平日勤務
E023,2025/3/14,9:08,19:42,1:00,平日勤務
E023,2025/3/17,9:09,18:56,1:00,平日勤務
E023,2025/3/18,9:13,21:28,1:00,平日勤務
E023,2025/3/19,9:14,18:14,1:00,平日勤務
E023,2025/3/20,9:04,21:26,1:00,平日勤務
E023,2025/3/21,9:01,17:59,1:00,平日勤務
E023,2025/3/24,9:06,19:55,1:00,平日勤務
E023,2025/3/25,8:57,20:10,1:00,平日勤務
E023,2025/3/26,8:52,18:29,1:00,平日勤務
E023,2025/3/27,9:02,19:01,1:00,平日勤務
E023,2025/3/28,8:48,21:48,1:00,平日勤務
E023,2025/3/31,8:47,18:13,1:00,平日勤務
E023,2025/4/1,9:08,20:35,1:00,平日勤務
E023,2025/4/2,9:08,17:46,1:00,平日勤務
E023,2025/4/3,8:53,20:13,1:00,平日勤務
E023,2025/4/4,8:58,18:08,1:00,平日勤務
E023,2025/4/7,8:46,21:21,1:00,平日勤務
E023,2025/4/8,9:00,19:01,1:00,平日勤務
E023,2025/4/11,8:53,18:42,1:00,平日勤務
E023,2025/4/14,9:05,20:39,1:00,平日勤務
E023,2025/4/15,8:45,17:52,1:00,平日勤務
E023,2025/4/16,9:12,18:19,1:00,平日勤務
E023,2025/4/17,8:55,18:30,1:00,平日勤務
E023,2025/4/18,9:02,18:29,1:00,平日勤務
E023,2025/4/22,8:49,18:48,1:00,平日勤務
E023,2025/4/23,9:13,18:12,1:00,平日勤務
E023,2025/4/25,8:57,18:23,1:00,平日勤務
E023,2025/4/28,8:49,17:53,1:00,平日勤務
E023,2025/4/30,8:58,18:06,1:00,平日勤務
E023,2025/5/2,8:46,17:54,1:00,平日勤務
E023,2025/5/5,8:50,17:31,1:00,平日勤務
E023,2025/5/6,9:01,18:05,1:00,平日勤務
E023,2025/5/7,9:04,21:43,1:00,平日勤務
E023,2025/5/8,8:54,18:07,1:00,平日勤務
E023,2025/5/9,9:14,18:53,1:00,平日勤務
E023,2025/5/12,8:54,21:47,1:00,平日勤務
E023,2025/5/14,8:56,18:08,1:00,平日勤務
E023,2025/5/15,9:10,19:36,1:00,平日勤務
E023,2025/5/19,8:55,18:18,1:00,平日勤務
E023,2025/5/20,8:59,17:58,1:00,平日勤務
E023,2025/5/21,8:49,18:00,1:00,平日勤務
E023,2025/5/22,8:52,20:30,1:00,平日勤務
E023,2025/5/23,9:13,18:07,1:00,平日勤務
E023,2025/5/26,8:47,20:25,1:00,平日勤務
E023,2025/5/27,9:10,18:15,1:00,平日勤務
E023,2025/5/28,9:02,18:05,1:00,平日勤務
E023,2025/5/29,9:06,17:52,1:00,平日勤務
E023,2025/5/30,9:12,21:09,1:00,平日勤務
E023,2025/6/2,9:14,18:19,1:00,平日勤務
E023,2025/6/3,9:10,20:38,1:00,平日勤務
E023,2025/6/4,8:54,18:06,1:00,平日勤務
E023,2025/6/5,9:07,18:36,1:00,平日勤務
E023,2025/6/6,8:51,18:09,1:00,平日勤務
E023,2025/6/9,9:04,17:48,1:00,平日勤務
E023,2025/6/10,9:08,19:09,1:00,平日勤務
E023,2025/6/11,9:07,18:03,1:00,平日勤務
E023,2025/6/12,9:09,19:10,1:00,平日勤務
E023,2025/6/13,9:10,17:51,1:00,平日勤務
E023,2025/6/16,9:06,20:54,1:00,平日勤務
E023,2025/6/17,9:13,20:32,1:00,平日勤務
E023,2025/6/18,8:49,18:06,1:00,平日勤務
E023,2025/6/19,9:13,17:39,1:00,平日勤務
E023,2025/6/20,9:00,17:48,1:00,平日勤務
E023,2025/6/23,9:03,18:38,1:00,平日勤務
E023,2025/6/24,8:58,17:56,1:00,平日勤務
E023,2025/6/25,8:55,17:58,1:00,平日勤務
E023,2025/6/26,9:00,18:26,1:00,平日勤務
E023,2025/6/27,9:04,18:52,1:00,平日勤務
E023,2025/6/30,8:57,19:01,1:00,平日勤務
E023,2025/7/1,8:57,17:50,1:00,平日勤務
E023,2025/7/2,9:06,17:32,1:00,平日勤務
E023,2025/7/3,8:51,18:04,1:00,平日勤務
E023,2025/7/4,9:02,18:58,1:00,平日勤務
E023,2025/7/7,8:45,20:17,1:00,平日勤務
E023,2025/7/8,9:02,19:54,1:00,平日勤務
E023,2025/7/9,8:53,21:36,1:00,平日勤務
E023,2025/7/10,8:45,18:04,1:00,平日勤務
E023,2025/7/11,9:05,18:04,1:00,平日勤務
E023,2025/7/14,8:50,20:17,1:00,平日勤務
E023,2025/7/15,9:05,18:27,1:00,平日勤務
E023,2025/7/16,9:09,18:25,1:00,平日勤務
E023,2025/7/17,8:53,20:57,1:00,平日勤務
E023,2025/7/18,8:47,17:51,1:00,平日勤務
E023,2025/7/21,9:01,18:08,1:00,平日勤務
E023,2025/7/22,8:49,20:28,1:00,平日勤務
E023,2025/7/23,8:58,18:33,1:00,平日勤務
E023,2025/7/24,8:46,18:36,1:00,平日勤務
E023,2025/7/25,8:49,18:17,1:00,平日勤務
E023,2025/7/28,9:09,19:39,1:00,平日勤務
E023,2025/7/29,8:56,17:41,1:00,平日勤務
E023,2025/7/30,9:11,17:46,1:00,平日勤務
E023,2025/7/31,9:09,17:35,1:00,平日勤務
E023,2025/8/1,9:13,19:32,1:00,平日勤務
E023,2025/8/4,8:56,18:36,1:00,平日勤務
E023,2025/8/5,8:55,18:29,1:00,平日勤務
E023,2025/8/6,9:07,18:21,1:00,平日勤務
E023,2025/8/8,8:57,18:41,1:00,平日勤務
E023,2025/8/11,9:07,19:10,1:00,平日勤務
E023,2025/8/12,9:01,21:57,1:00,平日勤務
E023,2025/8/13,8:50,18:23,1:00,平日勤務
E023,2025/8/14,8:59,20:45,1:00,平日勤務
E023,2025/8/15,9:03,18:54,1:00,平日勤務
E023,2025/8/18,9:13,18:02,1:00,平日勤務
E023,2025/8/19,8:45,21:42,1:00,平日勤務
E023,2025/8/20,8:46,17:40,1:00,平日勤務
E023,2025/8/21,9:09,17:53,1:00,平日勤務
E023,2025/8/22,8:48,17:37,1:00,平日勤務
E023,2025/8/25,8:50,18:11,1:00,平日勤務
E023,2025/8/26,8:47,19:18,1:00,平日勤務
E023,2025/8/27,9:06,17:50,1:00,平日勤務
E023,2025/8/29,9:12,18:43,1:00,平日勤務
E023,2025/9/1,8:48,18:07,1:00,平日勤務
E023,2025/9/2,8:48,21:59,1:00,平日勤務
E023,2025/9/3,8:52,18:47,1:00,平日勤務
E023,2025/9/4,8:46,17:32,1:00,平日勤務
E023,2025/9/5,8:53,17:37,1:00,平日勤務
E023,2025/9/8,8:54,18:37,1:00,平日勤務
E023,2025/9/9,8:51,17:46,1:00,平日勤務
E023,2025/9/10,8:45,20:20,1:00,平日勤務
E023,2025/9/12,9:12,20:25,1:00,平日勤務
E023,2025/9/15,9:11,18:30,1:00,平日勤務
E023,2025/9/16,9:12,18:14,1:00,平日勤務
E023,2025/9/17,9:13,18:05,1:00,平日勤務
E023,2025/9/18,8:58,18:12,1:00,平日勤務
E023,2025/9/19,9:05,18:52,1:00,平日勤務
E023,2025/9/22,9:10,18:05,1:00,平日勤務
E023,2025/9/23,9:06,18:02,1:00,平日勤務
E023,2025/9/24,8:46,20:33,1:00,平日勤務
E023,2025/9/25,9:13,18:20,1:00,平日勤務
E023,2025/9/26,9:03,17:30,1:00,平日勤務
E023,2025/9/30,9:10,17:48,1:00,平日勤務
E023,2025/10/1,8:52,17:59,1:00,平日勤務
E023,2025/10/2,8:59,18:01,1:00,平日勤務
E023,2025/10/3,8:51,21:40,1:00,平日勤務
E023,2025/10/6,8:55,17:37,1:00,平日勤務
E023,2025/10/7,8:59,19:02,1:00,平日勤務
E023,2025/10/9,9:02,18:06,1:00,平日勤務
E023,2025/10/10,8:53,17:34,1:00,平日勤務
E023,2025/10/13,8:51,18:18,1:00,平日勤務
E023,2025/10/14,8:59,17:59,1:00,平日勤務
E023,2025/10/15,8:49,17:43,1:00,平日勤務
E023,2025/10/16,9:07,17:59,1:00,平日勤務
E023,2025/10/17,9:13,17:37,1:00,平日勤務
E023,2025/10/20,9:09,18:53,1:00,平日勤務
E023,2025/10/22,9:13,18:02,1:00,平日勤務
E023,2025/10/24,9:12,17:58,1:00,平日勤務
E023,2025/10/25,10:07,15:32,1:00,休日出勤
E023,2025/10/27,8:58,19:19,1:00,平日勤務
E023,2025/10/28,9:04,19:28,1:00,平日勤務
E023,2025/10/29,8:59,18:36,1:00,平日勤務
E023,2025/10/30,8:50,19:39,1:00,平日勤務
E023,2025/10/31,8:50,18:04,1:00,平日勤務
E023,2025/11/3,9:06,19:12,1:00,平日勤務
E023,2025/11/4,8:55,17:42,1:00,平日勤務
E023,2025/11/5,8:57,19:58,1:00,平日勤務
E023,2025/11/6,8:59,20:37,1:00,平日勤務
E023,2025/11/7,9:06,17:35,1:00,平日勤務
E023,2025/11/10,9:08,19:01,1:00,平日勤務
E023,2025/11/11,9:00,18:21,1:00,平日勤務
E023,2025/11/12,9:05,18:17,1:00,平日勤務
E023,2025/11/13,8:46,17:39,1:00,平日勤務
E023,2025/11/14,9:13,19:04,1:00,平日勤務
E023,2025/11/17,8:57,17:54,1:00,平日勤務
E023,2025/11/18,8:47,18:22,1:00,平日勤務
E023,2025/11/20,8:51,18:15,1:00,平日勤務
E023,2025/11/24,9:14,18:14,1:00,平日勤務
E023,2025/11/25,9:13,18:47,1:00,平日勤務
E023,2025/11/26,9:06,18:19,1:00,平日勤務
E023,2025/11/27,8:49,20:59,1:00,平日勤務
E023,2025/12/1,8:58,19:26,1:00,平日勤務
E023,2025/12/2,8:46,19:55,1:00,平日勤務
E023,2025/12/3,9:07,18:04,1:00,平日勤務
E023,2025/12/4,8:52,18:26,1:00,平日勤務
E023,2025/12/5,9:09,17:46,1:00,平日勤務
E023,2025/12/8,9:07,18:29,1:00,平日勤務
E023,2025/12/9,8:52,17:37,1:00,平日勤務
E023,2025/12/10,8:52,19:20,1:00,平日勤務
E023,2025/12/11,8:49,17:47,1:00,平日勤務
E023,2025/12/12,8:52,18:08,1:00,平日勤務
E023,2025/12/16,8:48,17:41,1:00,平日勤務
E023,2025/12/17,9:03,20:56,1:00,平日勤務
E023,2025/12/19,9:03,18:09,1:00,平日勤務
E023,2025/12/22,9:14,21:34,1:00,平日勤務
E023,2025/12/23,8:58,17:42,1:00,平日勤務
E023,2025/12/24,9:03,18:21,1:00,平日勤務
E023,2025/12/25,8:56,17:46,1:00,平日勤務
E023,2025/12/26,9:06,18:14,1:00,平日勤務
E023,2025/12/29,8:54,18:35,1:00,平日勤務
E023,2025/12/30,9:09,18:58,1:00,平日勤務
E023,2025/12/31,9:09,18:10,1:00,平日勤務
E024,2025/1/2,8:48,17:49,1:00,平日勤務
E024,2025/1/3,9:13,17:38,1:00,平日勤務
E024,2025/1/6,9:10,18:08,1:00,平日勤務
E024,2025/1/8,9:00,17:55,1:00,平日勤務
E024,2025/1/10,8:52,18:06,1:00,平日勤務
E024,2025/1/13,9:06,18:06,1:00,平日勤務
E024,2025/1/14,8:54,20:02,1:00,平日勤務
E024,2025/1/15,9:05,19:08,1:00,平日勤務
E024,2025/1/16,9:09,21:40,1:00,平日勤務
E024,2025/1/17,9:05,17:50,1:00,平日勤務
E024,2025/1/20,9:01,17:39,1:00,平日勤務
E024,2025/1/21,8:47,18:18,1:00,平日勤務
E024,2025/1/23,9:14,19:07,1:00,平日勤務
E024,2025/1/24,8:46,18:24,1:00,平日勤務
E024,2025/1/27,9:03,18:08,1:00,平日勤務
E024,2025/1/28,8:49,20:47,1:00,平日勤務
E024,2025/1/30,9:10,19:56,1:00,平日勤務
E024,2025/2/3,9:09,18:08,1:00,平日勤務
E024,2025/2/4,9:02,19:21,1:00,平日勤務
E024,2025/2/5,8:50,17:30,1:00,平日勤務
E024,2025/2/6,9:09,18:11,1:00,平日勤務
E024,2025/2/7,8:52,18:24,1:00,平日勤務
E024,2025/2/10,8:50,18:02,1:00,平日勤務
E024,2025/2/11,9:10,18:10,1:00,平日勤務
E024,2025/2/12,8:50,18:05,1:00,平日勤務
E024,2025/2/13,8:57,19:44,1:00,平日勤務
E024,2025/2/14,9:09,18:21,1:00,平日勤務
E024,2025/2/20,9:12,17:41,1:00,平日勤務
E024,2025/2/21,8:58,17:38,1:00,平日勤務
E024,2025/2/24,9:00,18:16,1:00,平日勤務
E024,2025/2/25,8:47,18:01,1:00,平日勤務
E024,2025/2/26,8:46,21:50,1:00,平日勤務
E024,2025/2/27,8:49,18:32,1:00,平日勤務
E024,2025/2/28,9:10,18:43,1:00,平日勤務
E024,2025/3/3,9:06,18:26,1:00,平日勤務
E024,2025/3/4,9:00,18:11,1:00,平日勤務
E024,2025/3/6,9:11,18:36,1:00,平日勤務
E024,2025/3/7,8:59,18:14,1:00,平日勤務
E024,2025/3/10,8:53,19:10,1:00,平日勤務
E024,2025/3/11,8:55,17:38,1:00,平日勤務
E024,2025/3/12,8:54,17:41,1:00,平日勤務
E024,2025/3/13,9:08,21:27,1:00,平日勤務
E024,2025/3/14,8:52,17:54,1:00,平日勤務
E024,2025/3/17,9:02,18:14,1:00,平日勤務
E024,2025/3/18,8:47,18:27,1:00,平日勤務
E024,2025/3/20,8:46,18:00,1:00,平日勤務
E024,2025/3/21,8:50,18:05,1:00,平日勤務
E024,2025/3/24,9:00,17:56,1:00,平日勤務
E024,2025/3/25,9:06,20:40,1:00,平日勤務
E024,2025/3/26,9:07,18:05,1:00,平日勤務
E024,2025/3/27,8:57,17:59,1:00,平日勤務
E024,2025/3/28,8:50,18:28,1:00,平日勤務
E024,2025/3/31,9:02,18:04,1:00,平日勤務
E024,2025/4/2,8:56,18:00,1:00,平日勤務
E024,2025/4/3,8:53,17:34,1:00,平日勤務
E024,2025/4/4,8:53,17:52,1:00,平日勤務
E024,2025/4/7,9:09,19:28,1:00,平日勤務
E024,2025/4/8,8:49,17:39,1:00,平日勤務
E024,2025/4/9,8:50,19:36,1:00,平日勤務
E024,2025/4/10,8:46,17:59,1:00,平日勤務
E024,2025/4/11,8:47,17:49,1:00,平日勤務
E024,2025/4/14,9:01,17:31,1:00,平日勤務
E024,2025/4/16,9:09,19:25,1:00,平日勤務
E024,2025/4/17,9:14,17:45,1:00,平日勤務
E024,2025/4/18,8:50,18:17,1:00,平日勤務
E024,2025/4/23,8:54,18:38,1:00,平日勤務
E024,2025/4/24,8:51,20:43,1:00,平日勤務
E024,2025/4/25,9:09,18:08,1:00,平日勤務
E024,2025/4/28,8:47,19:57,1:00,平日勤務
E024,2025/4/29,9:08,19:23,1:00,平日勤務
E024,2025/4/30,8:45,19:37,1:00,平日勤務
E024,2025/5/1,8:52,17:40,1:00,平日勤務
E024,2025/5/2,9:00,18:09,1:00,平日勤務
E024,2025/5/5,8:53,17:43,1:00,平日勤務
E024,2025/5/6,8:59,17:57,1:00,平日勤務
E024,2025/5/7,9:07,17:46,1:00,平日勤務
E024,2025/5/8,8:48,17:57,1:00,平日勤務
E024,2025/5/9,8:46,19:49,1:00,平日勤務
E024,2025/5/13,9:09,18:22,1:00,平日勤務
E024,2025/5/14,9:13,17:59,1:00,平日勤務
E024,2025/5/15,9:14,20:36,1:00,平日勤務
E024,2025/5/16,8:54,18:28,1:00,平日勤務
E024,2025/5/19,9:07,17:41,1:00,平日勤務
E024,2025/5/20,8:59,17:56,1:00,平日勤務
E024,2025/5/21,8:55,18:47,1:00,平日勤務
E024,2025/5/22,9:06,18:59,1:00,平日勤務
E024,2025/5/23,8:48,18:55,1:00,平日勤務
E024,2025/5/26,8:57,19:17,1:00,平日勤務
E024,2025/5/27,9:07,17:42,1:00,平日勤務
E024,2025/5/28,8:59,19:05,1:00,平日勤務
E024,2025/5/29,8:55,17:52,1:00,平日勤務
E024,2025/5/30,8:48,17:41,1:00,平日勤務
E024,2025/6/2,8:50,18:11,1:00,平日勤務
E024,2025/6/3,8:59,18:32,1:00,平日勤務
E024,2025/6/4,8:46,19:54,1:00,平日勤務
E024,2025/6/5,9:03,18:57,1:00,平日勤務
E024,2025/6/6,9:12,18:08,1:00,平日勤務
E024,2025/6/9,8:47,18:26,1:00,平日勤務
E024,2025/6/11,9:06,19:26,1:00,平日勤務
E024,2025/6/12,9:00,18:15,1:00,平日勤務
E024,2025/6/13,8:58,18:22,1:00,平日勤務
E024,2025/6/16,8:57,17:40,1:00,平日勤務
E024,2025/6/17,8:47,18:05,1:00,平日勤務
E024,2025/6/18,8:57,17:42,1:00,平日勤務
E024,2025/6/19,9:13,20:41,1:00,平日勤務
E024,2025/6/20,9:04,18:18,1:00,平日勤務
E024,2025/6/23,9:01,17:41,1:00,平日勤務
E024,2025/6/24,8:45,17:48,1:00,平日勤務
E024,2025/6/25,9:10,18:24,1:00,平日勤務
E024,2025/6/26,9:09,17:42,1:00,平日勤務
E024,2025/6/27,9:01,21:25,1:00,平日勤務
E024,2025/6/30,8:56,17:56,1:00,平日勤務
E024,2025/7/1,8:47,18:17,1:00,平日勤務
E024,2025/7/3,9:05,19:54,1:00,平日勤務
E024,2025/7/4,9:07,17:37,1:00,平日勤務
E024,2025/7/6,10:09,16:09,1:00,休日出勤
E024,2025/7/7,9:14,18:29,1:00,平日勤務
E024,2025/7/8,9:13,17:45,1:00,平日勤務
E024,2025/7/9,9:12,18:12,1:00,平日勤務
E024,2025/7/10,8:50,18:23,1:00,平日勤務
E024,2025/7/11,9:07,19:00,1:00,平日勤務
E024,2025/7/14,9:14,20:03,1:00,平日勤務
E024,2025/7/15,9:12,21:52,1:00,平日勤務
E024,2025/7/16,8:49,21:46,1:00,平日勤務
E024,2025/7/18,8:53,18:23,1:00,平日勤務
E024,2025/7/21,9:03,17:58,1:00,平日勤務
E024,2025/7/22,8:48,18:52,1:00,平日勤務
E024,2025/7/24,9:05,17:34,1:00,平日勤務
E024,2025/7/25,8:50,17:30,1:00,平日勤務
E024,2025/7/28,8:53,17:32,1:00,平日勤務
E024,2025/7/29,8:58,17:34,1:00,平日勤務
E024,2025/8/1,9:10,17:57,1:00,平日勤務
E024,2025/8/4,9:00,17:53,1:00,平日勤務
E024,2025/8/5,9:06,21:18,1:00,平日勤務
E024,2025/8/6,8:56,21:56,1:00,平日勤務
E024,2025/8/7,9:00,17:39,1:00,平日勤務
E024,2025/8/8,9:03,18:45,1:00,平日勤務
E024,2025/8/11,8:51,17:41,1:00,平日勤務
E024,2025/8/12,8:54,18:26,1:00,平日勤務
E024,2025/8/13,9:00,17:37,1:00,平日勤務
E024,2025/8/14,9:07,21:53,1:00,平日勤務
E024,2025/8/15,8:49,19:20,1:00,平日勤務
E024,2025/8/19,8:58,19:19,1:00,平日勤務
E024,2025/8/20,9:12,17:53,1:00,平日勤務
E024,2025/8/21,9:02,17:46,1:00,平日勤務
E024,2025/8/22,9:07,20:24,1:00,平日勤務
E024,2025/8/25,8:55,18:27,1:00,平日勤務
E024,2025/8/26,8:47,19:22,1:00,平日勤務
E024,2025/8/27,9:13,18:57,1:00,平日勤務
E024,2025/8/28,8:51,17:47,1:00,平日勤務
E024,2025/8/29,9:02,18:12,1:00,平日勤務
E024,2025/9/1,9:06,18:15,1:00,平日勤務
E024,2025/9/2,9:04,18:03,1:00,平日勤務
E024,2025/9/3,8:55,17:43,1:00,平日勤務
E024,2025/9/4,9:07,17:50,1:00,平日勤務
E024,2025/9/5,9:06,17:50,1:00,平日勤務
E024,2025/9/8,8:57,18:25,1:00,平日勤務
E024,2025/9/9,8:56,18:38,1:00,平日勤務
E024,2025/9/10,8:55,17:36,1:00,平日勤務
E024,2025/9/11,9:13,17:50,1:00,平日勤務
E024,2025/9/12,9:00,17:59,1:00,平日勤務
E024,2025/9/15,9:05,17:49,1:00,平日勤務
E024,2025/9/16,8:50,17:31,1:00,平日勤務
E024,2025/9/17,9:07,18:47,1:00,平日勤務
E024,2025/9/18,8:49,17:31,1:00,平日勤務
E024,2025/9/19,8:48,17:32,1:00,平日勤務
E024,2025/9/22,8:53,19:13,1:00,平日勤務
E024,2025/9/23,8:54,19:15,1:00,平日勤務
E024,2025/9/24,8:45,17:56,1:00,平日勤務
E024,2025/9/25,9:01,18:57,1:00,平日勤務
E024,2025/9/26,9:14,17:45,1:00,平日勤務
E024,2025/9/29,8:54,18:08,1:00,平日勤務
E024,2025/9/30,9:04,18:41,1:00,平日勤務
E024,2025/10/1,8:58,18:33,1:00,平日勤務
E024,2025/10/2,9:07,18:28,1:00,平日勤務
E024,2025/10/3,8:53,18:15,1:00,平日勤務
E024,2025/10/6,8:51,19:58,1:00,平日勤務
E024,2025/10/7,8:55,17:33,1:00,平日勤務
E024,2025/10/8,9:12,19:53,1:00,平日勤務
E024,2025/10/9,8:58,18:52,1:00,平日勤務
E024,2025/10/10,9:01,18:19,1:00,平日勤務
E024,2025/10/14,9:11,18:55,1:00,平日勤務
E024,2025/10/15,9:11,18:24,1:00,平日勤務
E024,2025/10/16,9:06,18:08,1:00,平日勤務
E024,2025/10/17,8:59,17:42,1:00,平日勤務
E024,2025/10/20,9:07,17:49,1:00,平日勤務
E024,2025/10/21,8:57,18:57,1:00,平日勤務
E024,2025/10/22,8:51,18:21,1:00,平日勤務
E024,2025/10/23,9:03,17:50,1:00,平日勤務
E024,2025/10/24,8:55,17:39,1:00,平日勤務
E024,2025/10/27,8:50,18:27,1:00,平日勤務
E024,2025/10/28,9:06,18:11,1:00,平日勤務
E024,2025/10/29,9:11,18:34,1:00,平日勤務
E024,2025/10/30,9:11,17:58,1:00,平日勤務
E024,2025/10/31,8:55,19:45,1:00,平日勤務
E024,2025/11/3,9:10,18:16,1:00,平日勤務
E024,2025/11/4,9:01,18:39,1:00,平日勤務
E024,2025/11/5,8:50,19:19,1:00,平日勤務
E024,2025/11/6,8:59,17:32,1:00,平日勤務
E024,2025/11/7,9:05,17:54,1:00,平日勤務
E024,2025/11/11,9:02,18:11,1:00,平日勤務
E024,2025/11/12,9:13,21:28,1:00,平日勤務
E024,2025/11/13,9:03,18:09,1:00,平日勤務
E024,2025/11/17,9:11,20:00,1:00,平日勤務
E024,2025/11/19,9:02,18:35,1:00,平日勤務
E024,2025/11/20,8:45,18:08,1:00,平日勤務
E024,2025/11/21,8:45,19:40,1:00,平日勤務
E024,2025/11/24,8:58,20:41,1:00,平日勤務
E024,2025/11/25,9:11,19:38,1:00,平日勤務
E024,2025/11/26,8:45,18:20,1:00,平日勤務
E024,2025/11/27,9:02,18:10,1:00,平日勤務
E024,2025/11/28,8:57,19:32,1:00,平日勤務
E024,2025/12/1,8:46,21:50,1:00,平日勤務
E024,2025/12/2,8:53,17:49,1:00,平日勤務
E024,2025/12/3,9:10,21:24,1:00,平日勤務
E024,2025/12/4,9:06,17:59,1:00,平日勤務
E024,2025/12/5,9:14,21:23,1:00,平日勤務
E024,2025/12/8,9:14,18:12,1:00,平日勤務
E024,2025/12/9,9:01,18:15,1:00,平日勤務
E024,2025/12/10,8:57,18:29,1:00,平日勤務
E024,2025/12/11,8:53,17:59,1:00,平日勤務
E024,2025/12/15,9:02,18:13,1:00,平日勤務
E024,2025/12/16,9:08,19:05,1:00,平日勤務
E024,2025/12/17,8:45,18:54,1:00,平日勤務
E024,2025/12/18,8:47,17:55,1:00,平日勤務
E024,2025/12/22,8:57,21:56,1:00,平日勤務
E024,2025/12/23,8:56,18:18,1:00,平日勤務
E024,2025/12/24,8:58,18:03,1:00,平日勤務
E024,2025/12/25,9:00,17:50,1:00,平日勤務
E024,2025/12/26,8:53,18:36,1:00,平日勤務
E024,2025/12/29,9:13,18:28,1:00,平日勤務
E024,2025/12/30,8:50,17:46,1:00,平日勤務
E024,2025/12/31,9:12,18:49,1:00,平日勤務
E025,2025/1/1,9:03,18:16,1:00,平日勤務
E025,2025/1/2,9:13,17:55,1:00,平日勤務
E025,2025/1/3,9:06,18:14,1:00,平日勤務
E025,2025/1/6,8:50,18:48,1:00,平日勤務
E025,2025/1/7,8:48,18:20,1:00,平日勤務
E025,2025/1/8,9:12,18:57,1:00,平日勤務
E025,2025/1/9,8:54,18:46,1:00,平日勤務
E025,2025/1/10,9:10,17:44,1:00,平日勤務
E025,2025/1/13,9:10,21:38,1:00,平日勤務
E025,2025/1/14,9:12,17:44,1:00,平日勤務
E025,2025/1/15,8:58,18:26,1:00,平日勤務
E025,2025/1/16,9:06,19:45,1:00,平日勤務
E025,2025/1/17,9:03,17:55,1:00,平日勤務
E025,2025/1/20,9:02,17:57,1:00,平日勤務
E025,2025/1/21,8:51,18:30,1:00,平日勤務
E025,2025/1/22,9:05,18:23,1:00,平日勤務
E025,2025/1/23,8:54,19:24,1:00,平日勤務
E025,2025/1/24,8:51,17:42,1:00,平日勤務
E025,2025/1/27,9:05,17:55,1:00,平日勤務
E025,2025/1/28,9:10,17:39,1:00,平日勤務
E025,2025/1/29,9:07,20:48,1:00,平日勤務
E025,2025/1/31,9:06,19:16,1:00,平日勤務
E025,2025/2/3,8:56,17:54,1:00,平日勤務
E025,2025/2/4,8:47,20:11,1:00,平日勤務
E025,2025/2/5,8:58,21:37,1:00,平日勤務
E025,2025/2/6,8:55,21:05,1:00,平日勤務
E025,2025/2/7,8:50,18:11,1:00,平日勤務
E025,2025/2/10,8:49,17:53,1:00,平日勤務
E025,2025/2/11,8:54,18:09,1:00,平日勤務
E025,2025/2/12,9:08,17:41,1:00,平日勤務
E025,2025/2/13,9:12,20:19,1:00,平日勤務
E025,2025/2/14,9:11,18:28,1:00,平日勤務
E025,2025/2/17,8:52,18:37,1:00,平日勤務
E025,2025/2/18,8:58,19:24,1:00,平日勤務
E025,2025/2/19,8:56,17:37,1:00,平日勤務
E025,2025/2/20,9:01,18:50,1:00,平日勤務
E025,2025/2/21,8:50,17:31,1:00,平日勤務
E025,2025/2/24,8:53,19:22,1:00,平日勤務
E025,2025/2/25,9:07,18:30,1:00,平日勤務
E025,2025/2/26,9:02,18:46,1:00,平日勤務
E025,2025/2/28,9:12,21:46,1:00,平日勤務
E025,2025/3/3,9:12,17:42,1:00,平日勤務
E025,2025/3/4,9:04,18:18,1:00,平日勤務
E025,2025/3/5,9:06,19:54,1:00,平日勤務
E025,2025/3/6,9:00,17:46,1:00,平日勤務
E025,2025/3/7,9:14,20:27,1:00,平日勤務
E025,2025/3/10,9:00,17:49,1:00,平日勤務
E025,2025/3/11,8:48,17:58,1:00,平日勤務
E025,2025/3/12,8:57,17:35,1:00,平日勤務
E025,2025/3/13,8:48,17:50,1:00,平日勤務
E025,2025/3/14,8:49,17:55,1:00,平日勤務
E025,2025/3/17,9:07,17:56,1:00,平日勤務
E025,2025/3/18,8:59,18:42,1:00,平日勤務
E025,2025/3/19,8:59,18:34,1:00,平日勤務
E025,2025/3/20,8:49,18:08,1:00,平日勤務
E025,2025/3/21,9:06,18:26,1:00,平日勤務
E025,2025/3/24,9:08,17:58,1:00,平日勤務
E025,2025/3/25,9:00,20:13,1:00,平日勤務
E025,2025/3/26,8:47,18:15,1:00,平日勤務
E025,2025/3/27,8:49,18:12,1:00,平日勤務
E025,2025/3/28,8:57,17:30,1:00,平日勤務
E025,2025/3/31,8:45,19:08,1:00,平日勤務
E025,2025/4/1,9:10,21:31,1:00,平日勤務
E025,2025/4/3,9:08,19:39,1:00,平日勤務
E025,2025/4/4,9:08,17:36,1:00,平日勤務
E025,2025/4/9,9:14,18:28,1:00,平日勤務
E025,2025/4/10,8:54,18:11,1:00,平日勤務
E025,2025/4/11,9:13,18:19,1:00,平日勤務
E025,2025/4/12,10:08,15:41,1:00,休日出勤
E025,2025/4/14,9:04,17:31,1:00,平日勤務
E025,2025/4/15,8:58,18:08,1:00,平日勤務
E025,2025/4/16,9:05,17:59,1:00,平日勤務
E025,2025/4/17,8:54,17:41,1:00,平日勤務
E025,2025/4/18,8:49,18:39,1:00,平日勤務
E025,2025/4/21,8:53,19:49,1:00,平日勤務
E025,2025/4/22,8:50,18:33,1:00,平日勤務
E025,2025/4/23,9:01,18:10,1:00,平日勤務
E025,2025/4/25,9:00,17:50,1:00,平日勤務
E025,2025/4/28,9:09,17:34,1:00,平日勤務
E025,2025/4/29,8:52,21:03,1:00,平日勤務
E025,2025/4/30,9:02,18:22,1:00,平日勤務
E025,2025/5/1,9:08,17:34,1:00,平日勤務
E025,2025/5/2,8:50,18:26,1:00,平日勤務
E025,2025/5/5,8:56,17:36,1:00,平日勤務
E025,2025/5/6,8:48,18:27,1:00,平日勤務
E025,2025/5/7,8:56,18:02,1:00,平日勤務
E025,2025/5/8,9:10,21:56,1:00,平日勤務
E025,2025/5/12,8:57,17:55,1:00,平日勤務
E025,2025/5/13,8:55,20:22,1:00,平日勤務
E025,2025/5/14,9:06,18:05,1:00,平日勤務
E025,2025/5/15,9:10,18:10,1:00,平日勤務
E025,2025/5/16,9:06,18:27,1:00,平日勤務
E025,2025/5/19,8:47,17:38,1:00,平日勤務
E025,2025/5/21,9:12,21:15,1:00,平日勤務
E025,2025/5/22,9:06,18:37,1:00,平日勤務
E025,2025/5/23,9:09,18:13,1:00,平日勤務
E025,2025/5/26,8:59,21:48,1:00,平日勤務
E025,2025/5/27,9:12,17:53,1:00,平日勤務
E025,2025/5/28,8:48,18:38,1:00,平日勤務
E025,2025/5/29,8:50,18:43,1:00,平日勤務
E025,2025/5/30,8:48,17:45,1:00,平日勤務
E025,2025/6/2,8:53,20:11,1:00,平日勤務
E025,2025/6/3,9:13,19:14,1:00,平日勤務
E025,2025/6/4,8:56,17:35,1:00,平日勤務
E025,2025/6/5,9:05,21:04,1:00,平日勤務
E025,2025/6/6,9:11,18:07,1:00,平日勤務
E025,2025/6/9,9:09,20:08,1:00,平日勤務
E025,2025/6/10,8:53,17:53,1:00,平日勤務
E025,2025/6/11,8:56,18:21,1:00,平日勤務
E025,2025/6/12,9:02,18:09,1:00,平日勤務
E025,2025/6/13,9:07,18:23,1:00,平日勤務
E025,2025/6/16,9:11,18:27,1:00,平日勤務
E025,2025/6/17,8:50,18:07,1:00,平日勤務
E025,2025/6/18,8:56,17:44,1:00,平日勤務
E025,2025/6/19,8:54,18:47,1:00,平日勤務
E025,2025/6/20,9:11,17:36,1:00,平日勤務
E025,2025/6/23,9:07,19:32,1:00,平日勤務
E025,2025/6/24,9:10,17:54,1:00,平日勤務
E025,2025/6/25,9:03,17:56,1:00,平日勤務
E025,2025/6/26,8:53,18:27,1:00,平日勤務
E025,2025/6/27,8:45,19:53,1:00,平日勤務
E025,2025/6/30,8:56,17:58,1:00,平日勤務
E025,2025/7/1,9:14,18:19,1:00,平日勤務
E025,2025/7/2,8:59,20:32,1:00,平日勤務
E025,2025/7/3,8:58,18:03,1:00,平日勤務
E025,2025/7/4,8:48,19:44,1:00,平日勤務
E025,2025/7/7,9:03,17:48,1:00,平日勤務
E025,2025/7/8,8:57,18:11,1:00,平日勤務
E025,2025/7/9,9:04,20:57,1:00,平日勤務
E025,2025/7/10,9:14,18:04,1:00,平日勤務
E025,2025/7/11,8:54,18:28,1:00,平日勤務
E025,2025/7/15,8:58,18:33,1:00,平日勤務
E025,2025/7/17,9:10,17:38,1:00,平日勤務
E025,2025/7/18,9:06,19:19,1:00,平日勤務
E025,2025/7/21,9:14,18:30,1:00,平日勤務
E025,2025/7/22,9:13,17:53,1:00,平日勤務
E025,2025/7/23,9:03,18:06,1:00,平日勤務
E025,2025/7/24,9:08,17:56,1:00,平日勤務
E025,2025/7/25,8:54,19:27,1:00,平日勤務
E025,2025/7/28,9:04,18:36,1:00,平日勤務
E025,2025/7/30,9:04,17:59,1:00,平日勤務
E025,2025/8/1,8:55,17:31,1:00,平日勤務
E025,2025/8/5,8:49,19:30,1:00,平日勤務
E025,2025/8/6,8:48,18:38,1:00,平日勤務
E025,2025/8/7,8:57,18:17,1:00,平日勤務
E025,2025/8/8,8:56,21:23,1:00,平日勤務
E025,2025/8/11,8:47,18:13,1:00,平日勤務
E025,2025/8/12,8:54,18:59,1:00,平日勤務
E025,2025/8/13,9:09,18:13,1:00,平日勤務
E025,2025/8/14,8:45,18:36,1:00,平日勤務
E025,2025/8/15,9:08,17:45,1:00,平日勤務
E025,2025/8/18,8:53,18:36,1:00,平日勤務
E025,2025/8/19,9:12,18:10,1:00,平日勤務
E025,2025/8/20,8:51,18:19,1:00,平日勤務
E025,2025/8/21,9:02,21:50,1:00,平日勤務
E025,2025/8/22,9:01,17:32,1:00,平日勤務
E025,2025/8/25,8:57,18:07,1:00,平日勤務
E025,2025/8/26,8:53,18:00,1:00,平日勤務
E025,2025/8/27,8:56,20:37,1:00,平日勤務
E025,2025/8/28,9:02,18:49,1:00,平日勤務
E025,2025/8/29,8:57,20:56,1:00,平日勤務
E025,2025/9/1,8:47,17:51,1:00,平日勤務
E025,2025/9/2,8:51,20:38,1:00,平日勤務
E025,2025/9/3,8:50,18:16,1:00,平日勤務
E025,2025/9/4,8:49,17:59,1:00,平日勤務
E025,2025/9/8,8:49,18:28,1:00,平日勤務
E025,2025/9/9,9:00,17:51,1:00,平日勤務
E025,2025/9/10,9:08,18:14,1:00,平日勤務
E025,2025/9/11,9:04,18:36,1:00,平日勤務
E025,2025/9/12,8:59,17:45,1:00,平日勤務
E025,2025/9/15,9:13,17:43,1:00,平日勤務
E025,2025/9/17,8:54,19:26,1:00,平日勤務
E025,2025/9/18,9:10,17:32,1:00,平日勤務
E025,2025/9/19,9:01,20:30,1:00,平日勤務
E025,2025/9/20,9:26,18:45,1:00,休日出勤
E025,2025/9/23,9:01,17:51,1:00,平日勤務
E025,2025/9/24,9:07,18:23,1:00,平日勤務
E025,2025/9/25,9:03,19:04,1:00,平日勤務
E025,2025/9/26,8:53,18:29,1:00,平日勤務
E025,2025/9/30,8:55,20:16,1:00,平日勤務
E025,2025/10/1,9:09,18:18,1:00,平日勤務
E025,2025/10/2,8:58,17:52,1:00,平日勤務
E025,2025/10/3,8:46,19:35,1:00,平日勤務
E025,2025/10/6,9:04,18:02,1:00,平日勤務
E025,2025/10/9,9:08,18:56,1:00,平日勤務
E025,2025/10/10,8:50,17:39,1:00,平日勤務
E025,2025/10/13,9:07,18:18,1:00,平日勤務
E025,2025/10/14,8:45,17:59,1:00,平日勤務
E025,2025/10/15,9:01,18:42,1:00,平日勤務
E025,2025/10/17,9:10,18:34,1:00,平日勤務
E025,2025/10/19,10:22,16:36,1:00,休日出勤
E025,2025/10/20,9:09,17:49,1:00,平日勤務
E025,2025/10/21,9:00,17:34,1:00,平日勤務
E025,2025/10/22,8:48,19:33,1:00,平日勤務
E025,2025/10/23,9:03,18:09,1:00,平日勤務
E025,2025/10/24,8:51,18:03,1:00,平日勤務
E025,2025/10/27,8:57,19:17,1:00,平日勤務
E025,2025/10/28,9:12,18:05,1:00,平日勤務
E025,2025/10/29,9:09,18:18,1:00,平日勤務
E025,2025/10/30,9:03,17:56,1:00,平日勤務
E025,2025/10/31,9:02,17:47,1:00,平日勤務
E025,2025/11/3,8:58,19:39,1:00,平日勤務
E025,2025/11/4,8:58,21:53,1:00,平日勤務
E025,2025/11/5,9:03,18:24,1:00,平日勤務
E025,2025/11/6,9:00,17:57,1:00,平日勤務
E025,2025/11/7,8:49,18:22,1:00,平日勤務
E025,2025/11/12,9:09,17:55,1:00,平日勤務
E025,2025/11/13,8:59,17:57,1:00,平日勤務
E025,2025/11/14,8:54,18:20,1:00,平日勤務
E025,2025/11/17,8:47,18:22,1:00,平日勤務
E025,2025/11/18,9:09,18:06,1:00,平日勤務
E025,2025/11/20,9:04,17:58,1:00,平日勤務
E025,2025/11/21,9:14,19:55,1:00,平日勤務
E025,2025/11/23,9:06,15:22,1:00,休日出勤
E025,2025/11/24,9:11,20:49,1:00,平日勤務
E025,2025/11/25,8:56,18:59,1:00,平日勤務
E025,2025/11/26,9:12,17:58,1:00,平日勤務
E025,2025/11/27,8:52,18:20,1:00,平日勤務
E025,2025/11/28,9:13,18:41,1:00,平日勤務
E025,2025/12/1,9:12,18:30,1:00,平日勤務
E025,2025/12/2,9:09,18:28,1:00,平日勤務
E025,2025/12/3,9:02,17:59,1:00,平日勤務
E025,2025/12/4,9:04,17:30,1:00,平日勤務
E025,2025/12/8,8:55,17:53,1:00,平日勤務
E025,2025/12/9,8:54,18:47,1:00,平日勤務
E025,2025/12/10,9:10,18:00,1:00,平日勤務
E025,2025/12/11,9:11,17:37,1:00,平日勤務
E025,2025/12/12,9:14,20:06,1:00,平日勤務
E025,2025/12/16,9:01,17:57,1:00,平日勤務
E025,2025/12/17,9:07,17:54,1:00,平日勤務
E025,2025/12/18,9:10,19:43,1:00,平日勤務
E025,2025/12/22,8:46,20:32,1:00,平日勤務
E025,2025/12/23,8:49,18:21,1:00,平日勤務
E025,2025/12/24,9:06,18:05,1:00,平日勤務
E025,2025/12/25,9:03,19:59,1:00,平日勤務
E025,2025/12/26,9:10,18:20,1:00,平日勤務
E025,2025/12/29,9:07,18:03,1:00,平日勤務
E025,2025/12/30,8:49,17:34,1:00,平日勤務
E025,2025/12/31,9:04,17:31,1:00,平日勤務
E026,2025/1/1,9:09,18:14,1:00,平日勤務
E026,2025/1/2,9:10,18:08,1:00,平日勤務
E026,2025/1/3,9:08,19:59,1:00,平日勤務
E026,2025/1/6,9:04,19:29,1:00,平日勤務
E026,2025/1/7,8:59,17:50,1:00,平日勤務
E026,2025/1/9,9:12,20:26,1:00,平日勤務
E026,2025/1/10,8:48,18:10,1:00,平日勤務
E026,2025/1/13,8:47,21:29,1:00,平日勤務
E026,2025/1/14,8:55,18:25,1:00,平日勤務
E026,2025/1/15,9:11,17:30,1:00,平日勤務
E026,2025/1/17,9:11,17:47,1:00,平日勤務
E026,2025/1/20,9:10,18:08,1:00,平日勤務
E026,2025/1/21,8:51,18:02,1:00,平日勤務
E026,2025/1/22,9:14,18:36,1:00,平日勤務
E026,2025/1/23,8:51,21:00,1:00,平日勤務
E026,2025/1/27,9:04,18:05,1:00,平日勤務
E026,2025/1/28,9:06,18:02,1:00,平日勤務
E026,2025/1/29,8:51,17:31,1:00,平日勤務
E026,2025/1/30,9:01,18:23,1:00,平日勤務
E026,2025/2/3,9:14,17:39,1:00,平日勤務
E026,2025/2/4,8:55,18:19,1:00,平日勤務
E026,2025/2/5,8:45,19:20,1:00,平日勤務
E026,2025/2/6,8:45,17:42,1:00,平日勤務
E026,2025/2/7,8:45,21:59,1:00,平日勤務
E026,2025/2/10,8:47,18:33,1:00,平日勤務
E026,2025/2/11,8:53,18:54,1:00,平日勤務
E026,2025/2/12,8:53,18:35,1:00,平日勤務
E026,2025/2/13,9:04,17:53,1:00,平日勤務
E026,2025/2/14,8:51,18:09,1:00,平日勤務
E026,2025/2/17,8:58,18:34,1:00,平日勤務
E026,2025/2/19,9:08,18:00,1:00,平日勤務
E026,2025/2/20,9:09,17:53,1:00,平日勤務
E026,2025/2/21,9:04,21:59,1:00,平日勤務
E026,2025/2/22,10:27,15:51,1:00,休日出勤
E026,2025/2/24,9:12,18:06,1:00,平日勤務
E026,2025/2/25,8:51,18:06,1:00,平日勤務
E026,2025/2/26,9:11,20:21,1:00,平日勤務
E026,2025/2/27,8:49,18:21,1:00,平日勤務
E026,2025/2/28,8:48,18:12,1:00,平日勤務
E026,2025/3/3,8:51,17:30,1:00,平日勤務
E026,2025/3/4,8:59,19:46,1:00,平日勤務
E026,2025/3/5,9:02,21:59,1:00,平日勤務
E026,2025/3/6,8:52,17:45,1:00,平日勤務
E026,2025/3/7,8:45,18:06,1:00,平日勤務
E026,2025/3/10,8:56,18:22,1:00,平日勤務
E026,2025/3/11,8:51,17:38,1:00,平日勤務
E026,2025/3/12,9:11,18:32,1:00,平日勤務
E026,2025/3/13,8:58,18:24,1:00,平日勤務
E026,2025/3/14,8:45,18:23,1:00,平日勤務
E026,2025/3/17,8:58,17:58,1:00,平日勤務
E026,2025/3/18,8:45,18:46,1:00,平日勤務
E026,2025/3/19,8:48,20:52,1:00,平日勤務
E026,2025/3/21,9:05,18:09,1:00,平日勤務
E026,2025/3/24,8:50,19:15,1:00,平日勤務
E026,2025/3/25,9:05,17:46,1:00,平日勤務
E026,2025/3/26,9:03,18:26,1:00,平日勤務
E026,2025/3/27,8:56,18:29,1:00,平日勤務
E026,2025/3/28,8:55,19:44,1:00,平日勤務
E026,2025/4/1,9:05,19:46,1:00,平日勤務
E026,2025/4/2,8:59,17:59,1:00,平日勤務
E026,2025/4/3,8:45,18:13,1:00,平日勤務
E026,2025/4/4,9:09,18:50,1:00,平日勤務
E026,2025/4/7,9:01,19:24,1:00,平日勤務
E026,2025/4/8,9:12,18:46,1:00,平日勤務
E026,2025/4/9,9:12,17:42,1:00,平日勤務
E026,2025/4/10,8:56,17:37,1:00,平日勤務
E026,2025/4/11,8:59,17:32,1:00,平日勤務
E026,2025/4/14,9:01,18:27,1:00,平日勤務
E026,2025/4/15,9:11,20:35,1:00,平日勤務
E026,2025/4/16,8:53,19:35,1:00,平日勤務
E026,2025/4/18,8:46,18:10,1:00,平日勤務
E026,2025/4/20,9:17,15:56,1:00,休日出勤
E026,2025/4/21,8:49,18:29,1:00,平日勤務
E026,2025/4/22,8:58,20:22,1:00,平日勤務
E026,2025/4/23,9:07,17:51,1:00,平日勤務
E026,2025/4/24,9:02,19:18,1:00,平日勤務
E026,2025/4/25,8:59,21:05,1:00,平日勤務
E026,2025/4/28,8:46,17:56,1:00,平日勤務
E026,2025/4/29,8:59,18:02,1:00,平日勤務
E026,2025/4/30,9:09,18:56,1:00,平日勤務
E026,2025/5/1,9:08,17:37,1:00,平日勤務
E026,2025/5/2,8:48,17:49,1:00,平日勤務
E026,2025/5/5,8:45,18:13,1:00,平日勤務
E026,2025/5/6,9:10,19:24,1:00,平日勤務
E026,2025/5/7,8:57,19:52,1:00,平日勤務
E026,2025/5/8,8:58,18:05,1:00,平日勤務
E026,2025/5/9,8:51,20:36,1:00,平日勤務
E026,2025/5/12,8:48,18:47,1:00,平日勤務
E026,2025/5/13,8:46,18:19,1:00,平日勤務
E026,2025/5/14,9:10,18:01,1:00,平日勤務
E026,2025/5/15,8:52,17:36,1:00,平日勤務
E026,2025/5/16,8:45,18:12,1:00,平日勤務
E026,2025/5/19,9:00,19:53,1:00,平日勤務
E026,2025/5/20,9:13,18:04,1:00,平日勤務
E026,2025/5/21,9:09,17:32,1:00,平日勤務
E026,2025/5/22,9:05,17:41,1:00,平日勤務
E026,2025/5/23,9:14,17:32,1:00,平日勤務
E026,2025/5/26,8:58,17:33,1:00,平日勤務
E026,2025/5/27,9:04,18:15,1:00,平日勤務
E026,2025/5/28,8:46,21:40,1:00,平日勤務
E026,2025/5/29,8:52,21:54,1:00,平日勤務
E026,2025/5/30,8:46,21:23,1:00,平日勤務
E026,2025/6/2,8:56,19:50,1:00,平日勤務
E026,2025/6/3,9:09,17:42,1:00,平日勤務
E026,2025/6/4,9:13,17:56,1:00,平日勤務
E026,2025/6/5,8:56,18:21,1:00,平日勤務
E026,2025/6/6,8:47,18:22,1:00,平日勤務
E026,2025/6/10,9:06,18:07,1:00,平日勤務
E026,2025/6/11,8:58,18:38,1:00,平日勤務
E026,2025/6/12,8:57,17:46,1:00,平日勤務
E026,2025/6/16,9:09,18:12,1:00,平日勤務
E026,2025/6/17,8:57,21:36,1:00,平日勤務
E026,2025/6/18,8:52,18:30,1:00,平日勤務
E026,2025/6/19,8:57,20:49,1:00,平日勤務
E026,2025/6/20,8:56,17:39,1:00,平日勤務
E026,2025/6/24,8:50,17:53,1:00,平日勤務
E026,2025/6/25,9:02,17:35,1:00,平日勤務
E026,2025/6/26,8:59,20:43,1:00,平日勤務
E026,2025/6/27,9:09,17:44,1:00,平日勤務
E026,2025/6/30,9:08,17:37,1:00,平日勤務
E026,2025/7/1,8:57,18:10,1:00,平日勤務
E026,2025/7/3,9:05,19:00,1:00,平日勤務
E026,2025/7/4,8:50,17:57,1:00,平日勤務
E026,2025/7/7,9:05,18:07,1:00,平日勤務
E026,2025/7/8,8:53,18:18,1:00,平日勤務
E026,2025/7/9,8:48,19:50,1:00,平日勤務
E026,2025/7/11,8:51,18:21,1:00,平日勤務
E026,2025/7/14,9:01,18:54,1:00,平日勤務
E026,2025/7/15,8:46,19:16,1:00,平日勤務
E026,2025/7/16,8:58,18:50,1:00,平日勤務
E026,2025/7/17,9:08,20:02,1:00,平日勤務
E026,2025/7/18,9:13,18:10,1:00,平日勤務
E026,2025/7/21,8:47,18:54,1:00,平日勤務
E026,2025/7/22,8:51,17:37,1:00,平日勤務
E026,2025/7/23,9:07,17:31,1:00,平日勤務
E026,2025/7/24,9:11,17:30,1:00,平日勤務
E026,2025/7/25,9:12,18:34,1:00,平日勤務
E026,2025/7/28,9:00,17:34,1:00,平日勤務
E026,2025/7/29,8:57,19:26,1:00,平日勤務
E026,2025/7/30,9:12,18:23,1:00,平日勤務
E026,2025/7/31,8:47,17:38,1:00,平日勤務
E026,2025/8/1,9:09,18:08,1:00,平日勤務
E026,2025/8/4,9:08,18:09,1:00,平日勤務
E026,2025/8/5,9:00,21:09,1:00,平日勤務
E026,2025/8/6,9:08,17:38,1:00,平日勤務
E026,2025/8/7,9:06,18:02,1:00,平日勤務
E026,2025/8/8,8:50,18:29,1:00,平日勤務
E026,2025/8/11,9:12,18:05,1:00,平日勤務
E026,2025/8/14,9:11,18:04,1:00,平日勤務
E026,2025/8/15,9:07,20:04,1:00,平日勤務
E026,2025/8/18,8:47,17:45,1:00,平日勤務
E026,2025/8/19,9:08,18:32,1:00,平日勤務
E026,2025/8/20,8:59,17:41,1:00,平日勤務
E026,2025/8/21,9:01,19:05,1:00,平日勤務
E026,2025/8/22,8:57,18:39,1:00,平日勤務
E026,2025/8/25,8:51,21:59,1:00,平日勤務
E026,2025/8/26,8:52,19:20,1:00,平日勤務
E026,2025/8/27,8:54,17:53,1:00,平日勤務
E026,2025/8/28,9:01,18:36,1:00,平日勤務
E026,2025/8/29,9:14,18:41,1:00,平日勤務
E026,2025/9/1,9:12,17:51,1:00,平日勤務
E026,2025/9/2,9:01,19:56,1:00,平日勤務
E026,2025/9/3,9:08,17:33,1:00,平日勤務
E026,2025/9/4,8:51,19:35,1:00,平日勤務
E026,2025/9/5,9:08,19:12,1:00,平日勤務
E026,2025/9/8,9:04,19:16,1:00,平日勤務
E026,2025/9/9,9:03,19:34,1:00,平日勤務
E026,2025/9/10,9:05,21:43,1:00,平日勤務
E026,2025/9/11,9:06,19:57,1:00,平日勤務
E026,2025/9/12,8:55,18:08,1:00,平日勤務
E026,2025/9/15,9:01,18:00,1:00,平日勤務
E026,2025/9/16,8:53,21:29,1:00,平日勤務
E026,2025/9/17,9:01,19:55,1:00,平日勤務
E026,2025/9/18,8:58,18:29,1:00,平日勤務
E026,2025/9/22,9:00,18:29,1:00,平日勤務
E026,2025/9/23,8:47,19:44,1:00,平日勤務
E026,2025/9/24,8:53,17:55,1:00,平日勤務
E026,2025/9/25,9:12,17:59,1:00,平日勤務
E026,2025/9/26,9:06,17:33,1:00,平日勤務
E026,2025/9/29,8:52,18:18,1:00,平日勤務
E026,2025/9/30,8:55,17:35,1:00,平日勤務
E026,2025/10/1,9:06,17:32,1:00,平日勤務
E026,2025/10/2,8:45,18:52,1:00,平日勤務
E026,2025/10/3,9:12,17:40,1:00,平日勤務
E026,2025/10/6,8:47,19:13,1:00,平日勤務
E026,2025/10/7,9:00,17:57,1:00,平日勤務
E026,2025/10/8,9:07,18:06,1:00,平日勤務
E026,2025/10/9,8:46,17:32,1:00,平日勤務
E026,2025/10/10,9:07,18:15,1:00,平日勤務
E026,2025/10/13,8:59,21:43,1:00,平日勤務
E026,2025/10/14,8:56,18:25,1:00,平日勤務
E026,2025/10/15,8:52,17:46,1:00,平日勤務
E026,2025/10/16,9:03,20:17,1:00,平日勤務
E026,2025/10/17,9:11,17:59,1:00,平日勤務
E026,2025/10/20,8:46,17:59,1:00,平日勤務
E026,2025/10/21,8:58,17:51,1:00,平日勤務
E026,2025/10/22,8:56,19:33,1:00,平日勤務
E026,2025/10/23,8:56,19:55,1:00,平日勤務
E026,2025/10/24,8:47,18:28,1:00,平日勤務
E026,2025/10/27,9:09,17:45,1:00,平日勤務
E026,2025/10/28,8:46,18:12,1:00,平日勤務
E026,2025/10/31,8:54,19:06,1:00,平日勤務
E026,2025/11/3,8:54,18:36,1:00,平日勤務
E026,2025/11/4,8:58,18:02,1:00,平日勤務
E026,2025/11/5,9:05,18:20,1:00,平日勤務
E026,2025/11/6,8:57,18:09,1:00,平日勤務
E026,2025/11/7,9:00,17:58,1:00,平日勤務
E026,2025/11/10,9:02,20:03,1:00,平日勤務
E026,2025/11/11,9:00,18:27,1:00,平日勤務
E026,2025/11/12,9:05,18:04,1:00,平日勤務
E026,2025/11/13,9:09,19:29,1:00,平日勤務
E026,2025/11/14,9:05,18:29,1:00,平日勤務
E026,2025/11/17,9:11,19:08,1:00,平日勤務
E026,2025/11/18,9:03,18:12,1:00,平日勤務
E026,2025/11/19,9:03,17:45,1:00,平日勤務
E026,2025/11/20,8:59,19:35,1:00,平日勤務
E026,2025/11/21,8:46,17:58,1:00,平日勤務
E026,2025/11/24,8:58,18:10,1:00,平日勤務
E026,2025/11/26,8:52,17:54,1:00,平日勤務
E026,2025/11/27,8:51,18:50,1:00,平日勤務
E026,2025/11/28,9:07,18:01,1:00,平日勤務
E026,2025/12/1,9:09,17:32,1:00,平日勤務
E026,2025/12/2,9:13,17:41,1:00,平日勤務
E026,2025/12/4,8:52,18:13,1:00,平日勤務
E026,2025/12/5,8:47,18:00,1:00,平日勤務
E026,2025/12/8,8:55,19:45,1:00,平日勤務
E026,2025/12/9,8:53,20:37,1:00,平日勤務
E026,2025/12/10,8:57,17:33,1:00,平日勤務
E026,2025/12/11,9:12,17:30,1:00,平日勤務
E026,2025/12/12,8:48,17:50,1:00,平日勤務
E026,2025/12/15,8:56,18:31,1:00,平日勤務
E026,2025/12/16,8:59,17:56,1:00,平日勤務
E026,2025/12/17,9:11,17:56,1:00,平日勤務
E026,2025/12/18,9:09,18:13,1:00,平日勤務
E026,2025/12/19,9:10,17:40,1:00,平日勤務
E026,2025/12/22,8:55,18:03,1:00,平日勤務
E026,2025/12/23,8:48,18:52,1:00,平日勤務
E026,2025/12/24,9:12,17:36,1:00,平日勤務
E026,2025/12/25,9:06,18:11,1:00,平日勤務
E026,2025/12/26,9:00,17:47,1:00,平日勤務
E026,2025/12/29,9:09,17:40,1:00,平日勤務
E026,2025/12/30,9:00,17:51,1:00,平日勤務
E026,2025/12/31,8:52,17:42,1:00,平日勤務
E027,2025/1/1,9:08,18:14,1:00,平日勤務
E027,2025/1/2,9:11,17:56,1:00,平日勤務
E027,2025/1/3,9:14,17:39,1:00,平日勤務
E027,2025/1/6,9:01,18:17,1:00,平日勤務
E027,2025/1/7,9:02,19:56,1:00,平日勤務
E027,2025/1/8,9:02,17:48,1:00,平日勤務
E027,2025/1/9,8:53,18:26,1:00,平日勤務
E027,2025/1/10,8:46,21:49,1:00,平日勤務
E027,2025/1/13,9:03,20:30,1:00,平日勤務
E027,2025/1/14,8:59,17:33,1:00,平日勤務
E027,2025/1/15,9:08,17:41,1:00,平日勤務
E027,2025/1/16,8:58,18:29,1:00,平日勤務
E027,2025/1/17,9:13,19:19,1:00,平日勤務
E027,2025/1/21,8:57,17:43,1:00,平日勤務
E027,2025/1/22,9:13,18:25,1:00,平日勤務
E027,2025/1/23,8:53,17:39,1:00,平日勤務
E027,2025/1/24,8:56,17:33,1:00,平日勤務
E027,2025/1/25,10:16,18:05,1:00,休日出勤
E027,2025/1/27,8:56,17:55,1:00,平日勤務
E027,2025/1/29,8:49,19:36,1:00,平日勤務
E027,2025/1/30,9:12,18:10,1:00,平日勤務
E027,2025/2/4,8:47,19:21,1:00,平日勤務
E027,2025/2/6,8:50,17:46,1:00,平日勤務
E027,2025/2/7,9:06,19:29,1:00,平日勤務
E027,2025/2/10,8:53,19:00,1:00,平日勤務
E027,2025/2/11,8:55,17:40,1:00,平日勤務
E027,2025/2/12,9:05,19:47,1:00,平日勤務
E027,2025/2/13,9:14,19:39,1:00,平日勤務
E027,2025/2/14,8:58,18:14,1:00,平日勤務
E027,2025/2/18,9:10,17:56,1:00,平日勤務
E027,2025/2/19,9:01,17:48,1:00,平日勤務
E027,2025/2/21,8:53,17:57,1:00,平日勤務
E027,2025/2/24,8:59,17:45,1:00,平日勤務
E027,2025/2/25,8:56,17:36,1:00,平日勤務
E027,2025/2/26,9:01,18:01,1:00,平日勤務
E027,2025/2/27,9:07,19:40,1:00,平日勤務
E027,2025/2/28,9:14,18:27,1:00,平日勤務
E027,2025/3/3,8:59,18:11,1:00,平日勤務
E027,2025/3/4,9:05,21:00,1:00,平日勤務
E027,2025/3/5,8:54,21:08,1:00,平日勤務
E027,2025/3/6,8:45,18:18,1:00,平日勤務
E027,2025/3/7,9:00,18:00,1:00,平日勤務
E027,2025/3/10,9:12,17:34,1:00,平日勤務
E027,2025/3/12,8:47,18:34,1:00,平日勤務
E027,2025/3/13,9:09,20:06,1:00,平日勤務
E027,2025/3/14,9:11,18:12,1:00,平日勤務
E027,2025/3/17,8:51,19:55,1:00,平日勤務
E027,2025/3/19,8:56,20:22,1:00,平日勤務
E027,2025/3/20,9:00,21:27,1:00,平日勤務
E027,2025/3/21,9:06,17:51,1:00,平日勤務
E027,2025/3/24,9:08,18:08,1:00,平日勤務
E027,2025/3/25,9:06,17:53,1:00,平日勤務
E027,2025/3/26,8:47,19:14,1:00,平日勤務
E027,2025/3/27,9:06,18:32,1:00,平日勤務
E027,2025/3/28,8:48,18:37,1:00,平日勤務
E027,2025/3/31,8:51,18:53,1:00,平日勤務
E027,2025/4/1,8:56,20:17,1:00,平日勤務
E027,2025/4/2,8:52,18:20,1:00,平日勤務
E027,2025/4/3,9:04,21:31,1:00,平日勤務
E027,2025/4/4,8:45,17:31,1:00,平日勤務
E027,2025/4/7,9:13,21:02,1:00,平日勤務
E027,2025/4/8,9:05,17:47,1:00,平日勤務
E027,2025/4/9,9:12,20:57,1:00,平日勤務
E027,2025/4/11,9:12,18:49,1:00,平日勤務
E027,2025/4/14,9:07,21:12,1:00,平日勤務
E027,2025/4/15,8:51,18:18,1:00,平日勤務
E027,2025/4/17,8:56,21:13,1:00,平日勤務
E027,2025/4/18,8:52,18:06,1:00,平日勤務
E027,2025/4/21,9:08,19:34,1:00,平日勤務
E027,2025/4/22,8:52,20:51,1:00,平日勤務
E027,2025/4/23,9:11,17:32,1:00,平日勤務
E027,2025/4/24,9:01,17:54,1:00,平日勤務
E027,2025/4/25,8:51,18:58,1:00,平日勤務
E027,2025/4/28,8:56,18:15,1:00,平日勤務
E027,2025/4/29,9:10,18:46,1:00,平日勤務
E027,2025/4/30,9:08,19:29,1:00,平日勤務
E027,2025/5/1,9:06,21:06,1:00,平日勤務
E027,2025/5/2,9:02,18:09,1:00,平日勤務
E027,2025/5/5,9:01,20:23,1:00,平日勤務
E027,2025/5/6,8:45,17:55,1:00,平日勤務
E027,2025/5/7,9:03,17:52,1:00,平日勤務
E027,2025/5/8,8:55,17:59,1:00,平日勤務
E027,2025/5/9,9:07,17:47,1:00,平日勤務
E027,2025/5/12,9:08,19:11,1:00,平日勤務
E027,2025/5/13,8:52,19:19,1:00,平日勤務
E027,2025/5/14,9:04,18:41,1:00,平日勤務
E027,2025/5/15,9:05,17:42,1:00,平日勤務
E027,2025/5/16,9:12,17:32,1:00,平日勤務
E027,2025/5/19,8:59,21:22,1:00,平日勤務
E027,2025/5/20,8:55,17:39,1:00,平日勤務
E027,2025/5/21,8:56,18:46,1:00,平日勤務
E027,2025/5/22,9:04,21:14,1:00,平日勤務
E027,2025/5/23,8:50,18:06,1:00,平日勤務
E027,2025/5/26,8:51,17:43,1:00,平日勤務
E027,2025/5/27,9:06,17:50,1:00,平日勤務
E027,2025/5/28,8:56,19:55,1:00,平日勤務
E027,2025/5/29,9:09,21:03,1:00,平日勤務
E027,2025/5/30,8:57,18:11,1:00,平日勤務
E027,2025/6/2,8:45,21:57,1:00,平日勤務
E027,2025/6/3,8:54,18:12,1:00,平日勤務
E027,2025/6/4,9:04,17:41,1:00,平日勤務
E027,2025/6/5,8:55,17:49,1:00,平日勤務
E027,2025/6/6,8:57,18:05,1:00,平日勤務
E027,2025/6/9,8:45,17:44,1:00,平日勤務
E027,2025/6/10,8:56,17:45,1:00,平日勤務
E027,2025/6/11,8:45,20:35,1:00,平日勤務
E027,2025/6/12,8:59,19:24,1:00,平日勤務
E027,2025/6/13,8:55,17:54,1:00,平日勤務
E027,2025/6/14,10:28,16:44,1:00,休日出勤
E027,2025/6/16,8:46,19:11,1:00,平日勤務
E027,2025/6/17,9:13,19:17,1:00,平日勤務
E027,2025/6/18,8:48,18:17,1:00,平日勤務
E027,2025/6/19,8:56,17:43,1:00,平日勤務
E027,2025/6/23,9:01,18:09,1:00,平日勤務
E027,2025/6/24,9:10,20:35,1:00,平日勤務
E027,2025/6/25,9:06,17:56,1:00,平日勤務
E027,2025/6/26,9:02,20:20,1:00,平日勤務
E027,2025/6/30,9:03,18:23,1:00,平日勤務
E027,2025/7/1,9:14,18:16,1:00,平日勤務
E027,2025/7/2,9:03,18:26,1:00,平日勤務
E027,2025/7/3,8:57,21:14,1:00,平日勤務
E027,2025/7/4,8:47,19:26,1:00,平日勤務
E027,2025/7/7,8:55,17:47,1:00,平日勤務
E027,2025/7/8,9:13,17:49,1:00,平日勤務
E027,2025/7/9,9:04,18:11,1:00,平日勤務
E027,2025/7/10,9:09,17:57,1:00,平日勤務
E027,2025/7/11,8:58,17:34,1:00,平日勤務
E027,2025/7/14,9:10,17:42,1:00,平日勤務
E027,2025/7/15,9:07,19:51,1:00,平日勤務
E027,2025/7/16,8:58,17:47,1:00,平日勤務
E027,2025/7/17,8:58,18:02,1:00,平日勤務
E027,2025/7/18,9:02,18:02,1:00,平日勤務
E027,2025/7/21,9:14,18:05,1:00,平日勤務
E027,2025/7/22,9:07,18:03,1:00,平日勤務
E027,2025/7/23,8:49,20:51,1:00,平日勤務
E027,2025/7/24,8:47,21:46,1:00,平日勤務
E027,2025/7/25,9:04,21:26,1:00,平日勤務
E027,2025/7/28,9:00,17:57,1:00,平日勤務
E027,2025/7/29,8:47,17:47,1:00,平日勤務
E027,2025/7/30,8:48,21:50,1:00,平日勤務
E027,2025/7/31,9:09,18:39,1:00,平日勤務
E027,2025/8/1,8:49,18:14,1:00,平日勤務
E027,2025/8/4,8:50,17:42,1:00,平日勤務
E027,2025/8/5,9:08,18:52,1:00,平日勤務
E027,2025/8/6,8:54,19:18,1:00,平日勤務
E027,2025/8/7,8:49,18:38,1:00,平日勤務
E027,2025/8/8,9:04,19:31,1:00,平日勤務
E027,2025/8/11,8:50,18:09,1:00,平日勤務
E027,2025/8/12,9:09,18:25,1:00,平日勤務
E027,2025/8/13,9:11,17:36,1:00,平日勤務
E027,2025/8/14,9:11,18:38,1:00,平日勤務
E027,2025/8/15,8:59,17:42,1:00,平日勤務
E027,2025/8/18,9:03,17:47,1:00,平日勤務
E027,2025/8/19,8:46,18:20,1:00,平日勤務
E027,2025/8/20,8:53,19:42,1:00,平日勤務
E027,2025/8/21,9:10,18:02,1:00,平日勤務
E027,2025/8/22,9:01,20:21,1:00,平日勤務
E027,2025/8/26,9:01,20:16,1:00,平日勤務
E027,2025/8/27,9:02,17:30,1:00,平日勤務
E027,2025/8/28,9:13,18:07,1:00,平日勤務
E027,2025/8/29,8:59,19:35,1:00,平日勤務
E027,2025/9/1,8:49,20:10,1:00,平日勤務
E027,2025/9/2,9:05,17:41,1:00,平日勤務
E027,2025/9/3,9:05,17:30,1:00,平日勤務
E027,2025/9/4,9:12,20:13,1:00,平日勤務
E027,2025/9/5,9:05,18:12,1:00,平日勤務
E027,2025/9/8,9:06,20:38,1:00,平日勤務
E027,2025/9/9,8:53,18:27,1:00,平日勤務
E027,2025/9/10,8:55,17:43,1:00,平日勤務
E027,2025/9/11,8:52,17:33,1:00,平日勤務
E027,2025/9/12,9:11,17:46,1:00,平日勤務
E027,2025/9/15,8:55,18:21,1:00,平日勤務
E027,2025/9/16,8:48,17:46,1:00,平日勤務
E027,2025/9/17,8:50,18:00,1:00,平日勤務
E027,2025/9/18,8:54,18:24,1:00,平日勤務
E027,2025/9/19,8:58,18:17,1:00,平日勤務
E027,2025/9/22,8:51,17:30,1:00,平日勤務
E027,2025/9/23,8:52,18:22,1:00,平日勤務
E027,2025/9/24,9:11,18:23,1:00,平日勤務
E027,2025/9/25,9:06,18:19,1:00,平日勤務
E027,2025/9/26,8:53,18:29,1:00,平日勤務
E027,2025/9/29,8:50,17:39,1:00,平日勤務
E027,2025/9/30,9:11,20:28,1:00,平日勤務
E027,2025/10/1,8:46,21:53,1:00,平日勤務
E027,2025/10/2,9:06,21:14,1:00,平日勤務
E027,2025/10/3,8:50,20:32,1:00,平日勤務
E027,2025/10/6,8:51,17:51,1:00,平日勤務
E027,2025/10/7,8:53,18:34,1:00,平日勤務
E027,2025/10/8,9:06,18:13,1:00,平日勤務
E027,2025/10/9,8:56,18:51,1:00,平日勤務
E027,2025/10/10,8:49,21:55,1:00,平日勤務
E027,2025/10/13,9:07,17:30,1:00,平日勤務
E027,2025/10/14,9:00,18:08,1:00,平日勤務
E027,2025/10/15,8:54,17:48,1:00,平日勤務
E027,2025/10/16,9:02,18:12,1:00,平日勤務
E027,2025/10/17,8:56,19:31,1:00,平日勤務
E027,2025/10/20,8:53,21:47,1:00,平日勤務
E027,2025/10/21,8:49,20:32,1:00,平日勤務
E027,2025/10/22,9:10,18:06,1:00,平日勤務
E027,2025/10/23,8:57,18:48,1:00,平日勤務
E027,2025/10/24,9:05,18:15,1:00,平日勤務
E027,2025/10/27,8:50,17:44,1:00,平日勤務
E027,2025/10/28,9:09,18:19,1:00,平日勤務
E027,2025/10/29,8:47,18:16,1:00,平日勤務
E027,2025/10/31,8:51,17:33,1:00,平日勤務
E027,2025/11/3,9:00,18:04,1:00,平日勤務
E027,2025/11/4,8:47,18:28,1:00,平日勤務
E027,2025/11/5,8:57,19:11,1:00,平日勤務
E027,2025/11/6,8:56,21:53,1:00,平日勤務
E027,2025/11/7,8:50,21:55,1:00,平日勤務
E027,2025/11/11,9:14,19:57,1:00,平日勤務
E027,2025/11/12,9:06,20:55,1:00,平日勤務
E027,2025/11/13,9:05,18:54,1:00,平日勤務
E027,2025/11/14,8:50,19:35,1:00,平日勤務
E027,2025/11/17,8:48,19:27,1:00,平日勤務
E027,2025/11/18,8:57,18:28,1:00,平日勤務
E027,2025/11/19,8:46,18:24,1:00,平日勤務
E027,2025/11/20,9:11,19:15,1:00,平日勤務
E027,2025/11/21,9:06,18:13,1:00,平日勤務
E027,2025/11/24,9:05,18:59,1:00,平日勤務
E027,2025/11/25,8:46,19:47,1:00,平日勤務
E027,2025/11/27,9:09,18:48,1:00,平日勤務
E027,2025/11/28,8:52,19:43,1:00,平日勤務
E027,2025/12/1,8:56,18:25,1:00,平日勤務
E027,2025/12/2,8:48,18:53,1:00,平日勤務
E027,2025/12/3,9:07,17:44,1:00,平日勤務
E027,2025/12/4,9:05,17:50,1:00,平日勤務
E027,2025/12/9,8:48,17:53,1:00,平日勤務
E027,2025/12/10,9:08,17:53,1:00,平日勤務
E027,2025/12/11,9:12,19:32,1:00,平日勤務
E027,2025/12/12,9:12,19:46,1:00,平日勤務
E027,2025/12/15,9:07,18:54,1:00,平日勤務
E027,2025/12/16,8:56,18:24,1:00,平日勤務
E027,2025/12/17,8:50,17:30,1:00,平日勤務
E027,2025/12/18,8:57,20:13,1:00,平日勤務
E027,2025/12/19,8:51,17:53,1:00,平日勤務
E027,2025/12/22,8:45,21:16,1:00,平日勤務
E027,2025/12/23,8:53,17:46,1:00,平日勤務
E027,2025/12/24,8:54,17:34,1:00,平日勤務
E027,2025/12/25,8:59,18:42,1:00,平日勤務
E027,2025/12/26,8:58,20:56,1:00,平日勤務
E027,2025/12/29,9:03,21:17,1:00,平日勤務
E027,2025/12/30,9:06,21:26,1:00,平日勤務
E027,2025/12/31,8:50,17:45,1:00,平日勤務
E028,2025/1/1,8:46,19:07,1:00,平日勤務
E028,2025/1/2,9:12,17:56,1:00,平日勤務
E028,2025/1/3,9:11,19:58,1:00,平日勤務
E028,2025/1/6,8:59,17:31,1:00,平日勤務
E028,2025/1/7,8:45,20:59,1:00,平日勤務
E028,2025/1/8,9:07,18:34,1:00,平日勤務
E028,2025/1/9,9:09,17:35,1:00,平日勤務
E028,2025/1/10,8:46,18:54,1:00,平日勤務
E028,2025/1/13,9:10,19:56,1:00,平日勤務
E028,2025/1/14,9:04,18:29,1:00,平日勤務
E028,2025/1/15,9:00,19:31,1:00,平日勤務
E028,2025/1/16,8:59,18:08,1:00,平日勤務
E028,2025/1/17,8:59,17:48,1:00,平日勤務
E028,2025/1/20,8:53,18:01,1:00,平日勤務
E028,2025/1/21,9:05,17:31,1:00,平日勤務
E028,2025/1/22,8:53,19:26,1:00,平日勤務
E028,2025/1/23,9:10,17:48,1:00,平日勤務
E028,2025/1/24,9:11,21:44,1:00,平日勤務
E028,2025/1/25,9:04,18:50,1:00,休日出勤
E028,2025/1/27,8:57,17:51,1:00,平日勤務
E028,2025/1/28,9:04,20:31,1:00,平日勤務
E028,2025/1/29,9:09,17:52,1:00,平日勤務
E028,2025/1/30,9:04,18:26,1:00,平日勤務
E028,2025/1/31,9:02,18:47,1:00,平日勤務
E028,2025/2/3,9:04,18:03,1:00,平日勤務
E028,2025/2/4,8:55,19:11,1:00,平日勤務
E028,2025/2/5,9:12,20:10,1:00,平日勤務
E028,2025/2/6,9:13,18:15,1:00,平日勤務
E028,2025/2/7,8:52,17:46,1:00,平日勤務
E028,2025/2/8,9:16,15:01,1:00,休日出勤
E028,2025/2/10,9:01,19:29,1:00,平日勤務
E028,2025/2/11,9:09,18:29,1:00,平日勤務
E028,2025/2/12,9:14,18:30,1:00,平日勤務
E028,2025/2/13,9:01,18:03,1:00,平日勤務
E028,2025/2/14,9:00,19:06,1:00,平日勤務
E028,2025/2/17,9:09,21:00,1:00,平日勤務
E028,2025/2/18,9:12,18:06,1:00,平日勤務
E028,2025/2/19,8:46,17:46,1:00,平日勤務
E028,2025/2/20,8:55,18:18,1:00,平日勤務
E028,2025/2/24,9:09,18:01,1:00,平日勤務
E028,2025/2/26,9:07,17:54,1:00,平日勤務
E028,2025/2/27,8:56,18:38,1:00,平日勤務
E028,2025/2/28,8:56,17:58,1:00,平日勤務
E028,2025/3/3,9:07,20:38,1:00,平日勤務
E028,2025/3/4,9:10,19:00,1:00,平日勤務
E028,2025/3/5,8:50,20:34,1:00,平日勤務
E028,2025/3/6,8:46,18:04,1:00,平日勤務
E028,2025/3/7,9:07,19:43,1:00,平日勤務
E028,2025/3/10,8:59,17:42,1:00,平日勤務
E028,2025/3/11,8:52,18:01,1:00,平日勤務
E028,2025/3/12,9:08,18:23,1:00,平日勤務
E028,2025/3/13,9:14,18:22,1:00,平日勤務
E028,2025/3/14,9:08,19:19,1:00,平日勤務
E028,2025/3/17,9:07,18:26,1:00,平日勤務
E028,2025/3/19,9:11,18:35,1:00,平日勤務
E028,2025/3/20,8:55,21:45,1:00,平日勤務
E028,2025/3/21,8:58,18:04,1:00,平日勤務
E028,2025/3/24,9:00,17:35,1:00,平日勤務
E028,2025/3/25,9:01,19:09,1:00,平日勤務
E028,2025/3/27,8:45,17:37,1:00,平日勤務
E028,2025/3/28,9:10,20:56,1:00,平日勤務
E028,2025/4/1,9:10,18:14,1:00,平日勤務
E028,2025/4/2,8:48,19:58,1:00,平日勤務
E028,2025/4/3,9:04,18:11,1:00,平日勤務
E028,2025/4/4,8:58,20:22,1:00,平日勤務
E028,2025/4/8,8:49,18:30,1:00,平日勤務
E028,2025/4/9,8:46,18:27,1:00,平日勤務
E028,2025/4/10,9:02,18:27,1:00,平日勤務
E028,2025/4/11,8:51,18:06,1:00,平日勤務
E028,2025/4/14,8:45,19:22,1:00,平日勤務
E028,2025/4/15,8:53,17:56,1:00,平日勤務
E028,2025/4/16,8:53,17:31,1:00,平日勤務
E028,2025/4/17,8:58,20:22,1:00,平日勤務
E028,2025/4/18,9:11,19:34,1:00,平日勤務
E028,2025/4/21,9:13,17:31,1:00,平日勤務
E028,2025/4/22,8:49,19:09,1:00,平日勤務
E028,2025/4/23,9:09,20:03,1:00,平日勤務
E028,2025/4/24,9:05,18:00,1:00,平日勤務
E028,2025/4/25,8:51,19:48,1:00,平日勤務
E028,2025/4/27,9:11,18:31,1:00,休日出勤
E028,2025/4/28,8:47,17:48,1:00,平日勤務
E028,2025/4/29,8:47,18:04,1:00,平日勤務
E028,2025/4/30,8:55,18:02,1:00,平日勤務
E028,2025/5/1,9:11,17:47,1:00,平日勤務
E028,2025/5/2,9:01,17:31,1:00,平日勤務
E028,2025/5/5,8:59,19:11,1:00,平日勤務
E028,2025/5/6,9:13,17:31,1:00,平日勤務
E028,2025/5/7,9:13,18:27,1:00,平日勤務
E028,2025/5/8,8:47,18:43,1:00,平日勤務
E028,2025/5/9,8:57,20:05,1:00,平日勤務
E028,2025/5/12,8:59,17:59,1:00,平日勤務
E028,2025/5/13,8:51,17:32,1:00,平日勤務
E028,2025/5/14,8:45,18:25,1:00,平日勤務
E028,2025/5/15,9:05,17:39,1:00,平日勤務
E028,2025/5/16,8:52,17:53,1:00,平日勤務
E028,2025/5/19,9:06,21:55,1:00,平日勤務
E028,2025/5/20,9:07,19:42,1:00,平日勤務
E028,2025/5/21,8:49,18:12,1:00,平日勤務
E028,2025/5/22,8:52,21:01,1:00,平日勤務
E028,2025/5/23,9:04,20:50,1:00,平日勤務
E028,2025/5/26,8:48,21:20,1:00,平日勤務
E028,2025/5/27,9:01,17:40,1:00,平日勤務
E028,2025/5/28,8:50,17:33,1:00,平日勤務
E028,2025/5/29,8:56,17:35,1:00,平日勤務
E028,2025/5/30,8:50,17:47,1:00,平日勤務
E028,2025/6/2,9:09,18:10,1:00,平日勤務
E028,2025/6/3,9:01,21:56,1:00,平日勤務
E028,2025/6/4,9:03,21:29,1:00,平日勤務
E028,2025/6/6,9:03,18:55,1:00,平日勤務
E028,2025/6/9,8:52,17:58,1:00,平日勤務
E028,2025/6/10,9:03,18:00,1:00,平日勤務
E028,2025/6/11,9:02,18:25,1:00,平日勤務
E028,2025/6/12,8:52,19:12,1:00,平日勤務
E028,2025/6/13,9:14,18:20,1:00,平日勤務
E028,2025/6/16,9:01,20:25,1:00,平日勤務
E028,2025/6/17,9:12,18:26,1:00,平日勤務
E028,2025/6/18,9:04,18:56,1:00,平日勤務
E028,2025/6/19,8:58,18:34,1:00,平日勤務
E028,2025/6/20,9:01,18:52,1:00,平日勤務
E028,2025/6/23,9:14,19:01,1:00,平日勤務
E028,2025/6/24,8:46,19:51,1:00,平日勤務
E028,2025/6/25,9:10,21:20,1:00,平日勤務
E028,2025/6/27,9:09,18:16,1:00,平日勤務
E028,2025/7/1,9:04,17:51,1:00,平日勤務
E028,2025/7/2,8:56,18:06,1:00,平日勤務
E028,2025/7/3,9:01,18:12,1:00,平日勤務
E028,2025/7/4,8:57,17:45,1:00,平日勤務
E028,2025/7/7,9:06,18:18,1:00,平日勤務
E028,2025/7/8,9:01,19:59,1:00,平日勤務
E028,2025/7/9,8:59,18:22,1:00,平日勤務
E028,2025/7/10,8:56,18:32,1:00,平日勤務
E028,2025/7/11,8:54,17:34,1:00,平日勤務
E028,2025/7/14,9:02,18:05,1:00,平日勤務
E028,2025/7/15,9:14,21:04,1:00,平日勤務
E028,2025/7/16,9:02,17:42,1:00,平日勤務
E028,2025/7/17,9:03,18:14,1:00,平日勤務
E028,2025/7/18,8:46,18:21,1:00,平日勤務
E028,2025/7/21,9:14,18:04,1:00,平日勤務
E028,2025/7/22,8:57,21:12,1:00,平日勤務
E028,2025/7/23,9:02,17:42,1:00,平日勤務
E028,2025/7/24,9:09,20:48,1:00,平日勤務
E028,2025/7/25,8:57,18:54,1:00,平日勤務
E028,2025/7/28,8:52,20:30,1:00,平日勤務
E028,2025/7/30,8:59,18:57,1:00,平日勤務
E028,2025/7/31,8:48,17:35,1:00,平日勤務
E028,2025/8/1,9:02,20:41,1:00,平日勤務
E028,2025/8/4,8:52,18:44,1:00,平日勤務
E028,2025/8/5,8:58,20:11,1:00,平日勤務
E028,2025/8/6,9:14,19:35,1:00,平日勤務
E028,2025/8/7,9:04,17:57,1:00,平日勤務
E028,2025/8/8,9:01,19:34,1:00,平日勤務
E028,2025/8/11,9:00,18:30,1:00,平日勤務
E028,2025/8/12,8:50,18:41,1:00,平日勤務
E028,2025/8/13,9:06,18:26,1:00,平日勤務
E028,2025/8/14,9:00,17:38,1:00,平日勤務
E028,2025/8/15,9:01,18:24,1:00,平日勤務
E028,2025/8/18,9:14,18:11,1:00,平日勤務
E028,2025/8/19,9:08,21:33,1:00,平日勤務
E028,2025/8/20,9:13,18:28,1:00,平日勤務
E028,2025/8/21,8:46,17:37,1:00,平日勤務
E028,2025/8/22,9:14,18:06,1:00,平日勤務
E028,2025/8/25,8:47,19:38,1:00,平日勤務
E028,2025/8/26,9:03,17:51,1:00,平日勤務
E028,2025/8/27,9:13,18:34,1:00,平日勤務
E028,2025/8/28,9:00,18:14,1:00,平日勤務
E028,2025/8/29,9:10,20:47,1:00,平日勤務
E028,2025/9/1,9:14,19:31,1:00,平日勤務
E028,2025/9/2,9:11,18:26,1:00,平日勤務
E028,2025/9/3,8:57,18:09,1:00,平日勤務
E028,2025/9/4,8:50,19:46,1:00,平日勤務
E028,2025/9/5,9:12,19:23,1:00,平日勤務
E028,2025/9/8,9:09,18:37,1:00,平日勤務
E028,2025/9/9,9:13,18:09,1:00,平日勤務
E028,2025/9/10,8:56,17:44,1:00,平日勤務
E028,2025/9/11,9:02,20:38,1:00,平日勤務
E028,2025/9/12,8:50,17:45,1:00,平日勤務
E028,2025/9/15,8:54,18:39,1:00,平日勤務
E028,2025/9/16,9:14,18:10,1:00,平日勤務
E028,2025/9/17,9:06,18:55,1:00,平日勤務
E028,2025/9/18,8:52,18:37,1:00,平日勤務
E028,2025/9/19,8:47,18:14,1:00,平日勤務
E028,2025/9/22,8:46,18:05,1:00,平日勤務
E028,2025/9/23,9:07,17:44,1:00,平日勤務
E028,2025/9/24,8:48,18:40,1:00,平日勤務
E028,2025/9/25,8:45,21:47,1:00,平日勤務
E028,2025/9/26,8:48,18:03,1:00,平日勤務
E028,2025/9/29,9:06,18:22,1:00,平日勤務
E028,2025/9/30,9:01,18:16,1:00,平日勤務
E028,2025/10/1,8:56,20:48,1:00,平日勤務
E028,2025/10/2,8:46,17:53,1:00,平日勤務
E028,2025/10/3,8:50,18:25,1:00,平日勤務
E028,2025/10/6,8:48,20:20,1:00,平日勤務
E028,2025/10/7,9:07,20:20,1:00,平日勤務
E028,2025/10/8,9:11,18:26,1:00,平日勤務
E028,2025/10/10,9:07,18:56,1:00,平日勤務
E028,2025/10/13,8:49,18:04,1:00,平日勤務
E028,2025/10/14,8:51,17:50,1:00,平日勤務
E028,2025/10/15,8:56,18:18,1:00,平日勤務
E028,2025/10/16,9:10,18:29,1:00,平日勤務
E028,2025/10/17,9:14,18:03,1:00,平日勤務
E028,2025/10/20,9:10,18:55,1:00,平日勤務
E028,2025/10/21,8:48,19:34,1:00,平日勤務
E028,2025/10/22,9:12,17:54,1:00,平日勤務
E028,2025/10/23,8:46,17:31,1:00,平日勤務
E028,2025/10/24,8:53,18:11,1:00,平日勤務
E028,2025/10/27,9:05,18:29,1:00,平日勤務
E028,2025/10/28,8:46,19:35,1:00,平日勤務
E028,2025/10/29,9:07,18:34,1:00,平日勤務
E028,2025/10/30,8:45,19:49,1:00,平日勤務
E028,2025/10/31,9:05,17:34,1:00,平日勤務
E028,2025/11/3,9:05,17:43,1:00,平日勤務
E028,2025/11/4,8:57,18:17,1:00,平日勤務
E028,2025/11/5,9:03,18:04,1:00,平日勤務
E028,2025/11/6,8:57,18:08,1:00,平日勤務
E028,2025/11/7,8:56,19:36,1:00,平日勤務
E028,2025/11/11,9:10,17:50,1:00,平日勤務
E028,2025/11/12,8:45,18:28,1:00,平日勤務
E028,2025/11/13,9:03,18:21,1:00,平日勤務
E028,2025/11/14,8:47,18:59,1:00,平日勤務
E028,2025/11/17,9:05,18:24,1:00,平日勤務
E028,2025/11/18,9:00,17:49,1:00,平日勤務
E028,2025/11/19,9:13,17:50,1:00,平日勤務
E028,2025/11/21,9:14,19:31,1:00,平日勤務
E028,2025/11/24,9:00,18:16,1:00,平日勤務
E028,2025/11/25,9:12,18:05,1:00,平日勤務
E028,2025/11/26,9:07,18:00,1:00,平日勤務
E028,2025/11/28,8:54,19:21,1:00,平日勤務
E028,2025/12/1,8:58,19:43,1:00,平日勤務
E028,2025/12/3,8:45,18:00,1:00,平日勤務
E028,2025/12/4,8:58,18:51,1:00,平日勤務
E028,2025/12/5,8:54,19:38,1:00,平日勤務
E028,2025/12/8,9:04,19:11,1:00,平日勤務
E028,2025/12/9,9:03,18:47,1:00,平日勤務
E028,2025/12/10,9:02,18:39,1:00,平日勤務
E028,2025/12/11,9:05,18:25,1:00,平日勤務
E028,2025/12/15,9:07,17:33,1:00,平日勤務
E028,2025/12/16,8:50,21:34,1:00,平日勤務
E028,2025/12/17,8:45,18:51,1:00,平日勤務
E028,2025/12/18,9:14,19:02,1:00,平日勤務
E028,2025/12/19,9:03,18:02,1:00,平日勤務
E028,2025/12/22,9:13,18:28,1:00,平日勤務
E028,2025/12/23,8:58,17:59,1:00,平日勤務
E028,2025/12/24,9:02,19:54,1:00,平日勤務
E028,2025/12/25,9:07,17:51,1:00,平日勤務
E028,2025/12/29,9:14,18:25,1:00,平日勤務
E028,2025/12/31,9:02,18:20,1:00,平日勤務
E029,2025/1/2,8:47,20:44,1:00,平日勤務
E029,2025/1/3,8:51,18:29,1:00,平日勤務
E029,2025/1/6,8:59,18:02,1:00,平日勤務
E029,2025/1/7,9:04,18:03,1:00,平日勤務
E029,2025/1/8,9:07,18:29,1:00,平日勤務
E029,2025/1/9,8:49,18:05,1:00,平日勤務
E029,2025/1/10,8:49,18:26,1:00,平日勤務
E029,2025/1/13,9:14,17:53,1:00,平日勤務
E029,2025/1/14,9:00,20:05,1:00,平日勤務
E029,2025/1/15,8:54,17:34,1:00,平日勤務
E029,2025/1/16,8:45,17:54,1:00,平日勤務
E029,2025/1/17,8:53,21:15,1:00,平日勤務
E029,2025/1/20,8:46,17:46,1:00,平日勤務
E029,2025/1/21,8:45,18:08,1:00,平日勤務
E029,2025/1/22,8:54,18:26,1:00,平日勤務
E029,2025/1/23,8:45,18:32,1:00,平日勤務
E029,2025/1/24,8:56,17:56,1:00,平日勤務
E029,2025/1/27,9:00,17:57,1:00,平日勤務
E029,2025/1/28,9:08,18:12,1:00,平日勤務
E029,2025/1/29,9:09,18:14,1:00,平日勤務
E029,2025/1/30,8:49,17:31,1:00,平日勤務
E029,2025/1/31,9:00,20:29,1:00,平日勤務
E029,2025/2/3,9:00,18:26,1:00,平日勤務
E029,2025/2/5,8:56,20:06,1:00,平日勤務
E029,2025/2/6,9:11,18:10,1:00,平日勤務
E029,2025/2/7,8:52,19:13,1:00,平日勤務
E029,2025/2/10,8:58,17:40,1:00,平日勤務
E029,2025/2/11,8:50,19:15,1:00,平日勤務
E029,2025/2/12,8:48,17:48,1:00,平日勤務
E029,2025/2/13,8:55,20:04,1:00,平日勤務
E029,2025/2/18,8:57,17:30,1:00,平日勤務
E029,2025/2/19,9:07,18:25,1:00,平日勤務
E029,2025/2/21,9:12,17:41,1:00,平日勤務
E029,2025/2/22,9:16,15:57,1:00,休日出勤
E029,2025/2/24,8:52,17:57,1:00,平日勤務
E029,2025/2/25,9:09,21:39,1:00,平日勤務
E029,2025/2/26,8:59,18:25,1:00,平日勤務
E029,2025/2/27,9:08,21:41,1:00,平日勤務
E029,2025/2/28,9:05,21:06,1:00,平日勤務
E029,2025/3/3,8:49,17:46,1:00,平日勤務
E029,2025/3/4,8:49,18:18,1:00,平日勤務
E029,2025/3/5,9:09,17:56,1:00,平日勤務
E029,2025/3/6,8:47,18:51,1:00,平日勤務
E029,2025/3/7,9:07,18:28,1:00,平日勤務
E029,2025/3/10,8:45,21:14,1:00,平日勤務
E029,2025/3/11,9:05,17:41,1:00,平日勤務
E029,2025/3/12,8:45,18:22,1:00,平日勤務
E029,2025/3/13,8:49,18:20,1:00,平日勤務
E029,2025/3/14,8:49,18:18,1:00,平日勤務
E029,2025/3/17,9:09,18:07,1:00,平日勤務
E029,2025/3/18,8:48,17:43,1:00,平日勤務
E029,2025/3/19,9:01,21:52,1:00,平日勤務
E029,2025/3/24,9:04,17:47,1:00,平日勤務
E029,2025/3/25,9:08,18:17,1:00,平日勤務
E029,2025/3/27,8:49,18:15,1:00,平日勤務
E029,2025/3/28,9:12,18:26,1:00,平日勤務
E029,2025/3/31,8:51,17:34,1:00,平日勤務
E029,2025/4/1,8:56,18:50,1:00,平日勤務
E029,2025/4/2,9:11,17:52,1:00,平日勤務
E029,2025/4/3,8:48,18:23,1:00,平日勤務
E029,2025/4/4,8:58,19:54,1:00,平日勤務
E029,2025/4/6,9:28,15:38,1:00,休日出勤
E029,2025/4/7,9:09,17:35,1:00,平日勤務
E029,2025/4/8,8:55,17:51,1:00,平日勤務
E029,2025/4/9,8:50,18:20,1:00,平日勤務
E029,2025/4/10,8:45,20:07,1:00,平日勤務
E029,2025/4/15,9:00,18:01,1:00,平日勤務
E029,2025/4/16,9:08,20:36,1:00,平日勤務
E029,2025/4/18,9:12,19:10,1:00,平日勤務
E029,2025/4/21,8:59,17:38,1:00,平日勤務
E029,2025/4/22,8:56,17:55,1:00,平日勤務
E029,2025/4/23,8:53,17:49,1:00,平日勤務
E029,2025/4/24,8:51,18:16,1:00,平日勤務
E029,2025/4/25,8:45,17:54,1:00,平日勤務
E029,2025/4/28,8:49,18:25,1:00,平日勤務
E029,2025/4/29,9:03,21:34,1:00,平日勤務
E029,2025/4/30,9:10,17:45,1:00,平日勤務
E029,2025/5/1,9:07,18:43,1:00,平日勤務
E029,2025/5/2,8:46,20:27,1:00,平日勤務
E029,2025/5/5,9:06,18:24,1:00,平日勤務
E029,2025/5/6,8:51,17:50,1:00,平日勤務
E029,2025/5/7,8:48,20:07,1:00,平日勤務
E029,2025/5/8,9:04,21:49,1:00,平日勤務
E029,2025/5/9,9:13,18:31,1:00,平日勤務
E029,2025/5/12,9:06,17:42,1:00,平日勤務
E029,2025/5/13,8:46,18:16,1:00,平日勤務
E029,2025/5/15,8:54,17:59,1:00,平日勤務
E029,2025/5/16,8:56,17:58,1:00,平日勤務
E029,2025/5/19,9:11,18:11,1:00,平日勤務
E029,2025/5/20,8:47,18:16,1:00,平日勤務
E029,2025/5/21,9:05,17:43,1:00,平日勤務
E029,2025/5/22,8:52,17:47,1:00,平日勤務
E029,2025/5/23,8:47,18:05,1:00,平日勤務
E029,2025/5/26,8:50,17:57,1:00,平日勤務
E029,2025/5/27,8:54,17:40,1:00,平日勤務
E029,2025/5/28,8:59,17:40,1:00,平日勤務
E029,2025/5/29,9:05,18:23,1:00,平日勤務
E029,2025/5/30,8:48,18:16,1:00,平日勤務
E029,2025/6/2,8:57,19:57,1:00,平日勤務
E029,2025/6/3,9:07,18:21,1:00,平日勤務
E029,2025/6/6,9:08,17:56,1:00,平日勤務
E029,2025/6/9,8:51,18:27,1:00,平日勤務
E029,2025/6/11,9:11,20:08,1:00,平日勤務
E029,2025/6/12,8:51,18:11,1:00,平日勤務
E029,2025/6/13,8:58,17:49,1:00,平日勤務
E029,2025/6/17,8:50,19:45,1:00,平日勤務
E029,2025/6/18,9:01,17:48,1:00,平日勤務
E029,2025/6/19,8:49,19:20,1:00,平日勤務
E029,2025/6/20,8:51,18:10,1:00,平日勤務
E029,2025/6/24,8:54,18:22,1:00,平日勤務
E029,2025/6/25,8:51,18:06,1:00,平日勤務
E029,2025/6/26,9:06,18:11,1:00,平日勤務
E029,2025/6/27,9:09,17:36,1:00,平日勤務
E029,2025/6/30,8:46,17:31,1:00,平日勤務
E029,2025/7/1,8:57,19:26,1:00,平日勤務
E029,2025/7/2,8:48,18:03,1:00,平日勤務
E029,2025/7/3,9:01,19:28,1:00,平日勤務
E029,2025/7/4,9:02,21:42,1:00,平日勤務
E029,2025/7/7,8:56,17:47,1:00,平日勤務
E029,2025/7/8,8:45,18:05,1:00,平日勤務
E029,2025/7/9,9:02,17:35,1:00,平日勤務
E029,2025/7/10,8:55,17:43,1:00,平日勤務
E029,2025/7/14,9:06,18:07,1:00,平日勤務
E029,2025/7/15,8:56,17:59,1:00,平日勤務
E029,2025/7/16,9:12,17:44,1:00,平日勤務
E029,2025/7/17,8:59,19:40,1:00,平日勤務
E029,2025/7/18,8:51,18:29,1:00,平日勤務
E029,2025/7/21,9:02,18:12,1:00,平日勤務
E029,2025/7/22,9:08,17:43,1:00,平日勤務
E029,2025/7/23,9:00,17:43,1:00,平日勤務
E029,2025/7/24,9:02,18:34,1:00,平日勤務
E029,2025/7/25,9:13,17:32,1:00,平日勤務
E029,2025/7/28,8:59,20:08,1:00,平日勤務
E029,2025/7/29,8:53,19:06,1:00,平日勤務
E029,2025/7/30,8:51,21:07,1:00,平日勤務
E029,2025/7/31,8:48,17:42,1:00,平日勤務
E029,2025/8/1,8:58,19:19,1:00,平日勤務
E029,2025/8/4,9:12,20:29,1:00,平日勤務
E029,2025/8/5,9:01,17:59,1:00,平日勤務
E029,2025/8/6,9:10,19:43,1:00,平日勤務
E029,2025/8/7,8:48,18:17,1:00,平日勤務
E029,2025/8/8,8:55,19:32,1:00,平日勤務
E029,2025/8/10,10:24,16:25,1:00,休日出勤
E029,2025/8/11,9:07,17:30,1:00,平日勤務
E029,2025/8/12,9:00,20:47,1:00,平日勤務
E029,2025/8/13,9:05,18:31,1:00,平日勤務
E029,2025/8/14,8:52,17:59,1:00,平日勤務
E029,2025/8/15,9:04,18:00,1:00,平日勤務
E029,2025/8/18,8:45,18:16,1:00,平日勤務
E029,2025/8/19,9:10,19:18,1:00,平日勤務
E029,2025/8/20,9:02,17:56,1:00,平日勤務
E029,2025/8/21,9:14,17:30,1:00,平日勤務
E029,2025/8/22,9:01,19:15,1:00,平日勤務
E029,2025/8/25,9:14,20:33,1:00,平日勤務
E029,2025/8/26,9:05,18:12,1:00,平日勤務
E029,2025/8/27,8:57,18:23,1:00,平日勤務
E029,2025/8/28,8:51,17:46,1:00,平日勤務
E029,2025/8/29,9:06,18:18,1:00,平日勤務
E029,2025/9/2,9:12,18:32,1:00,平日勤務
E029,2025/9/3,8:54,17:55,1:00,平日勤務
E029,2025/9/5,8:56,18:23,1:00,平日勤務
E029,2025/9/8,8:58,18:23,1:00,平日勤務
E029,2025/9/10,9:11,17:59,1:00,平日勤務
E029,2025/9/11,9:04,19:17,1:00,平日勤務
E029,2025/9/15,9:05,17:47,1:00,平日勤務
E029,2025/9/16,9:03,19:25,1:00,平日勤務
E029,2025/9/17,9:09,18:11,1:00,平日勤務
E029,2025/9/18,8:53,19:59,1:00,平日勤務
E029,2025/9/19,9:07,21:41,1:00,平日勤務
E029,2025/9/22,9:11,18:20,1:00,平日勤務
E029,2025/9/23,8:56,17:31,1:00,平日勤務
E029,2025/9/24,8:45,20:36,1:00,平日勤務
E029,2025/9/25,9:11,17:41,1:00,平日勤務
E029,2025/9/26,9:10,20:56,1:00,平日勤務
E029,2025/9/29,9:01,18:11,1:00,平日勤務
E029,2025/9/30,9:14,18:13,1:00,平日勤務
E029,2025/10/1,8:45,18:47,1:00,平日勤務
E029,2025/10/2,9:08,18:07,1:00,平日勤務
E029,2025/10/3,8:54,18:09,1:00,平日勤務
E029,2025/10/6,8:49,18:48,1:00,平日勤務
E029,2025/10/7,9:09,17:56,1:00,平日勤務
E029,2025/10/8,9:09,18:01,1:00,平日勤務
E029,2025/10/9,9:02,17:48,1:00,平日勤務
E029,2025/10/10,8:49,17:39,1:00,平日勤務
E029,2025/10/13,9:00,17:55,1:00,平日勤務
E029,2025/10/14,9:05,19:22,1:00,平日勤務
E029,2025/10/15,8:54,18:54,1:00,平日勤務
E029,2025/10/16,8:58,19:51,1:00,平日勤務
E029,2025/10/17,8:58,20:51,1:00,平日勤務
E029,2025/10/20,8:52,18:12,1:00,平日勤務
E029,2025/10/21,8:45,18:22,1:00,平日勤務
E029,2025/10/22,8:59,18:09,1:00,平日勤務
E029,2025/10/23,9:02,18:22,1:00,平日勤務
E029,2025/10/24,9:11,19:38,1:00,平日勤務
E029,2025/10/27,8:49,21:27,1:00,平日勤務
E029,2025/10/30,8:55,19:21,1:00,平日勤務
E029,2025/10/31,9:05,18:25,1:00,平日勤務
E029,2025/11/3,9:00,17:36,1:00,平日勤務
E029,2025/11/5,9:13,19:06,1:00,平日勤務
E029,2025/11/6,9:13,17:49,1:00,平日勤務
E029,2025/11/7,9:14,18:08,1:00,平日勤務
E029,2025/11/10,9:14,17:42,1:00,平日勤務
E029,2025/11/11,9:13,17:56,1:00,平日勤務
E029,2025/11/12,9:05,17:48,1:00,平日勤務
E029,2025/11/13,8:46,19:37,1:00,平日勤務
E029,2025/11/19,8:59,17:35,1:00,平日勤務
E029,2025/11/20,9:08,17:51,1:00,平日勤務
E029,2025/11/21,8:45,17:56,1:00,平日勤務
E029,2025/11/24,8:51,20:52,1:00,平日勤務
E029,2025/11/25,8:59,18:16,1:00,平日勤務
E029,2025/11/27,8:48,18:05,1:00,平日勤務
E029,2025/11/28,8:53,18:37,1:00,平日勤務
E029,2025/12/1,8:55,17:41,1:00,平日勤務
E029,2025/12/3,8:48,18:27,1:00,平日勤務
E029,2025/12/4,8:48,17:40,1:00,平日勤務
E029,2025/12/5,8:50,18:08,1:00,平日勤務
E029,2025/12/8,9:11,17:35,1:00,平日勤務
E029,2025/12/9,8:49,17:52,1:00,平日勤務
E029,2025/12/10,9:03,17:49,1:00,平日勤務
E029,2025/12/11,8:59,17:40,1:00,平日勤務
E029,2025/12/12,8:46,18:17,1:00,平日勤務
E029,2025/12/15,8:47,17:35,1:00,平日勤務
E029,2025/12/16,9:04,18:14,1:00,平日勤務
E029,2025/12/18,9:10,20:29,1:00,平日勤務
E029,2025/12/19,9:11,17:32,1:00,平日勤務
E029,2025/12/23,8:52,17:40,1:00,平日勤務
E029,2025/12/24,8:52,17:40,1:00,平日勤務
E029,2025/12/25,8:59,20:19,1:00,平日勤務
E029,2025/12/26,8:46,19:39,1:00,平日勤務
E029,2025/12/29,9:06,18:17,1:00,平日勤務
E029,2025/12/30,8:51,20:03,1:00,平日勤務
E030,2025/1/1,9:11,19:43,1:00,平日勤務
E030,2025/1/2,9:02,18:00,1:00,平日勤務
E030,2025/1/3,8:45,18:59,1:00,平日勤務
E030,2025/1/9,9:05,18:21,1:00,平日勤務
E030,2025/1/10,9:01,17:56,1:00,平日勤務
E030,2025/1/13,8:54,17:52,1:00,平日勤務
E030,2025/1/14,9:02,17:46,1:00,平日勤務
E030,2025/1/15,9:05,17:45,1:00,平日勤務
E030,2025/1/16,8:48,18:02,1:00,平日勤務
E030,2025/1/17,8:59,17:43,1:00,平日勤務
E030,2025/1/20,9:00,19:55,1:00,平日勤務
E030,2025/1/22,9:05,17:30,1:00,平日勤務
E030,2025/1/23,9:10,20:34,1:00,平日勤務
E030,2025/1/24,9:01,18:50,1:00,平日勤務
E030,2025/1/27,9:08,18:02,1:00,平日勤務
E030,2025/1/28,9:11,18:02,1:00,平日勤務
E030,2025/1/29,9:07,17:53,1:00,平日勤務
E030,2025/1/30,9:01,17:33,1:00,平日勤務
E030,2025/2/3,9:12,19:18,1:00,平日勤務
E030,2025/2/4,9:03,18:34,1:00,平日勤務
E030,2025/2/5,8:47,19:34,1:00,平日勤務
E030,2025/2/6,8:57,18:25,1:00,平日勤務
E030,2025/2/7,9:08,18:31,1:00,平日勤務
E030,2025/2/12,8:49,18:28,1:00,平日勤務
E030,2025/2/13,9:10,19:43,1:00,平日勤務
E030,2025/2/14,8:56,17:39,1:00,平日勤務
E030,2025/2/17,8:57,18:11,1:00,平日勤務
E030,2025/2/18,9:07,18:13,1:00,平日勤務
E030,2025/2/19,9:02,20:23,1:00,平日勤務
E030,2025/2/20,8:48,17:53,1:00,平日勤務
E030,2025/2/24,8:48,17:59,1:00,平日勤務
E030,2025/2/27,8:52,20:31,1:00,平日勤務
E030,2025/2/28,8:46,18:21,1:00,平日勤務
E030,2025/3/3,8:55,21:45,1:00,平日勤務
E030,2025/3/4,9:14,17:58,1:00,平日勤務
E030,2025/3/5,8:57,17:46,1:00,平日勤務
E030,2025/3/6,9:08,20:23,1:00,平日勤務
E030,2025/3/7,8:59,18:11,1:00,平日勤務
E030,2025/3/10,9:08,17:31,1:00,平日勤務
E030,2025/3/11,8:49,20:02,1:00,平日勤務
E030,2025/3/12,8:58,19:23,1:00,平日勤務
E030,2025/3/13,9:14,18:59,1:00,平日勤務
E030,2025/3/14,9:05,18:00,1:00,平日勤務
E030,2025/3/19,8:59,18:19,1:00,平日勤務
E030,2025/3/20,9:06,18:13,1:00,平日勤務
E030,2025/3/21,9:11,18:24,1:00,平日勤務
E030,2025/3/24,9:03,19:03,1:00,平日勤務
E030,2025/3/25,9:11,18:40,1:00,平日勤務
E030,2025/3/26,9:02,17:43,1:00,平日勤務
E030,2025/3/27,9:00,18:13,1:00,平日勤務
E030,2025/3/28,9:12,17:36,1:00,平日勤務
E030,2025/4/1,8:48,18:06,1:00,平日勤務
E030,2025/4/2,9:13,18:03,1:00,平日勤務
E030,2025/4/3,8:55,17:51,1:00,平日勤務
E030,2025/4/8,8:59,21:05,1:00,平日勤務
E030,2025/4/9,9:12,18:03,1:00,平日勤務
E030,2025/4/10,9:06,20:37,1:00,平日勤務
E030,2025/4/11,9:11,18:19,1:00,平日勤務
E030,2025/4/14,8:59,18:18,1:00,平日勤務
E030,2025/4/15,9:12,18:31,1:00,平日勤務
E030,2025/4/16,8:46,18:17,1:00,平日勤務
E030,2025/4/17,8:49,18:21,1:00,平日勤務
E030,2025/4/18,9:01,18:56,1:00,平日勤務
E030,2025/4/21,9:10,21:10,1:00,平日勤務
E030,2025/4/22,9:03,18:34,1:00,平日勤務
E030,2025/4/23,9:00,19:52,1:00,平日勤務
E030,2025/4/24,8:55,18:13,1:00,平日勤務
E030,2025/4/28,9:10,18:31,1:00,平日勤務
E030,2025/4/30,8:59,18:41,1:00,平日勤務
E030,2025/5/1,8:49,18:55,1:00,平日勤務
E030,2025/5/2,9:12,20:00,1:00,平日勤務
E030,2025/5/6,8:53,18:11,1:00,平日勤務
E030,2025/5/7,9:03,20:14,1:00,平日勤務
E030,2025/5/8,8:53,18:08,1:00,平日勤務
E030,2025/5/9,9:01,17:36,1:00,平日勤務
E030,2025/5/12,9:00,17:58,1:00,平日勤務
E030,2025/5/13,9:09,17:57,1:00,平日勤務
E030,2025/5/14,9:10,18:11,1:00,平日勤務
E030,2025/5/15,8:57,17:30,1:00,平日勤務
E030,2025/5/19,9:03,17:53,1:00,平日勤務
E030,2025/5/20,9:12,18:09,1:00,平日勤務
E030,2025/5/21,8:58,19:47,1:00,平日勤務
E030,2025/5/22,9:01,17:45,1:00,平日勤務
E030,2025/5/26,9:10,18:01,1:00,平日勤務
E030,2025/5/27,8:49,20:32,1:00,平日勤務
E030,2025/5/28,9:08,21:51,1:00,平日勤務
E030,2025/5/30,9:02,18:51,1:00,平日勤務
E030,2025/6/2,9:10,18:38,1:00,平日勤務
E030,2025/6/3,8:53,18:13,1:00,平日勤務
E030,2025/6/4,9:06,17:46,1:00,平日勤務
E030,2025/6/6,9:11,21:41,1:00,平日勤務
E030,2025/6/8,10:14,15:34,1:00,休日出勤
E030,2025/6/10,8:49,17:55,1:00,平日勤務
E030,2025/6/12,9:10,17:53,1:00,平日勤務
E030,2025/6/13,9:03,21:56,1:00,平日勤務
E030,2025/6/16,9:03,18:52,1:00,平日勤務
E030,2025/6/17,9:13,17:34,1:00,平日勤務
E030,2025/6/18,8:50,19:52,1:00,平日勤務
E030,2025/6/19,9:01,20:54,1:00,平日勤務
E030,2025/6/20,9:12,17:56,1:00,平日勤務
E030,2025/6/23,8:52,18:17,1:00,平日勤務
E030,2025/6/24,9:04,17:42,1:00,平日勤務
E030,2025/6/25,8:48,17:52,1:00,平日勤務
E030,2025/6/26,9:03,17:55,1:00,平日勤務
E030,2025/6/27,9:00,17:58,1:00,平日勤務
E030,2025/7/1,8:48,17:41,1:00,平日勤務
E030,2025/7/2,9:11,18:56,1:00,平日勤務
E030,2025/7/3,9:09,18:00,1:00,平日勤務
E030,2025/7/4,9:02,21:07,1:00,平日勤務
E030,2025/7/7,8:56,18:28,1:00,平日勤務
E030,2025/7/8,9:01,17:43,1:00,平日勤務
E030,2025/7/9,9:04,20:41,1:00,平日勤務
E030,2025/7/10,8:51,18:25,1:00,平日勤務
E030,2025/7/11,8:48,18:19,1:00,平日勤務
E030,2025/7/14,8:54,18:29,1:00,平日勤務
E030,2025/7/15,8:52,18:29,1:00,平日勤務
E030,2025/7/16,8:46,18:54,1:00,平日勤務
E030,2025/7/17,8:49,18:53,1:00,平日勤務
E030,2025/7/18,9:07,21:11,1:00,平日勤務
E030,2025/7/21,9:12,17:46,1:00,平日勤務
E030,2025/7/22,9:13,20:02,1:00,平日勤務
E030,2025/7/23,9:01,18:16,1:00,平日勤務
E030,2025/7/24,9:02,17:36,1:00,平日勤務
E030,2025/7/25,8:52,17:53,1:00,平日勤務
E030,2025/7/28,8:50,20:44,1:00,平日勤務
E030,2025/7/29,8:51,20:21,1:00,平日勤務
E030,2025/7/30,8:47,18:35,1:00,平日勤務
E030,2025/7/31,8:55,18:41,1:00,平日勤務
E030,2025/8/1,8:48,18:16,1:00,平日勤務
E030,2025/8/4,8:58,18:32,1:00,平日勤務
E030,2025/8/5,9:10,18:01,1:00,平日勤務
E030,2025/8/6,9:13,17:55,1:00,平日勤務
E030,2025/8/7,8:58,17:33,1:00,平日勤務
E030,2025/8/8,9:00,18:01,1:00,平日勤務
E030,2025/8/11,8:59,20:46,1:00,平日勤務
E030,2025/8/12,9:05,18:13,1:00,平日勤務
E030,2025/8/13,8:50,18:08,1:00,平日勤務
E030,2025/8/14,8:45,18:52,1:00,平日勤務
E030,2025/8/19,8:56,18:25,1:00,平日勤務
E030,2025/8/22,8:49,18:01,1:00,平日勤務
E030,2025/8/26,8:53,17:40,1:00,平日勤務
E030,2025/8/28,9:07,18:48,1:00,平日勤務
E030,2025/8/29,9:04,18:24,1:00,平日勤務
E030,2025/9/1,9:10,17:34,1:00,平日勤務
E030,2025/9/2,8:58,18:21,1:00,平日勤務
E030,2025/9/5,8:53,19:56,1:00,平日勤務
E030,2025/9/8,9:10,17:45,1:00,平日勤務
E030,2025/9/9,9:04,17:53,1:00,平日勤務
E030,2025/9/10,9:14,17:50,1:00,平日勤務
E030,2025/9/12,9:11,18:22,1:00,平日勤務
E030,2025/9/15,8:48,17:57,1:00,平日勤務
E030,2025/9/16,8:55,18:21,1:00,平日勤務
E030,2025/9/17,9:01,18:23,1:00,平日勤務
E030,2025/9/18,8:46,18:31,1:00,平日勤務
E030,2025/9/19,9:02,18:42,1:00,平日勤務
E030,2025/9/22,9:06,17:48,1:00,平日勤務
E030,2025/9/23,8:56,18:18,1:00,平日勤務
E030,2025/9/24,8:48,21:49,1:00,平日勤務
E030,2025/9/25,8:58,21:49,1:00,平日勤務
E030,2025/9/26,8:54,18:12,1:00,平日勤務
E030,2025/9/29,9:12,17:40,1:00,平日勤務
E030,2025/9/30,8:57,17:34,1:00,平日勤務
E030,2025/10/1,8:48,17:34,1:00,平日勤務
E030,2025/10/2,9:00,18:52,1:00,平日勤務
E030,2025/10/3,9:08,19:25,1:00,平日勤務
E030,2025/10/6,8:55,21:08,1:00,平日勤務
E030,2025/10/8,9:06,18:53,1:00,平日勤務
E030,2025/10/10,8:55,21:38,1:00,平日勤務
E030,2025/10/13,9:04,19:40,1:00,平日勤務
E030,2025/10/14,8:58,18:56,1:00,平日勤務
E030,2025/10/15,9:13,18:57,1:00,平日勤務
E030,2025/10/16,9:01,19:27,1:00,平日勤務
E030,2025/10/17,8:58,19:50,1:00,平日勤務
E030,2025/10/20,9:13,19:22,1:00,平日勤務
E030,2025/10/21,8:49,21:26,1:00,平日勤務
E030,2025/10/22,8:55,19:54,1:00,平日勤務
E030,2025/10/23,8:53,17:57,1:00,平日勤務
E030,2025/10/24,8:57,18:24,1:00,平日勤務
E030,2025/10/27,9:02,20:33,1:00,平日勤務
E030,2025/10/28,8:52,17:56,1:00,平日勤務
E030,2025/10/29,9:00,18:00,1:00,平日勤務
E030,2025/10/30,8:46,19:55,1:00,平日勤務
E030,2025/10/31,8:47,19:53,1:00,平日勤務
E030,2025/11/3,9:08,19:53,1:00,平日勤務
E030,2025/11/4,8:51,18:51,1:00,平日勤務
E030,2025/11/5,8:50,17:30,1:00,平日勤務
E030,2025/11/6,9:12,17:43,1:00,平日勤務
E030,2025/11/7,8:56,17:54,1:00,平日勤務
E030,2025/11/10,9:12,17:42,1:00,平日勤務
E030,2025/11/11,9:13,17:38,1:00,平日勤務
E030,2025/11/12,9:00,17:50,1:00,平日勤務
E030,2025/11/13,8:45,21:20,1:00,平日勤務
E030,2025/11/14,9:12,18:10,1:00,平日勤務
E030,2025/11/17,8:57,19:42,1:00,平日勤務
E030,2025/11/18,8:47,18:24,1:00,平日勤務
E030,2025/11/19,8:52,18:07,1:00,平日勤務
E030,2025/11/20,8:53,18:18,1:00,平日勤務
E030,2025/11/21,9:03,21:19,1:00,平日勤務
E030,2025/11/24,8:49,18:48,1:00,平日勤務
E030,2025/11/25,8:51,18:16,1:00,平日勤務
E030,2025/11/26,9:08,18:35,1:00,平日勤務
E030,2025/11/27,9:12,17:39,1:00,平日勤務
E030,2025/11/28,8:59,20:14,1:00,平日勤務
E030,2025/12/1,9:05,18:03,1:00,平日勤務
E030,2025/12/2,9:06,19:17,1:00,平日勤務
E030,2025/12/3,9:13,18:00,1:00,平日勤務
E030,2025/12/4,9:04,20:37,1:00,平日勤務
E030,2025/12/5,8:54,18:42,1:00,平日勤務
E030,2025/12/8,9:06,17:46,1:00,平日勤務
E030,2025/12/9,8:52,18:58,1:00,平日勤務
E030,2025/12/10,9:03,17:48,1:00,平日勤務
E030,2025/12/12,9:03,18:31,1:00,平日勤務
E030,2025/12/13,10:11,18:58,1:00,休日出勤
E030,2025/12/15,9:12,20:46,1:00,平日勤務
E030,2025/12/16,9:05,20:24,1:00,平日勤務
E030,2025/12/17,8:46,18:26,1:00,平日勤務
E030,2025/12/18,9:11,17:52,1:00,平日勤務
E030,2025/12/19,9:02,20:04,1:00,平日勤務
E030,2025/12/22,8:57,18:38,1:00,平日勤務
E030,2025/12/23,9:07,20:31,1:00,平日勤務
E030,2025/12/24,9:08,17:54,1:00,平日勤務
E030,2025/12/25,9:01,17:56,1:00,平日勤務
E030,2025/12/26,8:55,18:47,1:00,平日勤務
E030,2025/12/29,8:51,19:09,1:00,平日勤務
E030,2025/12/30,8:48,18:06,1:00,平日勤務
E030,2025/12/31,9:08,21:51,1:00,平日勤務
E031,2025/1/1,9:06,17:36,1:00,平日勤務
E031,2025/1/2,8:47,20:34,1:00,平日勤務
E031,2025/1/3,8:50,19:37,1:00,平日勤務
E031,2025/1/6,8:54,18:30,1:00,平日勤務
E031,2025/1/7,8:45,18:55,1:00,平日勤務
E031,2025/1/8,9:14,17:46,1:00,平日勤務
E031,2025/1/9,9:10,18:39,1:00,平日勤務
E031,2025/1/10,8:52,18:07,1:00,平日勤務
E031,2025/1/11,10:03,17:35,1:00,休日出勤
E031,2025/1/13,9:06,18:09,1:00,平日勤務
E031,2025/1/14,9:03,17:53,1:00,平日勤務
E031,2025/1/15,9:13,19:59,1:00,平日勤務
E031,2025/1/16,9:09,19:53,1:00,平日勤務
E031,2025/1/19,9:23,15:40,1:00,休日出勤
E031,2025/1/20,9:06,21:47,1:00,平日勤務
E031,2025/1/21,9:13,18:31,1:00,平日勤務
E031,2025/1/22,8:46,21:03,1:00,平日勤務
E031,2025/1/23,8:48,17:44,1:00,平日勤務
E031,2025/1/24,9:02,18:09,1:00,平日勤務
E031,2025/1/27,9:04,18:12,1:00,平日勤務
E031,2025/1/28,8:57,17:42,1:00,平日勤務
E031,2025/1/29,8:55,20:55,1:00,平日勤務
E031,2025/1/30,9:01,17:58,1:00,平日勤務
E031,2025/1/31,9:12,18:19,1:00,平日勤務
E031,2025/2/3,9:07,18:39,1:00,平日勤務
E031,2025/2/4,8:57,18:27,1:00,平日勤務
E031,2025/2/5,9:00,20:27,1:00,平日勤務
E031,2025/2/6,8:47,17:39,1:00,平日勤務
E031,2025/2/7,9:07,18:02,1:00,平日勤務
E031,2025/2/10,8:59,17:52,1:00,平日勤務
E031,2025/2/11,9:12,21:14,1:00,平日勤務
E031,2025/2/12,8:53,21:34,1:00,平日勤務
E031,2025/2/13,9:04,21:37,1:00,平日勤務
E031,2025/2/14,9:01,17:50,1:00,平日勤務
E031,2025/2/18,9:01,18:03,1:00,平日勤務
E031,2025/2/19,9:04,17:58,1:00,平日勤務
E031,2025/2/20,9:07,18:21,1:00,平日勤務
E031,2025/2/21,9:02,17:58,1:00,平日勤務
E031,2025/2/24,9:08,18:23,1:00,平日勤務
E031,2025/2/25,9:02,17:34,1:00,平日勤務
E031,2025/2/26,8:59,17:37,1:00,平日勤務
E031,2025/2/28,9:14,19:14,1:00,平日勤務
E031,2025/3/3,8:51,18:19,1:00,平日勤務
E031,2025/3/4,9:07,18:01,1:00,平日勤務
E031,2025/3/5,8:48,21:13,1:00,平日勤務
E031,2025/3/6,8:46,18:12,1:00,平日勤務
E031,2025/3/7,9:14,20:56,1:00,平日勤務
E031,2025/3/10,9:05,18:42,1:00,平日勤務
E031,2025/3/11,8:57,18:14,1:00,平日勤務
E031,2025/3/12,8:53,18:46,1:00,平日勤務
E031,2025/3/13,9:05,18:18,1:00,平日勤務
E031,2025/3/14,8:54,19:29,1:00,平日勤務
E031,2025/3/17,8:45,17:55,1:00,平日勤務
E031,2025/3/18,9:13,18:11,1:00,平日勤務
E031,2025/3/19,9:04,18:03,1:00,平日勤務
E031,2025/3/21,8:57,17:54,1:00,平日勤務
E031,2025/3/24,8:45,17:30,1:00,平日勤務
E031,2025/3/25,8:45,20:01,1:00,平日勤務
E031,2025/3/26,9:04,17:55,1:00,平日勤務
E031,2025/3/27,8:59,17:30,1:00,平日勤務
E031,2025/3/28,9:14,20:01,1:00,平日勤務
E031,2025/3/31,9:04,19:40,1:00,平日勤務
E031,2025/4/1,9:08,18:45,1:00,平日勤務
E031,2025/4/2,9:03,18:18,1:00,平日勤務
E031,2025/4/3,9:14,17:36,1:00,平日勤務
E031,2025/4/4,8:47,17:41,1:00,平日勤務
E031,2025/4/7,8:51,18:14,1:00,平日勤務
E031,2025/4/8,9:13,18:07,1:00,平日勤務
E031,2025/4/9,8:57,21:40,1:00,平日勤務
E031,2025/4/10,9:13,18:13,1:00,平日勤務
E031,2025/4/11,9:07,19:35,1:00,平日勤務
E031,2025/4/14,9:01,18:14,1:00,平日勤務
E031,2025/4/15,8:46,17:35,1:00,平日勤務
E031,2025/4/16,8:52,18:15,1:00,平日勤務
E031,2025/4/17,9:06,17:47,1:00,平日勤務
E031,2025/4/18,8:50,17:52,1:00,平日勤務
E031,2025/4/21,8:46,18:54,1:00,平日勤務
E031,2025/4/22,8:55,17:54,1:00,平日勤務
E031,2025/4/23,8:59,18:57,1:00,平日勤務
E031,2025/4/25,8:51,17:42,1:00,平日勤務
E031,2025/4/28,8:48,18:28,1:00,平日勤務
E031,2025/4/29,8:48,18:18,1:00,平日勤務
E031,2025/4/30,9:04,17:54,1:00,平日勤務
E031,2025/5/1,8:58,18:18,1:00,平日勤務
E031,2025/5/2,8:53,18:27,1:00,平日勤務
E031,2025/5/5,9:06,20:00,1:00,平日勤務
E031,2025/5/6,9:03,21:33,1:00,平日勤務
E031,2025/5/7,9:04,17:39,1:00,平日勤務
E031,2025/5/8,9:05,17:44,1:00,平日勤務
E031,2025/5/9,9:03,21:53,1:00,平日勤務
E031,2025/5/12,9:06,19:59,1:00,平日勤務
E031,2025/5/13,9:07,18:44,1:00,平日勤務
E031,2025/5/14,9:09,17:52,1:00,平日勤務
E031,2025/5/15,9:10,21:53,1:00,平日勤務
E031,2025/5/16,8:55,21:12,1:00,平日勤務
E031,2025/5/18,9:19,15:05,1:00,休日出勤
E031,2025/5/19,9:10,17:30,1:00,平日勤務
E031,2025/5/20,9:07,18:27,1:00,平日勤務
E031,2025/5/21,8:54,18:54,1:00,平日勤務
E031,2025/5/22,8:45,18:07,1:00,平日勤務
E031,2025/5/23,8:50,18:08,1:00,平日勤務
E031,2025/5/26,8:47,18:08,1:00,平日勤務
E031,2025/5/27,8:56,20:59,1:00,平日勤務
E031,2025/5/28,8:47,18:51,1:00,平日勤務
E031,2025/5/29,9:10,18:12,1:00,平日勤務
E031,2025/5/30,8:49,18:29,1:00,平日勤務
E031,2025/6/2,8:58,19:28,1:00,平日勤務
E031,2025/6/3,8:47,17:52,1:00,平日勤務
E031,2025/6/5,9:12,18:42,1:00,平日勤務
E031,2025/6/6,8:47,18:05,1:00,平日勤務
E031,2025/6/9,9:10,19:21,1:00,平日勤務
E031,2025/6/10,8:57,19:11,1:00,平日勤務
E031,2025/6/11,8:53,17:54,1:00,平日勤務
E031,2025/6/12,8:49,18:11,1:00,平日勤務
E031,2025/6/13,8:47,17:57,1:00,平日勤務
E031,2025/6/16,8:46,18:23,1:00,平日勤務
E031,2025/6/18,9:11,18:19,1:00,平日勤務
E031,2025/6/19,9:14,18:22,1:00,平日勤務
E031,2025/6/20,9:03,18:05,1:00,平日勤務
E031,2025/6/23,8:46,18:10,1:00,平日勤務
E031,2025/6/24,8:48,18:21,1:00,平日勤務
E031,2025/6/25,9:03,17:35,1:00,平日勤務
E031,2025/6/26,8:54,17:58,1:00,平日勤務
E031,2025/6/27,8:47,18:31,1:00,平日勤務
E031,2025/6/30,9:02,17:32,1:00,平日勤務
E031,2025/7/1,8:58,18:07,1:00,平日勤務
E031,2025/7/3,9:13,17:53,1:00,平日勤務
E031,2025/7/4,9:11,18:36,1:00,平日勤務
E031,2025/7/5,10:27,18:14,1:00,休日出勤
E031,2025/7/7,9:09,17:38,1:00,平日勤務
E031,2025/7/9,9:06,17:35,1:00,平日勤務
E031,2025/7/10,9:02,18:52,1:00,平日勤務
E031,2025/7/11,9:08,17:42,1:00,平日勤務
E031,2025/7/14,9:04,18:10,1:00,平日勤務
E031,2025/7/15,8:48,18:13,1:00,平日勤務
E031,2025/7/17,9:11,18:18,1:00,平日勤務
E031,2025/7/18,9:11,18:50,1:00,平日勤務
E031,2025/7/21,8:54,20:08,1:00,平日勤務
E031,2025/7/22,9:10,18:04,1:00,平日勤務
E031,2025/7/23,8:51,21:47,1:00,平日勤務
E031,2025/7/25,9:10,18:43,1:00,平日勤務
E031,2025/7/28,8:53,18:22,1:00,平日勤務
E031,2025/7/30,8:59,17:42,1:00,平日勤務
E031,2025/8/1,8:52,20:20,1:00,平日勤務
E031,2025/8/4,8:51,20:05,1:00,平日勤務
E031,2025/8/5,9:05,18:32,1:00,平日勤務
E031,2025/8/6,8:46,17:36,1:00,平日勤務
E031,2025/8/7,9:11,17:52,1:00,平日勤務
E031,2025/8/8,9:01,18:23,1:00,平日勤務
E031,2025/8/9,10:20,18:04,1:00,休日出勤
E031,2025/8/11,8:54,18:08,1:00,平日勤務
E031,2025/8/12,8:50,18:21,1:00,平日勤務
E031,2025/8/13,8:56,20:09,1:00,平日勤務
E031,2025/8/14,9:05,18:37,1:00,平日勤務
E031,2025/8/15,8:50,18:18,1:00,平日勤務
E031,2025/8/19,9:00,18:12,1:00,平日勤務
E031,2025/8/20,8:52,18:54,1:00,平日勤務
E031,2025/8/21,8:51,21:43,1:00,平日勤務
E031,2025/8/22,9:01,17:45,1:00,平日勤務
E031,2025/8/25,8:52,17:48,1:00,平日勤務
E031,2025/8/27,8:47,20:36,1:00,平日勤務
E031,2025/8/28,9:09,18:45,1:00,平日勤務
E031,2025/8/29,9:07,21:39,1:00,平日勤務
E031,2025/9/1,8:54,17:55,1:00,平日勤務
E031,2025/9/2,8:51,18:11,1:00,平日勤務
E031,2025/9/3,9:04,19:50,1:00,平日勤務
E031,2025/9/4,9:03,18:07,1:00,平日勤務
E031,2025/9/5,9:09,18:22,1:00,平日勤務
E031,2025/9/8,8:57,18:25,1:00,平日勤務
E031,2025/9/10,9:05,18:18,1:00,平日勤務
E031,2025/9/11,8:53,17:54,1:00,平日勤務
E031,2025/9/12,9:05,17:46,1:00,平日勤務
E031,2025/9/15,9:13,18:48,1:00,平日勤務
E031,2025/9/16,8:49,18:44,1:00,平日勤務
E031,2025/9/17,8:50,21:07,1:00,平日勤務
E031,2025/9/23,9:14,18:29,1:00,平日勤務
E031,2025/9/24,9:00,18:49,1:00,平日勤務
E031,2025/9/25,8:54,18:11,1:00,平日勤務
E031,2025/9/26,9:00,18:00,1:00,平日勤務
E031,2025/9/29,8:52,20:13,1:00,平日勤務
E031,2025/9/30,9:00,18:14,1:00,平日勤務
E031,2025/10/2,9:01,19:27,1:00,平日勤務
E031,2025/10/3,8:49,20:22,1:00,平日勤務
E031,2025/10/6,8:55,18:30,1:00,平日勤務
E031,2025/10/7,8:50,17:40,1:00,平日勤務
E031,2025/10/8,9:08,18:31,1:00,平日勤務
E031,2025/10/9,9:14,20:42,1:00,平日勤務
E031,2025/10/10,8:53,17:52,1:00,平日勤務
E031,2025/10/12,9:10,17:42,1:00,休日出勤
E031,2025/10/13,8:49,18:34,1:00,平日勤務
E031,2025/10/14,8:53,17:49,1:00,平日勤務
E031,2025/10/15,9:10,18:45,1:00,平日勤務
E031,2025/10/16,9:14,19:05,1:00,平日勤務
E031,2025/10/17,8:57,20:43,1:00,平日勤務
E031,2025/10/20,8:48,20:07,1:00,平日勤務
E031,2025/10/21,9:06,18:06,1:00,平日勤務
E031,2025/10/22,8:55,19:26,1:00,平日勤務
E031,2025/10/23,9:02,17:53,1:00,平日勤務
E031,2025/10/24,9:13,19:29,1:00,平日勤務
E031,2025/10/27,8:58,19:21,1:00,平日勤務
E031,2025/10/28,8:57,21:18,1:00,平日勤務
E031,2025/10/30,9:11,18:10,1:00,平日勤務
E031,2025/10/31,8:55,18:22,1:00,平日勤務
E031,2025/11/3,8:46,19:01,1:00,平日勤務
E031,2025/11/4,8:47,17:30,1:00,平日勤務
E031,2025/11/5,8:53,19:52,1:00,平日勤務
E031,2025/11/7,8:53,19:48,1:00,平日勤務
E031,2025/11/10,9:08,19:57,1:00,平日勤務
E031,2025/11/11,8:48,20:32,1:00,平日勤務
E031,2025/11/12,8:51,18:26,1:00,平日勤務
E031,2025/11/13,9:05,17:37,1:00,平日勤務
E031,2025/11/14,9:08,18:16,1:00,平日勤務
E031,2025/11/17,8:58,17:30,1:00,平日勤務
E031,2025/11/18,9:00,21:42,1:00,平日勤務
E031,2025/11/19,9:03,19:04,1:00,平日勤務
E031,2025/11/20,9:10,18:36,1:00,平日勤務
E031,2025/11/24,9:02,18:00,1:00,平日勤務
E031,2025/11/26,8:54,18:06,1:00,平日勤務
E031,2025/11/27,9:14,18:01,1:00,平日勤務
E031,2025/11/28,8:55,17:41,1:00,平日勤務
E031,2025/12/1,9:06,18:29,1:00,平日勤務
E031,2025/12/2,9:10,18:05,1:00,平日勤務
E031,2025/12/3,8:55,18:34,1:00,平日勤務
E031,2025/12/4,9:14,17:50,1:00,平日勤務
E031,2025/12/5,9:10,19:47,1:00,平日勤務
E031,2025/12/9,8:47,19:05,1:00,平日勤務
E031,2025/12/10,8:54,18:07,1:00,平日勤務
E031,2025/12/11,8:51,18:20,1:00,平日勤務
E031,2025/12/12,9:06,18:22,1:00,平日勤務
E031,2025/12/15,9:05,17:59,1:00,平日勤務
E031,2025/12/16,9:10,18:29,1:00,平日勤務
E031,2025/12/17,8:57,17:56,1:00,平日勤務
E031,2025/12/18,8:54,18:26,1:00,平日勤務
E031,2025/12/19,9:13,19:28,1:00,平日勤務
E031,2025/12/22,9:08,18:55,1:00,平日勤務
E031,2025/12/23,8:53,17:45,1:00,平日勤務
E031,2025/12/24,8:54,18:25,1:00,平日勤務
E031,2025/12/25,8:56,17:40,1:00,平日勤務
E031,2025/12/26,9:07,17:48,1:00,平日勤務
E031,2025/12/29,8:46,18:34,1:00,平日勤務
E031,2025/12/30,8:48,19:08,1:00,平日勤務
E031,2025/12/31,9:03,21:12,1:00,平日勤務
E032,2025/1/2,9:01,18:51,1:00,平日勤務
E032,2025/1/3,9:12,17:50,1:00,平日勤務
E032,2025/1/5,9:01,16:20,1:00,休日出勤
E032,2025/1/6,8:54,21:26,1:00,平日勤務
E032,2025/1/7,8:50,18:03,1:00,平日勤務
E032,2025/1/8,9:11,18:20,1:00,平日勤務
E032,2025/1/10,9:11,18:00,1:00,平日勤務
E032,2025/1/14,9:02,20:13,1:00,平日勤務
E032,2025/1/15,8:48,18:38,1:00,平日勤務
E032,2025/1/16,8:56,18:18,1:00,平日勤務
E032,2025/1/17,9:01,19:00,1:00,平日勤務
E032,2025/1/19,10:05,15:54,1:00,休日出勤
E032,2025/1/20,8:57,18:27,1:00,平日勤務
E032,2025/1/21,8:58,18:50,1:00,平日勤務
E032,2025/1/22,8:54,18:47,1:00,平日勤務
E032,2025/1/23,8:48,18:30,1:00,平日勤務
E032,2025/1/24,8:46,19:14,1:00,平日勤務
E032,2025/1/27,8:47,21:01,1:00,平日勤務
E032,2025/1/28,8:59,18:28,1:00,平日勤務
E032,2025/1/29,8:58,18:04,1:00,平日勤務
E032,2025/1/31,8:53,17:51,1:00,平日勤務
E032,2025/2/3,9:10,18:01,1:00,平日勤務
E032,2025/2/4,9:05,17:49,1:00,平日勤務
E032,2025/2/5,9:11,21:27,1:00,平日勤務
E032,2025/2/6,8:46,18:23,1:00,平日勤務
E032,2025/2/7,9:09,18:18,1:00,平日勤務
E032,2025/2/10,9:13,18:26,1:00,平日勤務
E032,2025/2/11,9:11,18:21,1:00,平日勤務
E032,2025/2/12,9:02,19:06,1:00,平日勤務
E032,2025/2/13,9:06,21:24,1:00,平日勤務
E032,2025/2/14,8:55,17:40,1:00,平日勤務
E032,2025/2/17,9:03,18:00,1:00,平日勤務
E032,2025/2/18,8:51,18:17,1:00,平日勤務
E032,2025/2/20,9:04,17:36,1:00,平日勤務
E032,2025/2/21,9:02,19:15,1:00,平日勤務
E032,2025/2/24,9:05,18:35,1:00,平日勤務
E032,2025/2/25,8:45,18:24,1:00,平日勤務
E032,2025/2/26,8:47,18:42,1:00,平日勤務
E032,2025/2/27,9:14,18:09,1:00,平日勤務
E032,2025/2/28,8:48,21:09,1:00,平日勤務
E032,2025/3/3,9:06,17:38,1:00,平日勤務
E032,2025/3/4,9:13,18:43,1:00,平日勤務
E032,2025/3/5,9:13,17:49,1:00,平日勤務
E032,2025/3/6,9:07,18:17,1:00,平日勤務
E032,2025/3/7,9:07,17:51,1:00,平日勤務
E032,2025/3/10,9:03,17:34,1:00,平日勤務
E032,2025/3/11,9:14,19:41,1:00,平日勤務
E032,2025/3/12,9:03,17:38,1:00,平日勤務
E032,2025/3/13,8:51,17:42,1:00,平日勤務
E032,2025/3/14,8:55,17:56,1:00,平日勤務
E032,2025/3/18,9:07,17:52,1:00,平日勤務
E032,2025/3/19,8:56,17:57,1:00,平日勤務
E032,2025/3/20,9:14,17:34,1:00,平日勤務
E032,2025/3/21,8:55,18:09,1:00,平日勤務
E032,2025/3/22,9:28,17:52,1:00,休日出勤
E032,2025/3/23,9:26,18:22,1:00,休日出勤
E032,2025/3/25,9:09,18:02,1:00,平日勤務
E032,2025/3/26,8:52,20:21,1:00,平日勤務
E032,2025/3/27,9:07,19:54,1:00,平日勤務
E032,2025/3/28,8:52,17:34,1:00,平日勤務
E032,2025/3/31,8:57,17:39,1:00,平日勤務
E032,2025/4/1,8:55,17:59,1:00,平日勤務
E032,2025/4/2,8:49,21:06,1:00,平日勤務
E032,2025/4/3,8:47,20:33,1:00,平日勤務
E032,2025/4/4,9:09,19:27,1:00,平日勤務
E032,2025/4/7,8:51,17:54,1:00,平日勤務
E032,2025/4/8,8:49,20:59,1:00,平日勤務
E032,2025/4/9,8:57,18:28,1:00,平日勤務
E032,2025/4/10,8:46,18:22,1:00,平日勤務
E032,2025/4/11,9:00,21:18,1:00,平日勤務
E032,2025/4/15,8:46,17:34,1:00,平日勤務
E032,2025/4/16,8:49,21:36,1:00,平日勤務
E032,2025/4/17,9:07,17:36,1:00,平日勤務
E032,2025/4/18,8:46,17:49,1:00,平日勤務
E032,2025/4/21,8:46,18:43,1:00,平日勤務
E032,2025/4/22,8:48,17:43,1:00,平日勤務
E032,2025/4/23,9:11,20:41,1:00,平日勤務
E032,2025/4/24,8:56,18:12,1:00,平日勤務
E032,2025/4/25,9:10,17:45,1:00,平日勤務
E032,2025/4/28,8:50,17:33,1:00,平日勤務
E032,2025/4/29,8:53,18:26,1:00,平日勤務
E032,2025/4/30,8:45,18:13,1:00,平日勤務
E032,2025/5/1,9:04,19:34,1:00,平日勤務
E032,2025/5/2,8:52,18:21,1:00,平日勤務
E032,2025/5/3,10:19,15:35,1:00,休日出勤
E032,2025/5/6,8:47,17:38,1:00,平日勤務
E032,2025/5/7,8:56,20:30,1:00,平日勤務
E032,2025/5/8,8:56,19:04,1:00,平日勤務
E032,2025/5/9,8:50,17:46,1:00,平日勤務
E032,2025/5/12,9:07,20:32,1:00,平日勤務
E032,2025/5/13,9:13,17:55,1:00,平日勤務
E032,2025/5/14,9:09,18:27,1:00,平日勤務
E032,2025/5/15,8:48,18:10,1:00,平日勤務
E032,2025/5/16,8:54,18:37,1:00,平日勤務
E032,2025/5/19,8:49,18:03,1:00,平日勤務
E032,2025/5/20,9:00,17:56,1:00,平日勤務
E032,2025/5/21,8:57,18:24,1:00,平日勤務
E032,2025/5/22,9:01,18:02,1:00,平日勤務
E032,2025/5/23,8:51,18:57,1:00,平日勤務
E032,2025/5/27,9:12,17:47,1:00,平日勤務
E032,2025/5/28,8:51,17:58,1:00,平日勤務
E032,2025/5/29,9:08,18:24,1:00,平日勤務
E032,2025/5/30,8:56,19:50,1:00,平日勤務
E032,2025/6/2,9:05,21:04,1:00,平日勤務
E032,2025/6/3,9:13,21:56,1:00,平日勤務
E032,2025/6/4,9:03,20:16,1:00,平日勤務
E032,2025/6/5,8:50,17:40,1:00,平日勤務
E032,2025/6/6,9:01,18:04,1:00,平日勤務
E032,2025/6/9,9:00,18:02,1:00,平日勤務
E032,2025/6/10,8:56,17:33,1:00,平日勤務
E032,2025/6/11,8:57,17:35,1:00,平日勤務
E032,2025/6/12,9:01,18:57,1:00,平日勤務
E032,2025/6/13,9:12,18:54,1:00,平日勤務
E032,2025/6/16,9:14,20:11,1:00,平日勤務
E032,2025/6/19,9:10,17:42,1:00,平日勤務
E032,2025/6/20,8:51,19:42,1:00,平日勤務
E032,2025/6/23,8:46,17:58,1:00,平日勤務
E032,2025/6/24,8:51,17:36,1:00,平日勤務
E032,2025/6/25,8:52,17:46,1:00,平日勤務
E032,2025/6/26,9:14,17:45,1:00,平日勤務
E032,2025/6/27,8:54,20:03,1:00,平日勤務
E032,2025/6/30,8:55,18:46,1:00,平日勤務
E032,2025/7/1,9:12,18:12,1:00,平日勤務
E032,2025/7/2,8:49,20:58,1:00,平日勤務
E032,2025/7/3,9:06,17:54,1:00,平日勤務
E032,2025/7/4,8:59,19:22,1:00,平日勤務
E032,2025/7/7,8:57,18:15,1:00,平日勤務
E032,2025/7/8,9:08,19:21,1:00,平日勤務
E032,2025/7/9,8:51,18:18,1:00,平日勤務
E032,2025/7/11,9:13,18:28,1:00,平日勤務
E032,2025/7/13,9:25,16:02,1:00,休日出勤
E032,2025/7/14,9:08,17:59,1:00,平日勤務
E032,2025/7/15,9:07,18:09,1:00,平日勤務
E032,2025/7/16,9:11,17:49,1:00,平日勤務
E032,2025/7/17,8:47,21:26,1:00,平日勤務
E032,2025/7/18,9:14,20:28,1:00,平日勤務
E032,2025/7/21,9:04,18:10,1:00,平日勤務
E032,2025/7/22,9:06,20:53,1:00,平日勤務
E032,2025/7/23,8:51,19:14,1:00,平日勤務
E032,2025/7/24,8:55,18:10,1:00,平日勤務
E032,2025/7/25,9:01,20:30,1:00,平日勤務
E032,2025/7/28,8:51,17:44,1:00,平日勤務
E032,2025/7/29,9:14,18:18,1:00,平日勤務
E032,2025/7/30,8:49,21:57,1:00,平日勤務
E032,2025/7/31,9:10,18:44,1:00,平日勤務
E032,2025/8/1,8:51,19:13,1:00,平日勤務
E032,2025/8/4,8:57,17:42,1:00,平日勤務
E032,2025/8/5,8:52,18:25,1:00,平日勤務
E032,2025/8/6,9:03,17:39,1:00,平日勤務
E032,2025/8/7,9:08,18:27,1:00,平日勤務
E032,2025/8/11,8:59,18:55,1:00,平日勤務
E032,2025/8/12,9:13,17:52,1:00,平日勤務
E032,2025/8/14,8:57,18:28,1:00,平日勤務
E032,2025/8/15,9:07,18:25,1:00,平日勤務
E032,2025/8/18,9:04,17:53,1:00,平日勤務
E032,2025/8/19,9:12,18:12,1:00,平日勤務
E032,2025/8/20,8:53,17:41,1:00,平日勤務
E032,2025/8/21,9:05,18:08,1:00,平日勤務
E032,2025/8/22,8:54,18:10,1:00,平日勤務
E032,2025/8/25,9:08,21:34,1:00,平日勤務
E032,2025/8/26,8:59,18:21,1:00,平日勤務
E032,2025/8/27,9:01,17:52,1:00,平日勤務
E032,2025/8/28,9:08,19:51,1:00,平日勤務
E032,2025/8/29,8:57,19:24,1:00,平日勤務
E032,2025/9/1,8:45,18:12,1:00,平日勤務
E032,2025/9/2,9:08,18:07,1:00,平日勤務
E032,2025/9/3,8:50,21:17,1:00,平日勤務
E032,2025/9/4,9:14,18:26,1:00,平日勤務
E032,2025/9/5,9:00,17:48,1:00,平日勤務
E032,2025/9/8,8:46,17:36,1:00,平日勤務
E032,2025/9/9,9:06,20:51,1:00,平日勤務
E032,2025/9/10,8:53,17:34,1:00,平日勤務
E032,2025/9/11,8:50,21:37,1:00,平日勤務
E032,2025/9/12,8:49,18:22,1:00,平日勤務
E032,2025/9/15,9:06,18:06,1:00,平日勤務
E032,2025/9/16,9:07,18:44,1:00,平日勤務
E032,2025/9/17,8:49,18:18,1:00,平日勤務
E032,2025/9/18,8:52,18:08,1:00,平日勤務
E032,2025/9/19,8:55,18:14,1:00,平日勤務
E032,2025/9/22,8:45,17:30,1:00,平日勤務
E032,2025/9/23,8:52,19:17,1:00,平日勤務
E032,2025/9/24,9:09,19:22,1:00,平日勤務
E032,2025/9/25,9:01,19:16,1:00,平日勤務
E032,2025/9/26,8:52,17:30,1:00,平日勤務
E032,2025/9/29,9:02,19:08,1:00,平日勤務
E032,2025/9/30,9:08,18:53,1:00,平日勤務
E032,2025/10/1,8:48,18:10,1:00,平日勤務
E032,2025/10/3,9:06,17:37,1:00,平日勤務
E032,2025/10/6,9:11,18:03,1:00,平日勤務
E032,2025/10/7,8:49,18:20,1:00,平日勤務
E032,2025/10/10,9:10,18:24,1:00,平日勤務
E032,2025/10/13,9:10,19:17,1:00,平日勤務
E032,2025/10/15,9:08,19:44,1:00,平日勤務
E032,2025/10/16,8:52,17:56,1:00,平日勤務
E032,2025/10/17,8:46,17:54,1:00,平日勤務
E032,2025/10/19,9:24,17:35,1:00,休日出勤
E032,2025/10/20,9:02,18:16,1:00,平日勤務
E032,2025/10/21,9:12,18:21,1:00,平日勤務
E032,2025/10/22,9:03,19:00,1:00,平日勤務
E032,2025/10/24,9:08,18:18,1:00,平日勤務
E032,2025/10/28,8:57,18:28,1:00,平日勤務
E032,2025/10/29,8:50,20:13,1:00,平日勤務
E032,2025/10/30,9:06,17:57,1:00,平日勤務
E032,2025/10/31,8:55,19:55,1:00,平日勤務
E032,2025/11/2,9:27,16:14,1:00,休日出勤
E032,2025/11/4,8:52,17:48,1:00,平日勤務
E032,2025/11/6,9:05,18:44,1:00,平日勤務
E032,2025/11/7,8:46,18:50,1:00,平日勤務
E032,2025/11/10,9:12,21:17,1:00,平日勤務
E032,2025/11/11,8:57,17:46,1:00,平日勤務
E032,2025/11/12,8:48,21:28,1:00,平日勤務
E032,2025/11/13,9:08,18:04,1:00,平日勤務
E032,2025/11/14,8:51,17:47,1:00,平日勤務
E032,2025/11/16,10:01,17:23,1:00,休日出勤
E032,2025/11/17,9:14,19:53,1:00,平日勤務
E032,2025/11/18,8:53,18:44,1:00,平日勤務
E032,2025/11/19,9:10,17:44,1:00,平日勤務
E032,2025/11/20,9:11,18:11,1:00,平日勤務
E032,2025/11/21,8:45,20:43,1:00,平日勤務
E032,2025/11/24,9:10,18:17,1:00,平日勤務
E032,2025/11/25,9:08,19:29,1:00,平日勤務
E032,2025/11/26,9:09,18:12,1:00,平日勤務
E032,2025/11/27,9:09,18:39,1:00,平日勤務
E032,2025/11/28,8:45,18:35,1:00,平日勤務
E032,2025/12/1,8:56,19:46,1:00,平日勤務
E032,2025/12/3,8:57,17:53,1:00,平日勤務
E032,2025/12/4,8:57,20:52,1:00,平日勤務
E032,2025/12/5,9:02,18:14,1:00,平日勤務
E032,2025/12/8,8:50,18:13,1:00,平日勤務
E032,2025/12/9,8:57,19:38,1:00,平日勤務
E032,2025/12/10,8:55,18:21,1:00,平日勤務
E032,2025/12/11,9:09,18:05,1:00,平日勤務
E032,2025/12/12,8:47,18:28,1:00,平日勤務
E032,2025/12/15,9:04,18:02,1:00,平日勤務
E032,2025/12/16,8:49,17:33,1:00,平日勤務
E032,2025/12/17,8:52,18:38,1:00,平日勤務
E032,2025/12/18,9:06,18:32,1:00,平日勤務
E032,2025/12/19,8:57,18:23,1:00,平日勤務
E032,2025/12/22,9:14,18:22,1:00,平日勤務
E032,2025/12/23,9:06,18:04,1:00,平日勤務
E032,2025/12/24,8:50,17:52,1:00,平日勤務
E032,2025/12/25,9:04,17:45,1:00,平日勤務
E032,2025/12/29,8:53,18:35,1:00,平日勤務
E032,2025/12/30,9:01,21:21,1:00,平日勤務
E032,2025/12/31,9:04,21:24,1:00,平日勤務
E033,2025/1/2,9:06,17:49,1:00,平日勤務
E033,2025/1/3,9:07,18:01,1:00,平日勤務
E033,2025/1/6,9:06,19:34,1:00,平日勤務
E033,2025/1/7,9:11,17:42,1:00,平日勤務
E033,2025/1/8,9:00,17:45,1:00,平日勤務
E033,2025/1/9,9:05,19:03,1:00,平日勤務
E033,2025/1/10,8:48,20:51,1:00,平日勤務
E033,2025/1/13,9:10,21:45,1:00,平日勤務
E033,2025/1/14,9:14,19:12,1:00,平日勤務
E033,2025/1/15,9:01,17:45,1:00,平日勤務
E033,2025/1/16,9:12,17:34,1:00,平日勤務
E033,2025/1/17,8:50,17:58,1:00,平日勤務
E033,2025/1/21,8:56,18:25,1:00,平日勤務
E033,2025/1/22,9:00,18:02,1:00,平日勤務
E033,2025/1/23,8:58,18:01,1:00,平日勤務
E033,2025/1/24,8:49,18:06,1:00,平日勤務
E033,2025/1/27,8:58,18:19,1:00,平日勤務
E033,2025/1/28,8:51,18:35,1:00,平日勤務
E033,2025/1/29,9:00,18:06,1:00,平日勤務
E033,2025/1/30,9:13,17:52,1:00,平日勤務
E033,2025/1/31,9:03,18:38,1:00,平日勤務
E033,2025/2/1,10:03,17:38,1:00,休日出勤
E033,2025/2/3,9:09,18:02,1:00,平日勤務
E033,2025/2/4,9:05,19:55,1:00,平日勤務
E033,2025/2/5,8:47,17:38,1:00,平日勤務
E033,2025/2/6,8:58,18:03,1:00,平日勤務
E033,2025/2/7,8:56,18:37,1:00,平日勤務
E033,2025/2/10,9:10,18:04,1:00,平日勤務
E033,2025/2/11,8:57,18:56,1:00,平日勤務
E033,2025/2/13,8:45,17:33,1:00,平日勤務
E033,2025/2/17,9:05,21:20,1:00,平日勤務
E033,2025/2/18,9:03,18:31,1:00,平日勤務
E033,2025/2/19,9:13,21:07,1:00,平日勤務
E033,2025/2/21,9:07,19:55,1:00,平日勤務
E033,2025/2/24,8:56,17:37,1:00,平日勤務
E033,2025/2/25,8:55,19:03,1:00,平日勤務
E033,2025/2/26,9:03,18:57,1:00,平日勤務
E033,2025/2/27,9:08,17:34,1:00,平日勤務
E033,2025/3/3,8:49,17:44,1:00,平日勤務
E033,2025/3/4,8:52,18:59,1:00,平日勤務
E033,2025/3/5,9:04,17:58,1:00,平日勤務
E033,2025/3/6,9:05,18:59,1:00,平日勤務
E033,2025/3/7,8:50,19:15,1:00,平日勤務
E033,2025/3/10,8:45,19:48,1:00,平日勤務
E033,2025/3/11,8:51,17:55,1:00,平日勤務
E033,2025/3/12,8:56,18:08,1:00,平日勤務
E033,2025/3/13,9:05,20:31,1:00,平日勤務
E033,2025/3/17,8:58,18:00,1:00,平日勤務
E033,2025/3/18,9:03,18:23,1:00,平日勤務
E033,2025/3/19,8:59,18:41,1:00,平日勤務
E033,2025/3/20,8:59,18:48,1:00,平日勤務
E033,2025/3/24,8:56,18:18,1:00,平日勤務
E033,2025/3/25,9:06,20:51,1:00,平日勤務
E033,2025/3/26,8:50,17:45,1:00,平日勤務
E033,2025/3/27,8:53,18:04,1:00,平日勤務
E033,2025/3/28,9:07,19:22,1:00,平日勤務
E033,2025/3/31,9:09,17:33,1:00,平日勤務
E033,2025/4/1,9:11,17:58,1:00,平日勤務
E033,2025/4/2,8:47,17:40,1:00,平日勤務
E033,2025/4/3,9:01,17:38,1:00,平日勤務
E033,2025/4/4,9:10,19:12,1:00,平日勤務
E033,2025/4/7,9:07,21:37,1:00,平日勤務
E033,2025/4/8,9:01,18:23,1:00,平日勤務
E033,2025/4/9,9:14,18:42,1:00,平日勤務
E033,2025/4/10,9:14,18:06,1:00,平日勤務
E033,2025/4/11,9:02,19:06,1:00,平日勤務
E033,2025/4/14,9:02,20:21,1:00,平日勤務
E033,2025/4/15,9:13,19:30,1:00,平日勤務
E033,2025/4/16,9:14,17:49,1:00,平日勤務
E033,2025/4/17,8:57,21:44,1:00,平日勤務
E033,2025/4/18,8:53,21:02,1:00,平日勤務
E033,2025/4/21,8:49,18:17,1:00,平日勤務
E033,2025/4/22,8:52,20:16,1:00,平日勤務
E033,2025/4/23,8:49,17:39,1:00,平日勤務
E033,2025/4/24,9:10,18:00,1:00,平日勤務
E033,2025/4/25,8:54,20:42,1:00,平日勤務
E033,2025/4/28,8:55,17:36,1:00,平日勤務
E033,2025/4/29,8:49,18:04,1:00,平日勤務
E033,2025/4/30,9:06,18:24,1:00,平日勤務
E033,2025/5/1,9:08,20:35,1:00,平日勤務
E033,2025/5/2,9:09,17:32,1:00,平日勤務
E033,2025/5/7,8:49,17:57,1:00,平日勤務
E033,2025/5/8,9:13,18:12,1:00,平日勤務
E033,2025/5/9,8:45,18:35,1:00,平日勤務
E033,2025/5/11,9:23,16:27,1:00,休日出勤
E033,2025/5/12,9:10,19:54,1:00,平日勤務
E033,2025/5/13,8:48,17:48,1:00,平日勤務
E033,2025/5/14,8:59,19:04,1:00,平日勤務
E033,2025/5/15,9:14,18:25,1:00,平日勤務
E033,2025/5/16,9:06,18:59,1:00,平日勤務
E033,2025/5/19,8:45,18:18,1:00,平日勤務
E033,2025/5/20,9:07,17:34,1:00,平日勤務
E033,2025/5/21,8:50,21:01,1:00,平日勤務
E033,2025/5/22,8:59,17:51,1:00,平日勤務
E033,2025/5/23,8:51,18:13,1:00,平日勤務
E033,2025/5/26,9:05,20:58,1:00,平日勤務
E033,2025/5/27,8:57,21:22,1:00,平日勤務
E033,2025/5/28,9:01,17:51,1:00,平日勤務
E033,2025/5/29,8:48,18:58,1:00,平日勤務
E033,2025/5/30,8:56,17:57,1:00,平日勤務
E033,2025/6/3,9:13,18:57,1:00,平日勤務
E033,2025/6/5,9:12,17:30,1:00,平日勤務
E033,2025/6/6,9:09,19:26,1:00,平日勤務
E033,2025/6/9,8:55,21:48,1:00,平日勤務
E033,2025/6/10,8:52,18:09,1:00,平日勤務
E033,2025/6/11,9:06,17:38,1:00,平日勤務
E033,2025/6/12,9:02,18:19,1:00,平日勤務
E033,2025/6/13,8:47,18:53,1:00,平日勤務
E033,2025/6/16,8:58,17:57,1:00,平日勤務
E033,2025/6/17,9:07,17:52,1:00,平日勤務
E033,2025/6/18,9:01,20:30,1:00,平日勤務
E033,2025/6/20,9:11,17:53,1:00,平日勤務
E033,2025/6/23,8:49,17:43,1:00,平日勤務
E033,2025/6/24,9:00,17:57,1:00,平日勤務
E033,2025/6/25,9:11,18:38,1:00,平日勤務
E033,2025/6/26,9:03,19:14,1:00,平日勤務
E033,2025/6/27,9:10,21:29,1:00,平日勤務
E033,2025/6/30,9:08,17:56,1:00,平日勤務
E033,2025/7/1,8:49,18:21,1:00,平日勤務
E033,2025/7/2,8:58,17:54,1:00,平日勤務
E033,2025/7/3,9:01,19:24,1:00,平日勤務
E033,2025/7/4,9:12,17:38,1:00,平日勤務
E033,2025/7/7,9:09,17:37,1:00,平日勤務
E033,2025/7/8,9:08,19:43,1:00,平日勤務
E033,2025/7/9,9:11,18:09,1:00,平日勤務
E033,2025/7/10,9:01,18:10,1:00,平日勤務
E033,2025/7/11,8:53,17:40,1:00,平日勤務
E033,2025/7/14,9:02,17:50,1:00,平日勤務
E033,2025/7/15,9:11,17:48,1:00,平日勤務
E033,2025/7/16,9:07,17:47,1:00,平日勤務
E033,2025/7/17,9:04,19:32,1:00,平日勤務
E033,2025/7/18,8:52,18:02,1:00,平日勤務
E033,2025/7/21,9:12,17:55,1:00,平日勤務
E033,2025/7/22,8:46,18:15,1:00,平日勤務
E033,2025/7/23,8:48,17:57,1:00,平日勤務
E033,2025/7/24,9:10,17:30,1:00,平日勤務
E033,2025/7/28,9:10,17:51,1:00,平日勤務
E033,2025/7/29,8:51,20:45,1:00,平日勤務
E033,2025/7/30,8:50,18:36,1:00,平日勤務
E033,2025/7/31,8:50,19:39,1:00,平日勤務
E033,2025/8/1,8:54,18:20,1:00,平日勤務
E033,2025/8/4,9:14,19:24,1:00,平日勤務
E033,2025/8/5,8:48,21:32,1:00,平日勤務
E033,2025/8/6,8:51,18:24,1:00,平日勤務
E033,2025/8/7,9:05,18:22,1:00,平日勤務
E033,2025/8/8,9:08,21:54,1:00,平日勤務
E033,2025/8/11,8:52,17:41,1:00,平日勤務
E033,2025/8/12,9:03,18:02,1:00,平日勤務
E033,2025/8/13,9:01,19:29,1:00,平日勤務
E033,2025/8/14,9:14,18:23,1:00,平日勤務
E033,2025/8/15,8:59,18:39,1:00,平日勤務
E033,2025/8/18,8:46,21:41,1:00,平日勤務
E033,2025/8/19,9:06,17:56,1:00,平日勤務
E033,2025/8/20,9:03,17:49,1:00,平日勤務
E033,2025/8/21,9:14,17:35,1:00,平日勤務
E033,2025/8/22,8:59,18:58,1:00,平日勤務
E033,2025/8/25,8:49,18:23,1:00,平日勤務
E033,2025/8/26,8:48,18:27,1:00,平日勤務
E033,2025/8/27,9:04,20:36,1:00,平日勤務
E033,2025/8/28,9:03,18:21,1:00,平日勤務
E033,2025/8/29,8:48,18:28,1:00,平日勤務
E033,2025/9/1,8:53,20:18,1:00,平日勤務
E033,2025/9/3,9:09,18:00,1:00,平日勤務
E033,2025/9/4,9:00,18:22,1:00,平日勤務
E033,2025/9/5,9:00,19:09,1:00,平日勤務
E033,2025/9/8,8:54,18:02,1:00,平日勤務
E033,2025/9/9,9:03,19:57,1:00,平日勤務
E033,2025/9/10,8:58,18:15,1:00,平日勤務
E033,2025/9/11,8:55,18:28,1:00,平日勤務
E033,2025/9/12,8:51,17:32,1:00,平日勤務
E033,2025/9/15,8:47,18:27,1:00,平日勤務
E033,2025/9/16,9:06,18:39,1:00,平日勤務
E033,2025/9/17,9:00,17:49,1:00,平日勤務
E033,2025/9/18,9:01,20:41,1:00,平日勤務
E033,2025/9/19,8:46,18:11,1:00,平日勤務
E033,2025/9/22,8:59,18:15,1:00,平日勤務
E033,2025/9/23,8:53,19:33,1:00,平日勤務
E033,2025/9/25,8:45,18:07,1:00,平日勤務
E033,2025/9/26,8:49,18:23,1:00,平日勤務
E033,2025/9/29,8:50,18:28,1:00,平日勤務
E033,2025/9/30,9:00,18:18,1:00,平日勤務
E033,2025/10/1,8:51,21:16,1:00,平日勤務
E033,2025/10/2,8:56,21:54,1:00,平日勤務
E033,2025/10/3,9:14,18:31,1:00,平日勤務
E033,2025/10/6,9:05,18:13,1:00,平日勤務
E033,2025/10/7,9:09,18:12,1:00,平日勤務
E033,2025/10/8,8:59,20:16,1:00,平日勤務
E033,2025/10/9,8:57,21:06,1:00,平日勤務
E033,2025/10/10,9:00,18:14,1:00,平日勤務
E033,2025/10/13,9:01,17:41,1:00,平日勤務
E033,2025/10/14,8:59,17:38,1:00,平日勤務
E033,2025/10/15,9:11,18:03,1:00,平日勤務
E033,2025/10/16,9:12,17:48,1:00,平日勤務
E033,2025/10/17,9:00,18:50,1:00,平日勤務
E033,2025/10/21,8:47,21:35,1:00,平日勤務
E033,2025/10/22,9:08,17:47,1:00,平日勤務
E033,2025/10/23,8:56,21:57,1:00,平日勤務
E033,2025/10/24,8:49,19:15,1:00,平日勤務
E033,2025/10/27,9:03,18:45,1:00,平日勤務
E033,2025/10/28,9:04,17:42,1:00,平日勤務
E033,2025/10/29,9:00,17:31,1:00,平日勤務
E033,2025/10/30,8:52,17:48,1:00,平日勤務
E033,2025/10/31,8:55,17:30,1:00,平日勤務
E033,2025/11/3,9:11,17:45,1:00,平日勤務
E033,2025/11/4,8:51,17:59,1:00,平日勤務
E033,2025/11/6,9:14,18:40,1:00,平日勤務
E033,2025/11/7,9:00,18:20,1:00,平日勤務
E033,2025/11/10,9:00,18:21,1:00,平日勤務
E033,2025/11/11,9:14,18:38,1:00,平日勤務
E033,2025/11/12,9:06,20:04,1:00,平日勤務
E033,2025/11/13,8:51,18:08,1:00,平日勤務
E033,2025/11/14,9:05,18:08,1:00,平日勤務
E033,2025/11/18,9:12,18:24,1:00,平日勤務
E033,2025/11/19,9:02,17:47,1:00,平日勤務
E033,2025/11/20,9:00,17:54,1:00,平日勤務
E033,2025/11/21,9:07,18:07,1:00,平日勤務
E033,2025/11/24,8:49,17:58,1:00,平日勤務
E033,2025/11/26,9:05,20:35,1:00,平日勤務
E033,2025/11/27,9:12,17:30,1:00,平日勤務
E033,2025/11/28,9:10,18:21,1:00,平日勤務
E033,2025/12/1,8:48,21:01,1:00,平日勤務
E033,2025/12/2,8:55,17:38,1:00,平日勤務
E033,2025/12/3,9:00,17:45,1:00,平日勤務
E033,2025/12/4,8:51,20:36,1:00,平日勤務
E033,2025/12/5,8:57,18:12,1:00,平日勤務
E033,2025/12/8,8:53,18:28,1:00,平日勤務
E033,2025/12/9,9:13,20:48,1:00,平日勤務
E033,2025/12/10,9:01,18:28,1:00,平日勤務
E033,2025/12/11,9:11,18:01,1:00,平日勤務
E033,2025/12/12,9:01,17:46,1:00,平日勤務
E033,2025/12/15,9:01,17:32,1:00,平日勤務
E033,2025/12/16,9:07,17:40,1:00,平日勤務
E033,2025/12/17,8:53,21:52,1:00,平日勤務
E033,2025/12/22,8:49,19:57,1:00,平日勤務
E033,2025/12/23,9:02,19:22,1:00,平日勤務
E033,2025/12/24,9:14,17:51,1:00,平日勤務
E033,2025/12/25,8:58,18:21,1:00,平日勤務
E033,2025/12/26,9:09,18:02,1:00,平日勤務
E033,2025/12/31,9:03,17:35,1:00,平日勤務
E034,2025/1/1,9:01,17:31,1:00,平日勤務
E034,2025/1/2,8:48,18:36,1:00,平日勤務
E034,2025/1/3,8:52,17:45,1:00,平日勤務
E034,2025/1/7,8:51,18:05,1:00,平日勤務
E034,2025/1/9,9:09,19:27,1:00,平日勤務
E034,2025/1/10,8:58,18:13,1:00,平日勤務
E034,2025/1/13,9:14,20:55,1:00,平日勤務
E034,2025/1/14,9:10,17:44,1:00,平日勤務
E034,2025/1/15,8:50,18:30,1:00,平日勤務
E034,2025/1/16,8:49,17:40,1:00,平日勤務
E034,2025/1/20,9:14,17:34,1:00,平日勤務
E034,2025/1/21,9:03,18:22,1:00,平日勤務
E034,2025/1/22,8:55,17:34,1:00,平日勤務
E034,2025/1/23,9:12,17:35,1:00,平日勤務
E034,2025/1/24,8:50,17:45,1:00,平日勤務
E034,2025/1/27,8:47,19:09,1:00,平日勤務
E034,2025/1/28,9:05,21:46,1:00,平日勤務
E034,2025/1/29,8:45,17:40,1:00,平日勤務
E034,2025/1/30,8:50,17:43,1:00,平日勤務
E034,2025/1/31,8:55,18:08,1:00,平日勤務
E034,2025/2/3,8:51,17:50,1:00,平日勤務
E034,2025/2/4,9:10,18:26,1:00,平日勤務
E034,2025/2/5,9:07,18:22,1:00,平日勤務
E034,2025/2/6,8:53,18:01,1:00,平日勤務
E034,2025/2/7,8:57,17:30,1:00,平日勤務
E034,2025/2/11,9:13,18:07,1:00,平日勤務
E034,2025/2/12,9:12,18:27,1:00,平日勤務
E034,2025/2/13,8:59,17:57,1:00,平日勤務
E034,2025/2/14,9:10,21:53,1:00,平日勤務
E034,2025/2/17,8:50,19:34,1:00,平日勤務
E034,2025/2/18,9:10,18:19,1:00,平日勤務
E034,2025/2/19,8:54,17:33,1:00,平日勤務
E034,2025/2/20,8:45,18:26,1:00,平日勤務
E034,2025/2/21,8:52,17:36,1:00,平日勤務
E034,2025/2/24,9:00,18:23,1:00,平日勤務
E034,2025/2/25,8:55,18:24,1:00,平日勤務
E034,2025/2/26,8:51,21:37,1:00,平日勤務
E034,2025/2/27,9:04,18:19,1:00,平日勤務
E034,2025/2/28,8:54,19:26,1:00,平日勤務
E034,2025/3/3,8:47,18:03,1:00,平日勤務
E034,2025/3/4,9:04,18:42,1:00,平日勤務
E034,2025/3/5,9:03,18:12,1:00,平日勤務
E034,2025/3/6,9:01,18:15,1:00,平日勤務
E034,2025/3/7,9:14,20:16,1:00,平日勤務
E034,2025/3/10,8:48,18:21,1:00,平日勤務
E034,2025/3/11,9:11,19:06,1:00,平日勤務
E034,2025/3/12,9:07,18:17,1:00,平日勤務
E034,2025/3/13,9:00,17:47,1:00,平日勤務
E034,2025/3/17,8:54,19:52,1:00,平日勤務
E034,2025/3/18,8:52,18:13,1:00,平日勤務
E034,2025/3/19,9:08,18:26,1:00,平日勤務
E034,2025/3/21,9:03,19:57,1:00,平日勤務
E034,2025/3/24,8:51,17:32,1:00,平日勤務
E034,2025/3/25,8:54,18:58,1:00,平日勤務
E034,2025/3/26,8:52,18:52,1:00,平日勤務
E034,2025/3/27,8:57,17:48,1:00,平日勤務
E034,2025/3/28,8:46,18:11,1:00,平日勤務
E034,2025/3/31,9:05,17:46,1:00,平日勤務
E034,2025/4/1,8:57,20:26,1:00,平日勤務
E034,2025/4/2,9:04,17:40,1:00,平日勤務
E034,2025/4/3,9:05,17:46,1:00,平日勤務
E034,2025/4/4,8:45,19:54,1:00,平日勤務
E034,2025/4/7,9:01,17:32,1:00,平日勤務
E034,2025/4/8,8:50,17:57,1:00,平日勤務
E034,2025/4/9,8:46,17:51,1:00,平日勤務
E034,2025/4/10,8:46,18:41,1:00,平日勤務
E034,2025/4/11,8:55,17:49,1:00,平日勤務
E034,2025/4/14,9:04,19:22,1:00,平日勤務
E034,2025/4/15,9:02,21:15,1:00,平日勤務
E034,2025/4/16,9:01,18:48,1:00,平日勤務
E034,2025/4/17,8:45,18:08,1:00,平日勤務
E034,2025/4/18,9:08,18:38,1:00,平日勤務
E034,2025/4/21,8:59,18:01,1:00,平日勤務
E034,2025/4/22,8:59,19:11,1:00,平日勤務
E034,2025/4/23,9:12,17:37,1:00,平日勤務
E034,2025/4/24,9:03,18:05,1:00,平日勤務
E034,2025/4/25,9:01,17:49,1:00,平日勤務
E034,2025/4/28,9:01,17:56,1:00,平日勤務
E034,2025/4/29,8:53,18:09,1:00,平日勤務
E034,2025/4/30,8:50,17:53,1:00,平日勤務
E034,2025/5/1,9:11,18:13,1:00,平日勤務
E034,2025/5/2,9:10,20:25,1:00,平日勤務
E034,2025/5/5,8:54,21:27,1:00,平日勤務
E034,2025/5/6,8:58,18:06,1:00,平日勤務
E034,2025/5/7,8:52,19:39,1:00,平日勤務
E034,2025/5/8,9:13,18:51,1:00,平日勤務
E034,2025/5/9,9:04,18:25,1:00,平日勤務
E034,2025/5/12,8:49,17:41,1:00,平日勤務
E034,2025/5/13,9:04,21:53,1:00,平日勤務
E034,2025/5/14,9:03,17:38,1:00,平日勤務
E034,2025/5/15,9:11,18:19,1:00,平日勤務
E034,2025/5/16,8:46,19:11,1:00,平日勤務
E034,2025/5/19,8:53,18:26,1:00,平日勤務
E034,2025/5/20,9:12,17:51,1:00,平日勤務
E034,2025/5/21,8:56,17:38,1:00,平日勤務
E034,2025/5/22,8:49,21:49,1:00,平日勤務
E034,2025/5/23,9:00,17:46,1:00,平日勤務
E034,2025/5/26,9:14,18:25,1:00,平日勤務
E034,2025/5/27,8:49,18:51,1:00,平日勤務
E034,2025/5/29,9:00,19:41,1:00,平日勤務
E034,2025/5/30,9:02,18:38,1:00,平日勤務
E034,2025/6/2,8:52,21:00,1:00,平日勤務
E034,2025/6/3,9:03,18:56,1:00,平日勤務
E034,2025/6/5,8:55,18:06,1:00,平日勤務
E034,2025/6/6,8:53,20:45,1:00,平日勤務
E034,2025/6/9,8:45,17:36,1:00,平日勤務
E034,2025/6/10,9:08,18:25,1:00,平日勤務
E034,2025/6/11,9:12,18:17,1:00,平日勤務
E034,2025/6/12,9:12,17:35,1:00,平日勤務
E034,2025/6/13,8:52,18:14,1:00,平日勤務
E034,2025/6/17,8:54,18:12,1:00,平日勤務
E034,2025/6/18,9:14,17:30,1:00,平日勤務
E034,2025/6/19,9:08,17:48,1:00,平日勤務
E034,2025/6/20,8:45,18:22,1:00,平日勤務
E034,2025/6/23,8:59,17:33,1:00,平日勤務
E034,2025/6/24,8:52,19:19,1:00,平日勤務
E034,2025/6/25,8:47,19:40,1:00,平日勤務
E034,2025/6/26,9:06,17:49,1:00,平日勤務
E034,2025/6/29,10:24,18:31,1:00,休日出勤
E034,2025/6/30,8:50,17:52,1:00,平日勤務
E034,2025/7/1,9:01,18:17,1:00,平日勤務
E034,2025/7/2,9:13,17:42,1:00,平日勤務
E034,2025/7/3,9:07,18:02,1:00,平日勤務
E034,2025/7/4,8:55,17:54,1:00,平日勤務
E034,2025/7/7,9:12,18:07,1:00,平日勤務
E034,2025/7/8,9:03,17:40,1:00,平日勤務
E034,2025/7/9,9:11,18:42,1:00,平日勤務
E034,2025/7/10,8:53,18:10,1:00,平日勤務
E034,2025/7/11,8:49,18:21,1:00,平日勤務
E034,2025/7/15,9:01,17:48,1:00,平日勤務
E034,2025/7/16,9:01,18:28,1:00,平日勤務
E034,2025/7/17,9:01,18:21,1:00,平日勤務
E034,2025/7/18,9:06,17:58,1:00,平日勤務
E034,2025/7/21,9:08,18:30,1:00,平日勤務
E034,2025/7/22,8:56,18:08,1:00,平日勤務
E034,2025/7/24,8:46,17:40,1:00,平日勤務
E034,2025/7/29,8:52,20:38,1:00,平日勤務
E034,2025/7/30,8:52,20:35,1:00,平日勤務
E034,2025/7/31,8:47,17:38,1:00,平日勤務
E034,2025/8/1,8:55,17:34,1:00,平日勤務
E034,2025/8/4,9:11,20:41,1:00,平日勤務
E034,2025/8/6,8:57,17:49,1:00,平日勤務
E034,2025/8/7,8:48,18:20,1:00,平日勤務
E034,2025/8/8,8:49,17:36,1:00,平日勤務
E034,2025/8/11,9:09,20:28,1:00,平日勤務
E034,2025/8/12,8:52,17:56,1:00,平日勤務
E034,2025/8/13,9:08,18:28,1:00,平日勤務
E034,2025/8/14,8:45,18:22,1:00,平日勤務
E034,2025/8/15,9:11,19:44,1:00,平日勤務
E034,2025/8/18,9:07,17:56,1:00,平日勤務
E034,2025/8/19,8:56,20:30,1:00,平日勤務
E034,2025/8/20,9:03,17:57,1:00,平日勤務
E034,2025/8/21,9:07,20:47,1:00,平日勤務
E034,2025/8/22,8:59,17:54,1:00,平日勤務
E034,2025/8/25,9:03,18:04,1:00,平日勤務
E034,2025/8/27,9:00,18:39,1:00,平日勤務
E034,2025/8/28,9:05,18:48,1:00,平日勤務
E034,2025/8/29,8:59,18:01,1:00,平日勤務
E034,2025/9/1,9:13,17:38,1:00,平日勤務
E034,2025/9/2,8:47,18:27,1:00,平日勤務
E034,2025/9/3,8:51,17:41,1:00,平日勤務
E034,2025/9/4,9:06,17:42,1:00,平日勤務
E034,2025/9/5,9:03,19:52,1:00,平日勤務
E034,2025/9/8,8:52,20:32,1:00,平日勤務
E034,2025/9/9,8:58,18:58,1:00,平日勤務
E034,2025/9/10,9:11,18:05,1:00,平日勤務
E034,2025/9/11,9:11,21:17,1:00,平日勤務
E034,2025/9/12,9:09,18:29,1:00,平日勤務
E034,2025/9/15,8:54,17:41,1:00,平日勤務
E034,2025/9/16,8:54,18:48,1:00,平日勤務
E034,2025/9/17,9:00,17:59,1:00,平日勤務
E034,2025/9/18,9:02,18:15,1:00,平日勤務
E034,2025/9/19,9:06,17:49,1:00,平日勤務
E034,2025/9/22,8:55,17:35,1:00,平日勤務
E034,2025/9/23,8:54,19:19,1:00,平日勤務
E034,2025/9/24,8:53,18:03,1:00,平日勤務
E034,2025/9/25,9:05,17:37,1:00,平日勤務
E034,2025/9/26,9:12,18:21,1:00,平日勤務
E034,2025/9/30,8:57,18:07,1:00,平日勤務
E034,2025/10/1,9:00,18:03,1:00,平日勤務
E034,2025/10/2,8:57,18:14,1:00,平日勤務
E034,2025/10/7,9:00,18:22,1:00,平日勤務
E034,2025/10/8,9:02,18:23,1:00,平日勤務
E034,2025/10/9,8:58,18:36,1:00,平日勤務
E034,2025/10/10,8:59,17:32,1:00,平日勤務
E034,2025/10/13,8:59,19:40,1:00,平日勤務
E034,2025/10/14,9:08,18:02,1:00,平日勤務
E034,2025/10/15,8:48,18:11,1:00,平日勤務
E034,2025/10/16,8:54,17:56,1:00,平日勤務
E034,2025/10/17,8:52,18:23,1:00,平日勤務
E034,2025/10/21,8:49,18:46,1:00,平日勤務
E034,2025/10/22,9:11,18:28,1:00,平日勤務
E034,2025/10/23,8:45,21:14,1:00,平日勤務
E034,2025/10/24,9:10,17:53,1:00,平日勤務
E034,2025/10/27,8:51,18:08,1:00,平日勤務
E034,2025/10/28,8:47,19:35,1:00,平日勤務
E034,2025/10/29,9:05,18:08,1:00,平日勤務
E034,2025/10/30,9:02,17:34,1:00,平日勤務
E034,2025/10/31,9:08,18:55,1:00,平日勤務
E034,2025/11/3,9:02,17:53,1:00,平日勤務
E034,2025/11/5,8:53,18:35,1:00,平日勤務
E034,2025/11/6,9:10,18:03,1:00,平日勤務
E034,2025/11/7,9:07,18:21,1:00,平日勤務
E034,2025/11/10,9:12,18:07,1:00,平日勤務
E034,2025/11/11,8:45,17:56,1:00,平日勤務
E034,2025/11/12,9:11,17:52,1:00,平日勤務
E034,2025/11/13,8:55,19:44,1:00,平日勤務
E034,2025/11/14,9:11,19:03,1:00,平日勤務
E034,2025/11/17,9:14,19:29,1:00,平日勤務
E034,2025/11/18,9:03,18:04,1:00,平日勤務
E034,2025/11/19,9:07,17:31,1:00,平日勤務
E034,2025/11/20,9:03,17:58,1:00,平日勤務
E034,2025/11/21,9:08,17:53,1:00,平日勤務
E034,2025/11/24,8:57,18:03,1:00,平日勤務
E034,2025/11/25,9:14,19:11,1:00,平日勤務
E034,2025/11/27,9:08,18:55,1:00,平日勤務
E034,2025/11/28,8:54,17:34,1:00,平日勤務
E034,2025/12/2,8:47,17:58,1:00,平日勤務
E034,2025/12/3,8:56,17:37,1:00,平日勤務
E034,2025/12/4,9:11,18:32,1:00,平日勤務
E034,2025/12/5,9:10,18:57,1:00,平日勤務
E034,2025/12/8,8:52,17:47,1:00,平日勤務
E034,2025/12/9,8:48,21:47,1:00,平日勤務
E034,2025/12/10,8:54,18:45,1:00,平日勤務
E034,2025/12/11,8:53,17:41,1:00,平日勤務
E034,2025/12/12,8:50,17:42,1:00,平日勤務
E034,2025/12/15,8:59,17:55,1:00,平日勤務
E034,2025/12/16,8:50,18:28,1:00,平日勤務
E034,2025/12/17,9:14,18:19,1:00,平日勤務
E034,2025/12/18,9:09,20:29,1:00,平日勤務
E034,2025/12/22,8:56,18:05,1:00,平日勤務
E034,2025/12/23,8:45,18:34,1:00,平日勤務
E034,2025/12/24,8:59,18:43,1:00,平日勤務
E034,2025/12/26,8:55,18:18,1:00,平日勤務
E034,2025/12/29,9:01,20:17,1:00,平日勤務
E034,2025/12/31,9:14,20:31,1:00,平日勤務
E035,2025/1/1,9:12,20:24,1:00,平日勤務
E035,2025/1/2,9:04,21:31,1:00,平日勤務
E035,2025/1/3,8:46,17:51,1:00,平日勤務
E035,2025/1/6,9:07,20:16,1:00,平日勤務
E035,2025/1/7,9:08,20:21,1:00,平日勤務
E035,2025/1/8,9:04,18:53,1:00,平日勤務
E035,2025/1/9,8:49,18:41,1:00,平日勤務
E035,2025/1/10,8:58,19:47,1:00,平日勤務
E035,2025/1/13,8:50,21:39,1:00,平日勤務
E035,2025/1/14,8:48,17:51,1:00,平日勤務
E035,2025/1/15,9:00,18:03,1:00,平日勤務
E035,2025/1/16,9:09,18:51,1:00,平日勤務
E035,2025/1/17,9:12,18:30,1:00,平日勤務
E035,2025/1/20,8:45,19:43,1:00,平日勤務
E035,2025/1/21,9:14,18:22,1:00,平日勤務
E035,2025/1/22,8:57,17:42,1:00,平日勤務
E035,2025/1/24,9:11,19:20,1:00,平日勤務
E035,2025/1/27,9:01,17:33,1:00,平日勤務
E035,2025/1/28,9:09,17:50,1:00,平日勤務
E035,2025/1/29,8:51,18:19,1:00,平日勤務
E035,2025/1/30,9:04,18:36,1:00,平日勤務
E035,2025/1/31,8:57,18:19,1:00,平日勤務
E035,2025/2/3,9:02,17:51,1:00,平日勤務
E035,2025/2/4,9:02,19:03,1:00,平日勤務
E035,2025/2/5,9:13,19:01,1:00,平日勤務
E035,2025/2/6,9:13,18:01,1:00,平日勤務
E035,2025/2/7,9:08,18:04,1:00,平日勤務
E035,2025/2/10,8:55,18:20,1:00,平日勤務
E035,2025/2/11,8:55,20:03,1:00,平日勤務
E035,2025/2/13,9:00,21:08,1:00,平日勤務
E035,2025/2/14,9:13,21:20,1:00,平日勤務
E035,2025/2/17,9:07,17:34,1:00,平日勤務
E035,2025/2/18,9:01,18:58,1:00,平日勤務
E035,2025/2/19,9:08,17:38,1:00,平日勤務
E035,2025/2/20,9:10,18:42,1:00,平日勤務
E035,2025/2/21,8:59,19:22,1:00,平日勤務
E035,2025/2/24,9:05,18:41,1:00,平日勤務
E035,2025/2/25,8:56,19:00,1:00,平日勤務
E035,2025/2/26,8:45,19:25,1:00,平日勤務
E035,2025/2/27,8:58,17:58,1:00,平日勤務
E035,2025/3/3,9:02,17:38,1:00,平日勤務
E035,2025/3/4,8:59,19:29,1:00,平日勤務
E035,2025/3/5,8:45,18:55,1:00,平日勤務
E035,2025/3/6,8:56,17:46,1:00,平日勤務
E035,2025/3/7,9:14,18:07,1:00,平日勤務
E035,2025/3/11,9:05,20:17,1:00,平日勤務
E035,2025/3/12,8:48,20:28,1:00,平日勤務
E035,2025/3/13,8:57,18:55,1:00,平日勤務
E035,2025/3/17,9:09,21:19,1:00,平日勤務
E035,2025/3/18,9:06,21:52,1:00,平日勤務
E035,2025/3/19,9:00,18:12,1:00,平日勤務
E035,2025/3/20,9:04,17:44,1:00,平日勤務
E035,2025/3/21,8:45,20:44,1:00,平日勤務
E035,2025/3/24,9:04,18:21,1:00,平日勤務
E035,2025/3/25,8:48,18:58,1:00,平日勤務
E035,2025/3/26,8:55,18:24,1:00,平日勤務
E035,2025/3/27,8:54,19:02,1:00,平日勤務
E035,2025/3/28,9:11,21:56,1:00,平日勤務
E035,2025/3/30,9:03,18:54,1:00,休日出勤
E035,2025/3/31,9:01,18:58,1:00,平日勤務
E035,2025/4/1,9:14,18:32,1:00,平日勤務
E035,2025/4/2,9:11,18:08,1:00,平日勤務
E035,2025/4/3,9:07,18:09,1:00,平日勤務
E035,2025/4/4,9:13,18:21,1:00,平日勤務
E035,2025/4/7,8:55,19:44,1:00,平日勤務
E035,2025/4/8,8:49,18:30,1:00,平日勤務
E035,2025/4/9,9:00,17:58,1:00,平日勤務
E035,2025/4/11,9:05,18:04,1:00,平日勤務
E035,2025/4/14,8:53,19:23,1:00,平日勤務
E035,2025/4/15,8:48,17:47,1:00,平日勤務
E035,2025/4/16,9:05,19:44,1:00,平日勤務
E035,2025/4/17,9:14,18:04,1:00,平日勤務
E035,2025/4/21,8:57,18:11,1:00,平日勤務
E035,2025/4/22,8:50,18:02,1:00,平日勤務
E035,2025/4/23,8:48,21:33,1:00,平日勤務
E035,2025/4/24,8:57,18:27,1:00,平日勤務
E035,2025/4/25,9:00,18:39,1:00,平日勤務
E035,2025/4/28,8:58,18:14,1:00,平日勤務
E035,2025/4/29,8:49,17:50,1:00,平日勤務
E035,2025/4/30,9:01,17:41,1:00,平日勤務
E035,2025/5/1,8:46,17:49,1:00,平日勤務
E035,2025/5/2,8:57,17:51,1:00,平日勤務
E035,2025/5/5,8:47,17:37,1:00,平日勤務
E035,2025/5/6,8:46,19:52,1:00,平日勤務
E035,2025/5/7,8:54,17:53,1:00,平日勤務
E035,2025/5/8,9:08,18:16,1:00,平日勤務
E035,2025/5/9,8:56,21:21,1:00,平日勤務
E035,2025/5/12,8:56,20:42,1:00,平日勤務
E035,2025/5/13,8:48,17:50,1:00,平日勤務
E035,2025/5/14,8:56,17:32,1:00,平日勤務
E035,2025/5/15,9:00,17:40,1:00,平日勤務
E035,2025/5/16,9:06,19:20,1:00,平日勤務
E035,2025/5/19,8:47,17:43,1:00,平日勤務
E035,2025/5/20,8:53,17:58,1:00,平日勤務
E035,2025/5/21,8:47,17:38,1:00,平日勤務
E035,2025/5/22,8:48,18:15,1:00,平日勤務
E035,2025/5/23,8:53,18:46,1:00,平日勤務
E035,2025/5/27,9:05,17:42,1:00,平日勤務
E035,2025/5/28,9:10,21:31,1:00,平日勤務
E035,2025/5/29,8:49,21:53,1:00,平日勤務
E035,2025/5/30,9:05,18:25,1:00,平日勤務
E035,2025/6/2,9:01,17:50,1:00,平日勤務
E035,2025/6/3,9:06,18:29,1:00,平日勤務
E035,2025/6/4,8:57,19:24,1:00,平日勤務
E035,2025/6/5,8:59,18:05,1:00,平日勤務
E035,2025/6/6,9:04,17:54,1:00,平日勤務
E035,2025/6/9,9:14,21:47,1:00,平日勤務
E035,2025/6/10,9:01,17:36,1:00,平日勤務
E035,2025/6/11,8:45,21:34,1:00,平日勤務
E035,2025/6/12,8:55,18:08,1:00,平日勤務
E035,2025/6/13,9:07,20:42,1:00,平日勤務
E035,2025/6/16,9:06,17:47,1:00,平日勤務
E035,2025/6/17,9:03,18:14,1:00,平日勤務
E035,2025/6/18,9:05,17:35,1:00,平日勤務
E035,2025/6/19,8:49,21:19,1:00,平日勤務
E035,2025/6/20,8:48,18:22,1:00,平日勤務
E035,2025/6/23,9:01,21:55,1:00,平日勤務
E035,2025/6/24,8:46,17:45,1:00,平日勤務
E035,2025/6/25,8:57,17:46,1:00,平日勤務
E035,2025/6/26,9:08,18:09,1:00,平日勤務
E035,2025/6/27,9:02,18:52,1:00,平日勤務
E035,2025/6/30,9:03,18:16,1:00,平日勤務
E035,2025/7/1,9:08,18:24,1:00,平日勤務
E035,2025/7/2,9:07,18:21,1:00,平日勤務
E035,2025/7/3,9:13,21:54,1:00,平日勤務
E035,2025/7/4,9:14,18:15,1:00,平日勤務
E035,2025/7/7,9:03,20:45,1:00,平日勤務
E035,2025/7/8,9:11,17:50,1:00,平日勤務
E035,2025/7/9,9:02,21:40,1:00,平日勤務
E035,2025/7/10,9:13,18:48,1:00,平日勤務
E035,2025/7/11,9:04,19:44,1:00,平日勤務
E035,2025/7/14,8:51,17:33,1:00,平日勤務
E035,2025/7/15,9:12,19:40,1:00,平日勤務
E035,2025/7/16,8:47,18:47,1:00,平日勤務
E035,2025/7/17,8:49,18:41,1:00,平日勤務
E035,2025/7/18,9:09,18:09,1:00,平日勤務
E035,2025/7/21,9:11,18:44,1:00,平日勤務
E035,2025/7/22,9:00,18:50,1:00,平日勤務
E035,2025/7/23,9:04,20:46,1:00,平日勤務
E035,2025/7/24,9:08,19:18,1:00,平日勤務
E035,2025/7/28,8:53,18:00,1:00,平日勤務
E035,2025/7/29,8:58,21:16,1:00,平日勤務
E035,2025/7/30,9:07,18:28,1:00,平日勤務
E035,2025/7/31,9:06,18:29,1:00,平日勤務
E035,2025/8/1,8:49,19:23,1:00,平日勤務
E035,2025/8/4,8:59,21:56,1:00,平日勤務
E035,2025/8/5,8:48,20:00,1:00,平日勤務
E035,2025/8/6,9:12,18:12,1:00,平日勤務
E035,2025/8/7,9:04,18:23,1:00,平日勤務
E035,2025/8/8,9:03,21:16,1:00,平日勤務
E035,2025/8/11,8:54,17:31,1:00,平日勤務
E035,2025/8/14,9:13,18:07,1:00,平日勤務
E035,2025/8/15,8:51,18:58,1:00,平日勤務
E035,2025/8/19,8:54,17:40,1:00,平日勤務
E035,2025/8/20,8:52,21:36,1:00,平日勤務
E035,2025/8/21,9:04,17:40,1:00,平日勤務
E035,2025/8/22,9:07,18:05,1:00,平日勤務
E035,2025/8/25,8:52,18:52,1:00,平日勤務
E035,2025/8/26,9:14,20:12,1:00,平日勤務
E035,2025/8/27,8:53,17:58,1:00,平日勤務
E035,2025/8/28,8:58,18:57,1:00,平日勤務
E035,2025/8/29,8:59,17:42,1:00,平日勤務
E035,2025/9/1,9:14,17:41,1:00,平日勤務
E035,2025/9/2,9:08,18:59,1:00,平日勤務
E035,2025/9/4,9:06,17:49,1:00,平日勤務
E035,2025/9/5,9:00,19:26,1:00,平日勤務
E035,2025/9/8,9:01,18:21,1:00,平日勤務
E035,2025/9/9,8:47,20:49,1:00,平日勤務
E035,2025/9/11,8:54,17:50,1:00,平日勤務
E035,2025/9/15,8:49,18:49,1:00,平日勤務
E035,2025/9/16,8:58,19:35,1:00,平日勤務
E035,2025/9/17,9:03,17:54,1:00,平日勤務
E035,2025/9/18,8:51,17:40,1:00,平日勤務
E035,2025/9/19,8:56,18:22,1:00,平日勤務
E035,2025/9/22,9:00,17:57,1:00,平日勤務
E035,2025/9/23,8:56,17:53,1:00,平日勤務
E035,2025/9/24,9:05,21:42,1:00,平日勤務
E035,2025/9/25,9:11,18:58,1:00,平日勤務
E035,2025/9/26,8:58,18:19,1:00,平日勤務
E035,2025/9/29,9:04,18:47,1:00,平日勤務
E035,2025/9/30,8:52,17:38,1:00,平日勤務
E035,2025/10/1,8:52,17:51,1:00,平日勤務
E035,2025/10/2,8:46,19:06,1:00,平日勤務
E035,2025/10/3,8:59,17:44,1:00,平日勤務
E035,2025/10/6,9:08,17:34,1:00,平日勤務
E035,2025/10/7,8:45,18:08,1:00,平日勤務
E035,2025/10/8,9:00,17:35,1:00,平日勤務
E035,2025/10/9,8:57,17:49,1:00,平日勤務
E035,2025/10/10,8:49,19:54,1:00,平日勤務
E035,2025/10/13,9:14,18:11,1:00,平日勤務
E035,2025/10/14,8:45,17:54,1:00,平日勤務
E035,2025/10/15,8:50,18:57,1:00,平日勤務
E035,2025/10/16,9:09,21:34,1:00,平日勤務
E035,2025/10/17,8:53,21:44,1:00,平日勤務
E035,2025/10/20,8:47,17:45,1:00,平日勤務
E035,2025/10/21,9:12,21:15,1:00,平日勤務
E035,2025/10/22,8:46,17:45,1:00,平日勤務
E035,2025/10/23,8:58,19:59,1:00,平日勤務
E035,2025/10/24,8:56,20:20,1:00,平日勤務
E035,2025/10/27,8:50,18:47,1:00,平日勤務
E035,2025/10/28,8:45,18:42,1:00,平日勤務
E035,2025/10/29,9:00,19:07,1:00,平日勤務
E035,2025/10/30,8:55,18:04,1:00,平日勤務
E035,2025/11/1,9:15,17:29,1:00,休日出勤
E035,2025/11/3,9:10,21:33,1:00,平日勤務
E035,2025/11/4,8:55,18:48,1:00,平日勤務
E035,2025/11/6,8:57,17:35,1:00,平日勤務
E035,2025/11/10,8:57,18:00,1:00,平日勤務
E035,2025/11/12,8:54,18:59,1:00,平日勤務
E035,2025/11/13,9:04,17:49,1:00,平日勤務
E035,2025/11/14,8:59,18:28,1:00,平日勤務
E035,2025/11/17,9:06,19:14,1:00,平日勤務
E035,2025/11/19,8:53,21:41,1:00,平日勤務
E035,2025/11/20,8:54,20:09,1:00,平日勤務
E035,2025/11/21,8:49,19:11,1:00,平日勤務
E035,2025/11/24,9:05,18:00,1:00,平日勤務
E035,2025/11/26,9:14,21:52,1:00,平日勤務
E035,2025/11/27,9:11,17:52,1:00,平日勤務
E035,2025/11/28,8:54,21:45,1:00,平日勤務
E035,2025/12/1,8:45,18:12,1:00,平日勤務
E035,2025/12/2,8:49,18:00,1:00,平日勤務
E035,2025/12/3,8:53,18:21,1:00,平日勤務
E035,2025/12/4,9:08,18:27,1:00,平日勤務
E035,2025/12/5,8:52,18:13,1:00,平日勤務
E035,2025/12/8,8:55,17:56,1:00,平日勤務
E035,2025/12/9,8:47,18:29,1:00,平日勤務
E035,2025/12/10,8:51,17:42,1:00,平日勤務
E035,2025/12/11,8:57,19:08,1:00,平日勤務
E035,2025/12/12,9:07,17:34,1:00,平日勤務
E035,2025/12/14,9:07,16:33,1:00,休日出勤
E035,2025/12/15,8:50,18:26,1:00,平日勤務
E035,2025/12/16,8:54,18:21,1:00,平日勤務
E035,2025/12/17,9:08,18:10,1:00,平日勤務
E035,2025/12/18,9:03,19:24,1:00,平日勤務
E035,2025/12/22,8:55,20:41,1:00,平日勤務
E035,2025/12/24,9:04,18:05,1:00,平日勤務
E035,2025/12/25,9:13,17:59,1:00,平日勤務
E035,2025/12/26,9:05,18:27,1:00,平日勤務
E035,2025/12/27,9:08,18:16,1:00,休日出勤
E035,2025/12/29,9:10,17:40,1:00,平日勤務
E035,2025/12/30,8:57,18:38,1:00,平日勤務
E035,2025/12/31,8:50,18:24,1:00,平日勤務
E036,2025/1/1,9:08,17:41,1:00,平日勤務
E036,2025/1/2,8:52,20:14,1:00,平日勤務
E036,2025/1/3,8:56,18:12,1:00,平日勤務
E036,2025/1/6,8:49,18:34,1:00,平日勤務
E036,2025/1/7,8:57,21:47,1:00,平日勤務
E036,2025/1/9,9:03,17:52,1:00,平日勤務
E036,2025/1/10,8:48,18:26,1:00,平日勤務
E036,2025/1/13,8:58,17:41,1:00,平日勤務
E036,2025/1/14,8:51,19:33,1:00,平日勤務
E036,2025/1/15,9:06,17:55,1:00,平日勤務
E036,2025/1/16,9:03,18:34,1:00,平日勤務
E036,2025/1/17,9:06,20:30,1:00,平日勤務
E036,2025/1/18,10:01,18:47,1:00,休日出勤
E036,2025/1/20,9:13,18:11,1:00,平日勤務
E036,2025/1/21,9:02,17:54,1:00,平日勤務
E036,2025/1/24,8:47,18:08,1:00,平日勤務
E036,2025/1/27,8:59,18:19,1:00,平日勤務
E036,2025/1/28,9:02,18:09,1:00,平日勤務
E036,2025/1/29,8:51,21:58,1:00,平日勤務
E036,2025/1/30,9:02,17:51,1:00,平日勤務
E036,2025/1/31,9:11,18:57,1:00,平日勤務
E036,2025/2/3,9:05,17:53,1:00,平日勤務
E036,2025/2/4,9:10,17:58,1:00,平日勤務
E036,2025/2/5,8:51,18:13,1:00,平日勤務
E036,2025/2/6,9:05,18:43,1:00,平日勤務
E036,2025/2/7,9:12,17:44,1:00,平日勤務
E036,2025/2/10,9:07,18:04,1:00,平日勤務
E036,2025/2/11,9:01,18:08,1:00,平日勤務
E036,2025/2/13,8:56,18:02,1:00,平日勤務
E036,2025/2/16,10:12,18:17,1:00,休日出勤
E036,2025/2/17,9:00,18:05,1:00,平日勤務
E036,2025/2/18,8:46,17:44,1:00,平日勤務
E036,2025/2/19,9:07,17:37,1:00,平日勤務
E036,2025/2/20,8:53,17:34,1:00,平日勤務
E036,2025/2/21,9:05,18:19,1:00,平日勤務
E036,2025/2/24,9:03,17:31,1:00,平日勤務
E036,2025/2/25,8:59,19:14,1:00,平日勤務
E036,2025/2/26,9:14,19:29,1:00,平日勤務
E036,2025/2/27,8:59,17:32,1:00,平日勤務
E036,2025/2/28,8:51,17:52,1:00,平日勤務
E036,2025/3/3,8:52,17:42,1:00,平日勤務
E036,2025/3/5,9:11,18:36,1:00,平日勤務
E036,2025/3/6,8:47,18:26,1:00,平日勤務
E036,2025/3/7,8:54,18:09,1:00,平日勤務
E036,2025/3/11,8:58,19:38,1:00,平日勤務
E036,2025/3/12,8:56,21:53,1:00,平日勤務
E036,2025/3/13,8:45,18:29,1:00,平日勤務
E036,2025/3/14,9:07,21:44,1:00,平日勤務
E036,2025/3/17,9:08,17:55,1:00,平日勤務
E036,2025/3/18,9:09,17:49,1:00,平日勤務
E036,2025/3/19,9:05,18:01,1:00,平日勤務
E036,2025/3/20,9:11,19:13,1:00,平日勤務
E036,2025/3/21,9:05,20:02,1:00,平日勤務
E036,2025/3/24,8:45,21:13,1:00,平日勤務
E036,2025/3/25,8:57,18:20,1:00,平日勤務
E036,2025/3/27,9:02,19:45,1:00,平日勤務
E036,2025/3/28,9:09,18:21,1:00,平日勤務
E036,2025/3/31,9:11,21:12,1:00,平日勤務
E036,2025/4/1,8:54,17:51,1:00,平日勤務
E036,2025/4/2,9:11,21:37,1:00,平日勤務
E036,2025/4/3,9:06,17:34,1:00,平日勤務
E036,2025/4/4,8:52,18:27,1:00,平日勤務
E036,2025/4/7,8:52,18:59,1:00,平日勤務
E036,2025/4/8,9:06,18:09,1:00,平日勤務
E036,2025/4/9,8:52,20:35,1:00,平日勤務
E036,2025/4/10,9:11,18:02,1:00,平日勤務
E036,2025/4/11,9:05,17:33,1:00,平日勤務
E036,2025/4/14,9:08,17:56,1:00,平日勤務
E036,2025/4/15,9:12,17:57,1:00,平日勤務
E036,2025/4/16,8:54,18:11,1:00,平日勤務
E036,2025/4/17,8:51,18:20,1:00,平日勤務
E036,2025/4/18,8:59,17:36,1:00,平日勤務
E036,2025/4/21,8:59,18:23,1:00,平日勤務
E036,2025/4/22,9:01,18:57,1:00,平日勤務
E036,2025/4/23,9:07,17:36,1:00,平日勤務
E036,2025/4/24,9:11,18:56,1:00,平日勤務
E036,2025/4/28,9:00,17:52,1:00,平日勤務
E036,2025/4/29,9:06,18:41,1:00,平日勤務
E036,2025/4/30,9:14,20:36,1:00,平日勤務
E036,2025/5/1,8:45,18:01,1:00,平日勤務
E036,2025/5/2,8:54,18:11,1:00,平日勤務
E036,2025/5/5,9:11,18:03,1:00,平日勤務
E036,2025/5/6,8:53,17:50,1:00,平日勤務
E036,2025/5/7,8:56,17:53,1:00,平日勤務
E036,2025/5/8,9:09,18:27,1:00,平日勤務
E036,2025/5/9,9:06,18:04,1:00,平日勤務
E036,2025/5/12,9:00,17:43,1:00,平日勤務
E036,2025/5/13,8:52,18:43,1:00,平日勤務
E036,2025/5/14,9:11,18:15,1:00,平日勤務
E036,2025/5/16,8:46,17:39,1:00,平日勤務
E036,2025/5/19,9:00,18:06,1:00,平日勤務
E036,2025/5/20,8:59,17:43,1:00,平日勤務
E036,2025/5/21,8:49,17:57,1:00,平日勤務
E036,2025/5/22,9:13,17:59,1:00,平日勤務
E036,2025/5/23,9:02,21:49,1:00,平日勤務
E036,2025/5/26,8:53,17:30,1:00,平日勤務
E036,2025/5/27,9:13,18:10,1:00,平日勤務
E036,2025/5/28,9:07,18:26,1:00,平日勤務
E036,2025/5/29,9:08,17:37,1:00,平日勤務
E036,2025/6/2,8:49,19:17,1:00,平日勤務
E036,2025/6/3,8:52,19:22,1:00,平日勤務
E036,2025/6/4,9:00,18:04,1:00,平日勤務
E036,2025/6/5,9:06,18:59,1:00,平日勤務
E036,2025/6/6,9:02,17:38,1:00,平日勤務
E036,2025/6/9,8:54,17:43,1:00,平日勤務
E036,2025/6/10,8:47,21:30,1:00,平日勤務
E036,2025/6/11,9:04,18:02,1:00,平日勤務
E036,2025/6/12,8:58,17:48,1:00,平日勤務
E036,2025/6/13,8:48,18:26,1:00,平日勤務
E036,2025/6/16,8:54,18:34,1:00,平日勤務
E036,2025/6/17,8:48,21:06,1:00,平日勤務
E036,2025/6/18,9:01,21:25,1:00,平日勤務
E036,2025/6/20,9:04,18:22,1:00,平日勤務
E036,2025/6/23,8:50,18:19,1:00,平日勤務
E036,2025/6/24,8:58,19:45,1:00,平日勤務
E036,2025/6/26,8:49,17:42,1:00,平日勤務
E036,2025/6/27,9:05,20:59,1:00,平日勤務
E036,2025/6/30,8:53,19:00,1:00,平日勤務
E036,2025/7/1,8:52,18:34,1:00,平日勤務
E036,2025/7/2,8:52,19:33,1:00,平日勤務
E036,2025/7/3,8:55,18:29,1:00,平日勤務
E036,2025/7/4,8:51,19:29,1:00,平日勤務
E036,2025/7/7,9:04,17:44,1:00,平日勤務
E036,2025/7/8,8:56,17:33,1:00,平日勤務
E036,2025/7/9,8:49,19:20,1:00,平日勤務
E036,2025/7/10,9:02,17:54,1:00,平日勤務
E036,2025/7/11,8:50,19:57,1:00,平日勤務
E036,2025/7/13,9:28,18:36,1:00,休日出勤
E036,2025/7/14,9:07,18:46,1:00,平日勤務
E036,2025/7/16,8:58,17:52,1:00,平日勤務
E036,2025/7/17,8:51,18:13,1:00,平日勤務
E036,2025/7/18,8:56,19:03,1:00,平日勤務
E036,2025/7/19,9:28,18:17,1:00,休日出勤
E036,2025/7/21,9:04,18:36,1:00,平日勤務
E036,2025/7/22,8:47,17:35,1:00,平日勤務
E036,2025/7/23,8:49,17:42,1:00,平日勤務
E036,2025/7/24,8:59,21:55,1:00,平日勤務
E036,2025/7/25,9:08,17:30,1:00,平日勤務
E036,2025/7/28,8:45,18:06,1:00,平日勤務
E036,2025/7/30,9:13,19:35,1:00,平日勤務
E036,2025/7/31,8:45,18:54,1:00,平日勤務
E036,2025/8/1,9:08,17:49,1:00,平日勤務
E036,2025/8/4,8:53,18:13,1:00,平日勤務
E036,2025/8/5,8:56,17:41,1:00,平日勤務
E036,2025/8/6,9:09,18:29,1:00,平日勤務
E036,2025/8/7,8:56,18:23,1:00,平日勤務
E036,2025/8/8,9:11,20:02,1:00,平日勤務
E036,2025/8/11,9:10,18:13,1:00,平日勤務
E036,2025/8/12,9:00,20:55,1:00,平日勤務
E036,2025/8/13,8:48,18:49,1:00,平日勤務
E036,2025/8/14,9:08,17:41,1:00,平日勤務
E036,2025/8/15,8:58,17:43,1:00,平日勤務
E036,2025/8/18,9:07,17:56,1:00,平日勤務
E036,2025/8/19,8:57,17:37,1:00,平日勤務
E036,2025/8/20,8:56,18:16,1:00,平日勤務
E036,2025/8/21,8:59,19:46,1:00,平日勤務
E036,2025/8/22,8:52,19:40,1:00,平日勤務
E036,2025/8/25,9:10,17:57,1:00,平日勤務
E036,2025/8/26,8:57,18:13,1:00,平日勤務
E036,2025/8/28,8:49,18:56,1:00,平日勤務
E036,2025/8/29,8:55,18:39,1:00,平日勤務
E036,2025/9/1,8:50,18:01,1:00,平日勤務
E036,2025/9/3,8:59,18:38,1:00,平日勤務
E036,2025/9/5,9:12,18:37,1:00,平日勤務
E036,2025/9/9,8:57,17:33,1:00,平日勤務
E036,2025/9/10,9:07,19:04,1:00,平日勤務
E036,2025/9/12,9:02,21:27,1:00,平日勤務
E036,2025/9/15,8:51,17:36,1:00,平日勤務
E036,2025/9/16,9:10,18:15,1:00,平日勤務
E036,2025/9/17,8:52,19:23,1:00,平日勤務
E036,2025/9/18,8:54,21:33,1:00,平日勤務
E036,2025/9/19,8:49,17:43,1:00,平日勤務
E036,2025/9/20,10:15,17:43,1:00,休日出勤
E036,2025/9/21,9:19,15:11,1:00,休日出勤
E036,2025/9/23,8:50,19:53,1:00,平日勤務
E036,2025/9/24,9:04,19:26,1:00,平日勤務
E036,2025/9/25,9:01,18:02,1:00,平日勤務
E036,2025/9/26,9:13,19:09,1:00,平日勤務
E036,2025/9/29,8:46,17:52,1:00,平日勤務
E036,2025/9/30,9:11,18:05,1:00,平日勤務
E036,2025/10/1,8:46,17:59,1:00,平日勤務
E036,2025/10/2,8:51,18:36,1:00,平日勤務
E036,2025/10/3,8:47,17:30,1:00,平日勤務
E036,2025/10/6,8:47,19:00,1:00,平日勤務
E036,2025/10/7,8:55,18:00,1:00,平日勤務
E036,2025/10/8,8:47,19:00,1:00,平日勤務
E036,2025/10/9,8:55,20:45,1:00,平日勤務
E036,2025/10/10,9:14,17:44,1:00,平日勤務
E036,2025/10/13,9:02,18:16,1:00,平日勤務
E036,2025/10/14,8:45,20:35,1:00,平日勤務
E036,2025/10/15,8:50,18:14,1:00,平日勤務
E036,2025/10/16,8:55,17:59,1:00,平日勤務
E036,2025/10/17,8:53,21:11,1:00,平日勤務
E036,2025/10/20,9:12,17:41,1:00,平日勤務
E036,2025/10/22,8:46,20:15,1:00,平日勤務
E036,2025/10/23,8:58,18:15,1:00,平日勤務
E036,2025/10/24,8:46,17:50,1:00,平日勤務
E036,2025/10/27,8:55,18:27,1:00,平日勤務
E036,2025/10/29,8:47,20:40,1:00,平日勤務
E036,2025/10/30,9:08,17:38,1:00,平日勤務
E036,2025/10/31,8:53,17:49,1:00,平日勤務
E036,2025/11/3,8:56,19:27,1:00,平日勤務
E036,2025/11/4,8:49,19:43,1:00,平日勤務
E036,2025/11/5,9:00,17:56,1:00,平日勤務
E036,2025/11/6,9:06,18:26,1:00,平日勤務
E036,2025/11/7,8:52,17:58,1:00,平日勤務
E036,2025/11/11,8:56,17:58,1:00,平日勤務
E036,2025/11/12,8:45,17:31,1:00,平日勤務
E036,2025/11/13,9:09,17:40,1:00,平日勤務
E036,2025/11/14,8:51,21:38,1:00,平日勤務
E036,2025/11/17,8:54,17:53,1:00,平日勤務
E036,2025/11/18,8:52,21:17,1:00,平日勤務
E036,2025/11/19,8:48,17:53,1:00,平日勤務
E036,2025/11/21,9:02,21:31,1:00,平日勤務
E036,2025/11/24,9:02,17:47,1:00,平日勤務
E036,2025/11/25,8:53,17:59,1:00,平日勤務
E036,2025/11/26,9:13,21:59,1:00,平日勤務
E036,2025/11/27,9:07,20:15,1:00,平日勤務
E036,2025/11/28,9:06,17:54,1:00,平日勤務
E036,2025/12/1,9:01,18:19,1:00,平日勤務
E036,2025/12/2,9:10,19:44,1:00,平日勤務
E036,2025/12/3,8:59,17:30,1:00,平日勤務
E036,2025/12/4,8:58,18:16,1:00,平日勤務
E036,2025/12/5,8:53,20:51,1:00,平日勤務
E036,2025/12/8,9:02,18:07,1:00,平日勤務
E036,2025/12/10,8:57,17:31,1:00,平日勤務
E036,2025/12/11,8:47,19:48,1:00,平日勤務
E036,2025/12/12,9:00,17:51,1:00,平日勤務
E036,2025/12/15,8:55,19:43,1:00,平日勤務
E036,2025/12/16,8:47,17:53,1:00,平日勤務
E036,2025/12/17,9:09,17:55,1:00,平日勤務
E036,2025/12/18,9:00,18:26,1:00,平日勤務
E036,2025/12/19,8:53,17:32,1:00,平日勤務
E036,2025/12/22,8:52,18:37,1:00,平日勤務
E036,2025/12/23,9:06,17:37,1:00,平日勤務
E036,2025/12/25,8:45,18:44,1:00,平日勤務
E036,2025/12/26,8:57,17:41,1:00,平日勤務
E036,2025/12/30,9:07,18:49,1:00,平日勤務
E036,2025/12/31,8:50,18:35,1:00,平日勤務
E037,2025/1/1,9:06,18:10,1:00,平日勤務
E037,2025/1/2,8:46,19:42,1:00,平日勤務
E037,2025/1/3,8:50,17:43,1:00,平日勤務
E037,2025/1/4,10:17,18:39,1:00,休日出勤
E037,2025/1/6,8:50,18:08,1:00,平日勤務
E037,2025/1/7,9:04,18:19,1:00,平日勤務
E037,2025/1/8,9:04,20:06,1:00,平日勤務
E037,2025/1/9,9:05,18:07,1:00,平日勤務
E037,2025/1/10,8:51,17:54,1:00,平日勤務
E037,2025/1/13,9:09,17:30,1:00,平日勤務
E037,2025/1/14,8:47,17:33,1:00,平日勤務
E037,2025/1/15,8:45,21:56,1:00,平日勤務
E037,2025/1/16,9:01,17:32,1:00,平日勤務
E037,2025/1/17,8:50,17:30,1:00,平日勤務
E037,2025/1/20,9:08,19:16,1:00,平日勤務
E037,2025/1/21,9:10,17:47,1:00,平日勤務
E037,2025/1/23,8:56,18:08,1:00,平日勤務
E037,2025/1/24,8:55,18:03,1:00,平日勤務
E037,2025/1/27,8:46,18:21,1:00,平日勤務
E037,2025/1/28,8:46,17:46,1:00,平日勤務
E037,2025/1/29,9:11,19:40,1:00,平日勤務
E037,2025/1/30,8:46,18:03,1:00,平日勤務
E037,2025/1/31,9:13,18:21,1:00,平日勤務
E037,2025/2/3,8:54,18:05,1:00,平日勤務
E037,2025/2/4,9:04,18:11,1:00,平日勤務
E037,2025/2/5,9:08,17:43,1:00,平日勤務
E037,2025/2/6,9:02,18:59,1:00,平日勤務
E037,2025/2/7,8:52,18:13,1:00,平日勤務
E037,2025/2/9,9:28,17:10,1:00,休日出勤
E037,2025/2/10,8:56,18:03,1:00,平日勤務
E037,2025/2/11,9:09,17:56,1:00,平日勤務
E037,2025/2/12,8:50,18:50,1:00,平日勤務
E037,2025/2/13,9:12,17:58,1:00,平日勤務
E037,2025/2/14,8:50,17:31,1:00,平日勤務
E037,2025/2/17,9:05,19:40,1:00,平日勤務
E037,2025/2/18,9:13,20:04,1:00,平日勤務
E037,2025/2/19,8:57,17:48,1:00,平日勤務
E037,2025/2/20,8:45,18:21,1:00,平日勤務
E037,2025/2/21,8:52,20:11,1:00,平日勤務
E037,2025/2/24,9:14,18:23,1:00,平日勤務
E037,2025/2/27,9:12,18:09,1:00,平日勤務
E037,2025/2/28,9:09,18:26,1:00,平日勤務
E037,2025/3/3,9:00,18:15,1:00,平日勤務
E037,2025/3/4,8:51,18:14,1:00,平日勤務
E037,2025/3/5,8:59,17:37,1:00,平日勤務
E037,2025/3/6,9:00,18:14,1:00,平日勤務
E037,2025/3/7,9:01,21:29,1:00,平日勤務
E037,2025/3/11,8:59,17:37,1:00,平日勤務
E037,2025/3/12,8:56,17:35,1:00,平日勤務
E037,2025/3/13,9:02,18:20,1:00,平日勤務
E037,2025/3/14,9:14,21:43,1:00,平日勤務
E037,2025/3/17,9:10,19:36,1:00,平日勤務
E037,2025/3/18,8:49,17:39,1:00,平日勤務
E037,2025/3/19,9:01,18:12,1:00,平日勤務
E037,2025/3/20,8:47,17:43,1:00,平日勤務
E037,2025/3/21,8:57,18:13,1:00,平日勤務
E037,2025/3/24,9:08,20:51,1:00,平日勤務
E037,2025/3/25,9:14,18:37,1:00,平日勤務
E037,2025/3/26,8:51,21:14,1:00,平日勤務
E037,2025/3/27,9:05,18:18,1:00,平日勤務
E037,2025/3/28,9:04,20:53,1:00,平日勤務
E037,2025/3/31,9:03,17:53,1:00,平日勤務
E037,2025/4/1,8:45,18:25,1:00,平日勤務
E037,2025/4/2,8:56,17:58,1:00,平日勤務
E037,2025/4/3,8:49,20:30,1:00,平日勤務
E037,2025/4/4,9:00,19:46,1:00,平日勤務
E037,2025/4/7,9:11,19:33,1:00,平日勤務
E037,2025/4/8,8:59,18:35,1:00,平日勤務
E037,2025/4/10,8:56,18:20,1:00,平日勤務
E037,2025/4/11,9:07,17:43,1:00,平日勤務
E037,2025/4/14,8:48,21:10,1:00,平日勤務
E037,2025/4/15,9:07,18:25,1:00,平日勤務
E037,2025/4/16,8:51,18:10,1:00,平日勤務
E037,2025/4/17,8:59,18:20,1:00,平日勤務
E037,2025/4/18,9:04,20:36,1:00,平日勤務
E037,2025/4/21,8:50,17:31,1:00,平日勤務
E037,2025/4/22,8:49,18:54,1:00,平日勤務
E037,2025/4/23,9:12,18:24,1:00,平日勤務
E037,2025/4/24,8:47,19:47,1:00,平日勤務
E037,2025/4/25,8:50,17:46,1:00,平日勤務
E037,2025/4/28,9:05,20:51,1:00,平日勤務
E037,2025/4/29,8:59,20:40,1:00,平日勤務
E037,2025/4/30,8:54,20:32,1:00,平日勤務
E037,2025/5/1,8:50,18:00,1:00,平日勤務
E037,2025/5/2,9:00,17:50,1:00,平日勤務
E037,2025/5/5,8:58,18:00,1:00,平日勤務
E037,2025/5/6,8:46,19:16,1:00,平日勤務
E037,2025/5/8,8:45,19:43,1:00,平日勤務
E037,2025/5/9,8:56,19:08,1:00,平日勤務
E037,2025/5/12,8:45,17:36,1:00,平日勤務
E037,2025/5/13,9:03,18:14,1:00,平日勤務
E037,2025/5/14,9:10,17:46,1:00,平日勤務
E037,2025/5/15,9:10,21:27,1:00,平日勤務
E037,2025/5/16,8:58,17:42,1:00,平日勤務
E037,2025/5/19,8:49,18:35,1:00,平日勤務
E037,2025/5/20,8:50,21:11,1:00,平日勤務
E037,2025/5/21,8:50,18:00,1:00,平日勤務
E037,2025/5/22,8:46,17:48,1:00,平日勤務
E037,2025/5/23,8:59,17:44,1:00,平日勤務
E037,2025/5/26,8:55,17:49,1:00,平日勤務
E037,2025/5/27,9:05,19:14,1:00,平日勤務
E037,2025/5/28,9:11,19:48,1:00,平日勤務
E037,2025/5/29,8:49,18:11,1:00,平日勤務
E037,2025/5/30,8:50,17:32,1:00,平日勤務
E037,2025/6/2,9:12,18:09,1:00,平日勤務
E037,2025/6/3,8:54,18:12,1:00,平日勤務
E037,2025/6/4,8:46,19:25,1:00,平日勤務
E037,2025/6/5,8:52,17:36,1:00,平日勤務
E037,2025/6/6,8:53,17:32,1:00,平日勤務
E037,2025/6/9,8:51,18:15,1:00,平日勤務
E037,2025/6/10,9:06,17:56,1:00,平日勤務
E037,2025/6/11,9:13,18:05,1:00,平日勤務
E037,2025/6/12,9:11,18:15,1:00,平日勤務
E037,2025/6/13,8:45,17:30,1:00,平日勤務
E037,2025/6/16,9:00,18:22,1:00,平日勤務
E037,2025/6/17,9:06,18:23,1:00,平日勤務
E037,2025/6/18,9:14,18:28,1:00,平日勤務
E037,2025/6/19,8:51,17:50,1:00,平日勤務
E037,2025/6/20,9:02,18:20,1:00,平日勤務
E037,2025/6/23,8:50,19:09,1:00,平日勤務
E037,2025/6/24,9:05,17:41,1:00,平日勤務
E037,2025/6/26,9:12,18:18,1:00,平日勤務
E037,2025/6/27,9:13,17:56,1:00,平日勤務
E037,2025/6/30,9:07,18:16,1:00,平日勤務
E037,2025/7/2,8:59,17:45,1:00,平日勤務
E037,2025/7/4,9:08,18:49,1:00,平日勤務
E037,2025/7/7,9:02,18:26,1:00,平日勤務
E037,2025/7/8,8:52,18:19,1:00,平日勤務
E037,2025/7/9,8:51,17:58,1:00,平日勤務
E037,2025/7/11,8:59,17:55,1:00,平日勤務
E037,2025/7/14,9:10,20:26,1:00,平日勤務
E037,2025/7/15,9:13,19:00,1:00,平日勤務
E037,2025/7/16,9:13,17:52,1:00,平日勤務
E037,2025/7/17,8:49,21:37,1:00,平日勤務
E037,2025/7/18,9:13,18:24,1:00,平日勤務
E037,2025/7/21,9:05,18:30,1:00,平日勤務
E037,2025/7/22,8:51,18:13,1:00,平日勤務
E037,2025/7/23,9:11,19:20,1:00,平日勤務
E037,2025/7/24,8:59,18:22,1:00,平日勤務
E037,2025/7/25,8:55,18:39,1:00,平日勤務
E037,2025/7/28,8:50,18:29,1:00,平日勤務
E037,2025/7/29,8:52,18:13,1:00,平日勤務
E037,2025/7/30,8:45,18:40,1:00,平日勤務
E037,2025/7/31,8:52,17:42,1:00,平日勤務
E037,2025/8/1,8:54,19:05,1:00,平日勤務
E037,2025/8/4,9:12,17:32,1:00,平日勤務
E037,2025/8/5,8:45,18:01,1:00,平日勤務
E037,2025/8/6,8:54,18:13,1:00,平日勤務
E037,2025/8/7,9:08,17:48,1:00,平日勤務
E037,2025/8/8,9:09,18:01,1:00,平日勤務
E037,2025/8/11,8:48,19:15,1:00,平日勤務
E037,2025/8/12,8:50,18:04,1:00,平日勤務
E037,2025/8/14,9:12,18:21,1:00,平日勤務
E037,2025/8/15,9:11,20:30,1:00,平日勤務
E037,2025/8/18,9:05,17:39,1:00,平日勤務
E037,2025/8/19,8:54,21:36,1:00,平日勤務
E037,2025/8/20,8:52,17:37,1:00,平日勤務
E037,2025/8/21,8:48,17:34,1:00,平日勤務
E037,2025/8/25,9:11,18:31,1:00,平日勤務
E037,2025/8/27,9:06,18:38,1:00,平日勤務
E037,2025/8/28,9:13,17:30,1:00,平日勤務
E037,2025/8/29,8:55,18:16,1:00,平日勤務
E037,2025/8/30,10:29,16:44,1:00,休日出勤
E037,2025/9/1,9:09,18:31,1:00,平日勤務
E037,2025/9/2,9:04,18:57,1:00,平日勤務
E037,2025/9/3,9:12,20:48,1:00,平日勤務
E037,2025/9/4,8:45,20:26,1:00,平日勤務
E037,2025/9/5,9:04,18:12,1:00,平日勤務
E037,2025/9/9,8:55,17:40,1:00,平日勤務
E037,2025/9/10,9:11,17:46,1:00,平日勤務
E037,2025/9/11,9:02,17:51,1:00,平日勤務
E037,2025/9/12,8:53,18:16,1:00,平日勤務
E037,2025/9/15,8:57,17:45,1:00,平日勤務
E037,2025/9/16,8:56,18:34,1:00,平日勤務
E037,2025/9/17,9:12,17:47,1:00,平日勤務
E037,2025/9/18,9:03,19:15,1:00,平日勤務
E037,2025/9/19,8:49,17:41,1:00,平日勤務
E037,2025/9/22,9:06,18:59,1:00,平日勤務
E037,2025/9/23,8:58,18:06,1:00,平日勤務
E037,2025/9/24,9:13,18:22,1:00,平日勤務
E037,2025/9/25,9:12,19:23,1:00,平日勤務
E037,2025/9/26,9:02,18:04,1:00,平日勤務
E037,2025/9/29,9:14,18:19,1:00,平日勤務
E037,2025/9/30,9:05,17:49,1:00,平日勤務
E037,2025/10/2,8:45,21:15,1:00,平日勤務
E037,2025/10/3,9:01,19:46,1:00,平日勤務
E037,2025/10/5,9:17,17:05,1:00,休日出勤
E037,2025/10/6,9:03,20:56,1:00,平日勤務
E037,2025/10/7,8:51,18:05,1:00,平日勤務
E037,2025/10/8,8:53,19:37,1:00,平日勤務
E037,2025/10/9,9:10,17:36,1:00,平日勤務
E037,2025/10/10,8:55,18:05,1:00,平日勤務
E037,2025/10/13,9:12,17:47,1:00,平日勤務
E037,2025/10/14,9:02,18:01,1:00,平日勤務
E037,2025/10/16,9:04,17:33,1:00,平日勤務
E037,2025/10/17,9:01,18:23,1:00,平日勤務
E037,2025/10/21,8:45,18:21,1:00,平日勤務
E037,2025/10/22,9:00,19:45,1:00,平日勤務
E037,2025/10/23,9:08,18:09,1:00,平日勤務
E037,2025/10/24,8:56,18:17,1:00,平日勤務
E037,2025/10/27,8:53,18:48,1:00,平日勤務
E037,2025/10/28,8:59,18:22,1:00,平日勤務
E037,2025/10/29,9:11,19:46,1:00,平日勤務
E037,2025/10/30,8:48,18:25,1:00,平日勤務
E037,2025/10/31,8:57,21:07,1:00,平日勤務
E037,2025/11/3,8:54,17:54,1:00,平日勤務
E037,2025/11/4,8:49,17:35,1:00,平日勤務
E037,2025/11/5,9:00,17:48,1:00,平日勤務
E037,2025/11/6,8:45,18:07,1:00,平日勤務
E037,2025/11/10,8:48,17:38,1:00,平日勤務
E037,2025/11/11,8:59,18:06,1:00,平日勤務
E037,2025/11/12,9:07,19:31,1:00,平日勤務
E037,2025/11/14,8:50,21:19,1:00,平日勤務
E037,2025/11/17,9:07,17:38,1:00,平日勤務
E037,2025/11/18,9:14,18:28,1:00,平日勤務
E037,2025/11/20,9:14,18:28,1:00,平日勤務
E037,2025/11/21,9:08,17:34,1:00,平日勤務
E037,2025/11/24,8:55,17:33,1:00,平日勤務
E037,2025/11/25,9:10,19:21,1:00,平日勤務
E037,2025/11/26,8:52,18:01,1:00,平日勤務
E037,2025/11/27,8:48,21:34,1:00,平日勤務
E037,2025/12/1,8:58,19:52,1:00,平日勤務
E037,2025/12/2,9:05,17:54,1:00,平日勤務
E037,2025/12/3,8:49,19:07,1:00,平日勤務
E037,2025/12/5,9:00,18:45,1:00,平日勤務
E037,2025/12/8,9:01,19:45,1:00,平日勤務
E037,2025/12/9,9:06,17:46,1:00,平日勤務
E037,2025/12/10,9:11,19:34,1:00,平日勤務
E037,2025/12/11,9:07,18:31,1:00,平日勤務
E037,2025/12/12,9:10,17:46,1:00,平日勤務
E037,2025/12/15,8:46,17:37,1:00,平日勤務
E037,2025/12/17,8:48,17:58,1:00,平日勤務
E037,2025/12/18,9:09,17:52,1:00,平日勤務
E037,2025/12/22,9:06,20:26,1:00,平日勤務
E037,2025/12/23,8:54,17:46,1:00,平日勤務
E037,2025/12/24,8:49,21:50,1:00,平日勤務
E037,2025/12/25,9:08,18:10,1:00,平日勤務
E037,2025/12/26,9:01,19:31,1:00,平日勤務
E037,2025/12/29,8:51,18:10,1:00,平日勤務
E037,2025/12/30,9:06,17:36,1:00,平日勤務
E037,2025/12/31,9:06,19:27,1:00,平日勤務
E038,2025/1/1,9:14,18:03,1:00,平日勤務
E038,2025/1/2,9:06,20:43,1:00,平日勤務
E038,2025/1/3,9:02,18:50,1:00,平日勤務
E038,2025/1/6,8:51,18:24,1:00,平日勤務
E038,2025/1/7,9:13,17:31,1:00,平日勤務
E038,2025/1/8,9:02,21:05,1:00,平日勤務
E038,2025/1/9,8:53,17:45,1:00,平日勤務
E038,2025/1/10,8:59,17:39,1:00,平日勤務
E038,2025/1/13,8:57,18:25,1:00,平日勤務
E038,2025/1/14,8:54,19:06,1:00,平日勤務
E038,2025/1/15,8:49,19:15,1:00,平日勤務
E038,2025/1/16,8:50,21:00,1:00,平日勤務
E038,2025/1/17,8:48,21:22,1:00,平日勤務
E038,2025/1/20,9:03,17:37,1:00,平日勤務
E038,2025/1/21,8:59,18:51,1:00,平日勤務
E038,2025/1/22,8:50,21:34,1:00,平日勤務
E038,2025/1/23,8:55,17:53,1:00,平日勤務
E038,2025/1/24,9:13,18:01,1:00,平日勤務
E038,2025/1/27,9:06,19:34,1:00,平日勤務
E038,2025/1/28,8:48,18:48,1:00,平日勤務
E038,2025/1/30,8:52,20:06,1:00,平日勤務
E038,2025/1/31,8:52,19:05,1:00,平日勤務
E038,2025/2/3,8:55,18:07,1:00,平日勤務
E038,2025/2/4,9:06,18:33,1:00,平日勤務
E038,2025/2/5,9:02,18:06,1:00,平日勤務
E038,2025/2/6,8:57,18:07,1:00,平日勤務
E038,2025/2/7,8:56,21:17,1:00,平日勤務
E038,2025/2/12,8:47,17:45,1:00,平日勤務
E038,2025/2/13,9:12,17:54,1:00,平日勤務
E038,2025/2/14,9:09,17:53,1:00,平日勤務
E038,2025/2/18,8:55,18:05,1:00,平日勤務
E038,2025/2/19,9:02,18:02,1:00,平日勤務
E038,2025/2/20,9:03,17:47,1:00,平日勤務
E038,2025/2/21,9:14,20:59,1:00,平日勤務
E038,2025/2/24,8:57,19:08,1:00,平日勤務
E038,2025/2/27,8:49,18:18,1:00,平日勤務
E038,2025/2/28,9:08,20:24,1:00,平日勤務
E038,2025/3/4,9:10,21:31,1:00,平日勤務
E038,2025/3/5,9:09,17:51,1:00,平日勤務
E038,2025/3/6,8:47,17:36,1:00,平日勤務
E038,2025/3/7,8:50,17:45,1:00,平日勤務
E038,2025/3/11,8:53,18:27,1:00,平日勤務
E038,2025/3/12,9:14,18:25,1:00,平日勤務
E038,2025/3/14,9:11,18:24,1:00,平日勤務
E038,2025/3/17,9:00,18:23,1:00,平日勤務
E038,2025/3/18,9:07,17:59,1:00,平日勤務
E038,2025/3/19,8:47,18:32,1:00,平日勤務
E038,2025/3/20,9:08,21:17,1:00,平日勤務
E038,2025/3/21,8:55,18:12,1:00,平日勤務
E038,2025/3/24,8:51,17:43,1:00,平日勤務
E038,2025/3/25,9:07,17:33,1:00,平日勤務
E038,2025/3/26,9:07,18:20,1:00,平日勤務
E038,2025/3/27,8:48,19:19,1:00,平日勤務
E038,2025/3/28,8:50,20:29,1:00,平日勤務
E038,2025/3/31,8:58,21:23,1:00,平日勤務
E038,2025/4/1,9:13,20:44,1:00,平日勤務
E038,2025/4/2,9:11,20:29,1:00,平日勤務
E038,2025/4/3,9:03,18:56,1:00,平日勤務
E038,2025/4/4,8:50,19:47,1:00,平日勤務
E038,2025/4/7,8:52,17:40,1:00,平日勤務
E038,2025/4/9,9:14,18:09,1:00,平日勤務
E038,2025/4/10,9:14,18:39,1:00,平日勤務
E038,2025/4/15,9:14,18:38,1:00,平日勤務
E038,2025/4/16,9:02,18:07,1:00,平日勤務
E038,2025/4/17,9:06,17:37,1:00,平日勤務
E038,2025/4/21,8:53,18:52,1:00,平日勤務
E038,2025/4/22,8:53,18:43,1:00,平日勤務
E038,2025/4/23,9:03,18:22,1:00,平日勤務
E038,2025/4/24,9:01,17:53,1:00,平日勤務
E038,2025/4/25,8:57,18:56,1:00,平日勤務
E038,2025/4/28,9:02,17:34,1:00,平日勤務
E038,2025/4/29,8:57,17:35,1:00,平日勤務
E038,2025/4/30,9:03,17:40,1:00,平日勤務
E038,2025/5/1,9:06,18:32,1:00,平日勤務
E038,2025/5/2,9:11,18:13,1:00,平日勤務
E038,2025/5/5,8:58,21:53,1:00,平日勤務
E038,2025/5/6,9:03,21:15,1:00,平日勤務
E038,2025/5/7,8:51,21:26,1:00,平日勤務
E038,2025/5/8,8:53,18:57,1:00,平日勤務
E038,2025/5/9,9:09,17:53,1:00,平日勤務
E038,2025/5/12,9:10,18:38,1:00,平日勤務
E038,2025/5/13,9:00,21:22,1:00,平日勤務
E038,2025/5/14,8:55,17:34,1:00,平日勤務
E038,2025/5/15,9:04,17:52,1:00,平日勤務
E038,2025/5/19,8:57,18:16,1:00,平日勤務
E038,2025/5/20,9:01,18:23,1:00,平日勤務
E038,2025/5/22,8:47,17:32,1:00,平日勤務
E038,2025/5/23,9:04,17:48,1:00,平日勤務
E038,2025/5/26,8:51,18:06,1:00,平日勤務
E038,2025/5/28,9:05,17:51,1:00,平日勤務
E038,2025/5/29,8:45,19:02,1:00,平日勤務
E038,2025/5/30,9:02,18:51,1:00,平日勤務
E038,2025/6/2,9:04,21:28,1:00,平日勤務
E038,2025/6/3,9:07,19:51,1:00,平日勤務
E038,2025/6/4,9:11,21:40,1:00,平日勤務
E038,2025/6/5,9:11,18:10,1:00,平日勤務
E038,2025/6/6,8:45,18:03,1:00,平日勤務
E038,2025/6/9,8:52,19:29,1:00,平日勤務
E038,2025/6/11,8:58,19:08,1:00,平日勤務
E038,2025/6/12,9:14,19:46,1:00,平日勤務
E038,2025/6/13,9:01,20:35,1:00,平日勤務
E038,2025/6/16,8:50,18:01,1:00,平日勤務
E038,2025/6/17,8:55,19:16,1:00,平日勤務
E038,2025/6/18,9:07,18:27,1:00,平日勤務
E038,2025/6/19,9:09,20:03,1:00,平日勤務
E038,2025/6/20,8:50,18:16,1:00,平日勤務
E038,2025/6/23,9:14,20:29,1:00,平日勤務
E038,2025/6/25,9:06,19:43,1:00,平日勤務
E038,2025/6/26,9:11,17:48,1:00,平日勤務
E038,2025/6/27,8:51,17:30,1:00,平日勤務
E038,2025/6/28,10:06,18:31,1:00,休日出勤
E038,2025/6/30,9:10,18:48,1:00,平日勤務
E038,2025/7/1,8:54,19:09,1:00,平日勤務
E038,2025/7/2,9:14,18:20,1:00,平日勤務
E038,2025/7/3,9:08,18:15,1:00,平日勤務
E038,2025/7/4,9:03,18:48,1:00,平日勤務
E038,2025/7/7,8:55,18:11,1:00,平日勤務
E038,2025/7/8,8:55,17:57,1:00,平日勤務
E038,2025/7/9,9:14,19:01,1:00,平日勤務
E038,2025/7/10,8:55,18:12,1:00,平日勤務
E038,2025/7/11,9:07,18:10,1:00,平日勤務
E038,2025/7/14,8:46,17:50,1:00,平日勤務
E038,2025/7/15,9:14,18:12,1:00,平日勤務
E038,2025/7/16,9:10,18:59,1:00,平日勤務
E038,2025/7/17,9:04,20:05,1:00,平日勤務
E038,2025/7/18,9:13,18:35,1:00,平日勤務
E038,2025/7/21,8:56,18:05,1:00,平日勤務
E038,2025/7/22,8:48,17:51,1:00,平日勤務
E038,2025/7/23,9:01,18:01,1:00,平日勤務
E038,2025/7/24,8:52,18:17,1:00,平日勤務
E038,2025/7/25,9:01,19:38,1:00,平日勤務
E038,2025/7/28,9:14,20:40,1:00,平日勤務
E038,2025/7/29,8:45,18:39,1:00,平日勤務
E038,2025/7/30,8:52,18:24,1:00,平日勤務
E038,2025/7/31,8:58,17:31,1:00,平日勤務
E038,2025/8/1,9:12,17:31,1:00,平日勤務
E038,2025/8/4,8:55,17:40,1:00,平日勤務
E038,2025/8/6,8:53,18:10,1:00,平日勤務
E038,2025/8/7,9:04,17:39,1:00,平日勤務
E038,2025/8/8,8:51,18:26,1:00,平日勤務
E038,2025/8/12,9:05,18:19,1:00,平日勤務
E038,2025/8/13,8:50,18:24,1:00,平日勤務
E038,2025/8/14,9:00,18:09,1:00,平日勤務
E038,2025/8/18,8:49,17:56,1:00,平日勤務
E038,2025/8/19,9:06,17:39,1:00,平日勤務
E038,2025/8/20,8:55,18:04,1:00,平日勤務
E038,2025/8/21,9:07,18:00,1:00,平日勤務
E038,2025/8/22,9:12,19:05,1:00,平日勤務
E038,2025/8/25,8:47,17:31,1:00,平日勤務
E038,2025/8/27,8:51,19:21,1:00,平日勤務
E038,2025/8/29,9:04,18:18,1:00,平日勤務
E038,2025/9/1,8:54,21:54,1:00,平日勤務
E038,2025/9/2,8:55,21:05,1:00,平日勤務
E038,2025/9/3,9:00,21:35,1:00,平日勤務
E038,2025/9/4,9:11,18:06,1:00,平日勤務
E038,2025/9/5,9:08,18:17,1:00,平日勤務
E038,2025/9/8,9:03,17:58,1:00,平日勤務
E038,2025/9/9,9:08,17:47,1:00,平日勤務
E038,2025/9/10,9:12,17:40,1:00,平日勤務
E038,2025/9/11,9:12,18:57,1:00,平日勤務
E038,2025/9/12,9:12,17:31,1:00,平日勤務
E038,2025/9/14,9:18,15:48,1:00,休日出勤
E038,2025/9/15,9:04,17:41,1:00,平日勤務
E038,2025/9/16,8:57,17:40,1:00,平日勤務
E038,2025/9/17,9:12,19:59,1:00,平日勤務
E038,2025/9/18,8:45,17:57,1:00,平日勤務
E038,2025/9/19,9:11,18:50,1:00,平日勤務
E038,2025/9/22,8:49,18:02,1:00,平日勤務
E038,2025/9/23,8:48,17:41,1:00,平日勤務
E038,2025/9/24,9:03,19:44,1:00,平日勤務
E038,2025/9/25,8:47,17:47,1:00,平日勤務
E038,2025/9/26,9:13,19:23,1:00,平日勤務
E038,2025/9/29,8:49,17:36,1:00,平日勤務
E038,2025/9/30,9:08,18:40,1:00,平日勤務
E038,2025/10/1,9:02,17:33,1:00,平日勤務
E038,2025/10/2,8:51,19:36,1:00,平日勤務
E038,2025/10/3,8:52,18:19,1:00,平日勤務
E038,2025/10/6,8:56,18:05,1:00,平日勤務
E038,2025/10/7,8:47,18:16,1:00,平日勤務
E038,2025/10/8,8:54,21:13,1:00,平日勤務
E038,2025/10/9,9:13,18:24,1:00,平日勤務
E038,2025/10/10,9:13,17:36,1:00,平日勤務
E038,2025/10/13,9:10,18:22,1:00,平日勤務
E038,2025/10/14,9:08,18:42,1:00,平日勤務
E038,2025/10/15,9:11,17:54,1:00,平日勤務
E038,2025/10/16,9:09,19:44,1:00,平日勤務
E038,2025/10/17,9:14,17:34,1:00,平日勤務
E038,2025/10/20,9:01,18:13,1:00,平日勤務
E038,2025/10/21,8:56,20:46,1:00,平日勤務
E038,2025/10/22,9:02,20:31,1:00,平日勤務
E038,2025/10/23,8:57,18:48,1:00,平日勤務
E038,2025/10/24,8:54,17:47,1:00,平日勤務
E038,2025/10/27,9:00,18:11,1:00,平日勤務
E038,2025/10/28,8:55,19:49,1:00,平日勤務
E038,2025/10/29,8:45,19:09,1:00,平日勤務
E038,2025/10/30,9:00,18:25,1:00,平日勤務
E038,2025/10/31,9:09,18:56,1:00,平日勤務
E038,2025/11/3,9:08,19:26,1:00,平日勤務
E038,2025/11/4,9:08,17:37,1:00,平日勤務
E038,2025/11/5,9:11,20:52,1:00,平日勤務
E038,2025/11/6,8:59,19:20,1:00,平日勤務
E038,2025/11/7,9:11,18:14,1:00,平日勤務
E038,2025/11/10,9:01,21:15,1:00,平日勤務
E038,2025/11/11,8:57,18:27,1:00,平日勤務
E038,2025/11/12,8:47,18:51,1:00,平日勤務
E038,2025/11/13,9:11,18:10,1:00,平日勤務
E038,2025/11/14,8:55,18:07,1:00,平日勤務
E038,2025/11/17,9:09,18:08,1:00,平日勤務
E038,2025/11/18,9:06,21:11,1:00,平日勤務
E038,2025/11/20,8:47,17:52,1:00,平日勤務
E038,2025/11/24,9:14,21:02,1:00,平日勤務
E038,2025/11/25,9:03,17:55,1:00,平日勤務
E038,2025/11/26,9:06,20:12,1:00,平日勤務
E038,2025/11/27,8:51,19:30,1:00,平日勤務
E038,2025/11/28,9:13,18:30,1:00,平日勤務
E038,2025/12/2,9:00,20:57,1:00,平日勤務
E038,2025/12/3,8:57,17:33,1:00,平日勤務
E038,2025/12/4,9:13,17:53,1:00,平日勤務
E038,2025/12/5,9:13,18:40,1:00,平日勤務
E038,2025/12/8,9:10,17:53,1:00,平日勤務
E038,2025/12/9,8:50,19:54,1:00,平日勤務
E038,2025/12/10,8:55,21:18,1:00,平日勤務
E038,2025/12/11,9:07,17:59,1:00,平日勤務
E038,2025/12/12,9:01,18:21,1:00,平日勤務
E038,2025/12/15,9:05,17:58,1:00,平日勤務
E038,2025/12/16,9:14,18:07,1:00,平日勤務
E038,2025/12/17,8:55,18:17,1:00,平日勤務
E038,2025/12/19,8:50,18:47,1:00,平日勤務
E038,2025/12/22,8:46,17:46,1:00,平日勤務
E038,2025/12/23,8:55,17:48,1:00,平日勤務
E038,2025/12/24,8:59,18:34,1:00,平日勤務
E038,2025/12/25,8:48,17:43,1:00,平日勤務
E038,2025/12/26,8:49,18:14,1:00,平日勤務
E038,2025/12/29,8:50,18:14,1:00,平日勤務
E038,2025/12/30,8:48,19:18,1:00,平日勤務
E038,2025/12/31,8:53,18:26,1:00,平日勤務
E039,2025/1/1,9:01,19:01,1:00,平日勤務
E039,2025/1/2,9:01,18:59,1:00,平日勤務
E039,2025/1/3,9:07,17:33,1:00,平日勤務
E039,2025/1/6,9:11,17:35,1:00,平日勤務
E039,2025/1/7,8:58,18:01,1:00,平日勤務
E039,2025/1/8,8:47,18:57,1:00,平日勤務
E039,2025/1/9,9:06,17:31,1:00,平日勤務
E039,2025/1/13,8:51,20:48,1:00,平日勤務
E039,2025/1/14,8:55,18:06,1:00,平日勤務
E039,2025/1/15,9:07,20:42,1:00,平日勤務
E039,2025/1/16,9:12,18:12,1:00,平日勤務
E039,2025/1/17,8:58,18:01,1:00,平日勤務
E039,2025/1/20,8:50,17:49,1:00,平日勤務
E039,2025/1/21,9:14,20:05,1:00,平日勤務
E039,2025/1/22,8:50,19:02,1:00,平日勤務
E039,2025/1/23,8:45,17:48,1:00,平日勤務
E039,2025/1/24,8:56,17:37,1:00,平日勤務
E039,2025/1/27,8:51,17:43,1:00,平日勤務
E039,2025/1/28,8:49,18:26,1:00,平日勤務
E039,2025/1/29,9:14,17:57,1:00,平日勤務
E039,2025/1/30,8:57,20:49,1:00,平日勤務
E039,2025/1/31,8:47,17:36,1:00,平日勤務
E039,2025/2/3,9:13,17:36,1:00,平日勤務
E039,2025/2/4,8:48,21:05,1:00,平日勤務
E039,2025/2/6,8:48,18:19,1:00,平日勤務
E039,2025/2/7,8:51,20:43,1:00,平日勤務
E039,2025/2/10,8:56,18:25,1:00,平日勤務
E039,2025/2/11,8:50,17:37,1:00,平日勤務
E039,2025/2/12,8:56,19:13,1:00,平日勤務
E039,2025/2/13,8:52,21:12,1:00,平日勤務
E039,2025/2/14,9:02,18:40,1:00,平日勤務
E039,2025/2/17,9:02,21:24,1:00,平日勤務
E039,2025/2/18,9:00,18:53,1:00,平日勤務
E039,2025/2/19,9:00,18:52,1:00,平日勤務
E039,2025/2/20,9:14,18:43,1:00,平日勤務
E039,2025/2/21,8:56,19:08,1:00,平日勤務
E039,2025/2/24,8:57,20:50,1:00,平日勤務
E039,2025/2/25,9:12,18:19,1:00,平日勤務
E039,2025/2/27,8:57,17:42,1:00,平日勤務
E039,2025/2/28,9:06,20:44,1:00,平日勤務
E039,2025/3/3,8:47,17:45,1:00,平日勤務
E039,2025/3/4,9:06,18:03,1:00,平日勤務
E039,2025/3/5,9:02,17:42,1:00,平日勤務
E039,2025/3/6,9:06,21:10,1:00,平日勤務
E039,2025/3/7,8:50,18:11,1:00,平日勤務
E039,2025/3/10,8:58,17:59,1:00,平日勤務
E039,2025/3/11,9:05,18:06,1:00,平日勤務
E039,2025/3/12,9:05,17:38,1:00,平日勤務
E039,2025/3/13,9:06,18:14,1:00,平日勤務
E039,2025/3/14,8:54,18:32,1:00,平日勤務
E039,2025/3/17,9:00,18:24,1:00,平日勤務
E039,2025/3/20,8:59,20:17,1:00,平日勤務
E039,2025/3/21,8:48,18:14,1:00,平日勤務
E039,2025/3/24,8:58,18:57,1:00,平日勤務
E039,2025/3/25,8:48,18:13,1:00,平日勤務
E039,2025/3/26,9:09,19:24,1:00,平日勤務
E039,2025/3/27,9:02,17:34,1:00,平日勤務
E039,2025/3/28,9:06,19:14,1:00,平日勤務
E039,2025/4/1,9:10,19:48,1:00,平日勤務
E039,2025/4/2,8:45,18:09,1:00,平日勤務
E039,2025/4/3,9:08,18:21,1:00,平日勤務
E039,2025/4/4,8:47,17:41,1:00,平日勤務
E039,2025/4/7,9:07,19:35,1:00,平日勤務
E039,2025/4/8,8:46,18:17,1:00,平日勤務
E039,2025/4/9,9:02,18:05,1:00,平日勤務
E039,2025/4/10,9:02,18:06,1:00,平日勤務
E039,2025/4/11,8:53,17:57,1:00,平日勤務
E039,2025/4/14,8:51,17:43,1:00,平日勤務
E039,2025/4/15,8:49,17:50,1:00,平日勤務
E039,2025/4/16,9:07,17:34,1:00,平日勤務
E039,2025/4/17,9:10,18:02,1:00,平日勤務
E039,2025/4/18,8:57,19:01,1:00,平日勤務
E039,2025/4/21,8:52,20:40,1:00,平日勤務
E039,2025/4/22,8:45,18:52,1:00,平日勤務
E039,2025/4/24,9:05,18:49,1:00,平日勤務
E039,2025/4/25,9:10,17:48,1:00,平日勤務
E039,2025/4/28,9:08,21:20,1:00,平日勤務
E039,2025/4/29,8:58,17:42,1:00,平日勤務
E039,2025/4/30,9:13,18:38,1:00,平日勤務
E039,2025/5/1,8:47,19:51,1:00,平日勤務
E039,2025/5/6,9:05,18:23,1:00,平日勤務
E039,2025/5/7,9:04,19:22,1:00,平日勤務
E039,2025/5/8,8:54,17:38,1:00,平日勤務
E039,2025/5/9,8:59,18:08,1:00,平日勤務
E039,2025/5/12,9:13,18:20,1:00,平日勤務
E039,2025/5/13,8:50,18:25,1:00,平日勤務
E039,2025/5/14,9:03,18:26,1:00,平日勤務
E039,2025/5/16,8:54,18:26,1:00,平日勤務
E039,2025/5/19,9:01,17:56,1:00,平日勤務
E039,2025/5/20,8:57,18:00,1:00,平日勤務
E039,2025/5/21,9:14,19:23,1:00,平日勤務
E039,2025/5/22,8:49,17:56,1:00,平日勤務
E039,2025/5/23,8:54,18:24,1:00,平日勤務
E039,2025/5/26,8:56,19:04,1:00,平日勤務
E039,2025/5/27,8:47,18:23,1:00,平日勤務
E039,2025/5/28,9:05,19:14,1:00,平日勤務
E039,2025/5/29,9:00,18:32,1:00,平日勤務
E039,2025/5/30,8:47,18:29,1:00,平日勤務
E039,2025/6/2,9:09,18:01,1:00,平日勤務
E039,2025/6/3,8:53,20:00,1:00,平日勤務
E039,2025/6/5,9:12,18:13,1:00,平日勤務
E039,2025/6/9,8:55,17:55,1:00,平日勤務
E039,2025/6/12,9:03,19:54,1:00,平日勤務
E039,2025/6/13,9:08,20:09,1:00,平日勤務
E039,2025/6/17,9:09,17:37,1:00,平日勤務
E039,2025/6/18,9:07,17:52,1:00,平日勤務
E039,2025/6/19,8:45,18:28,1:00,平日勤務
E039,2025/6/20,8:55,17:43,1:00,平日勤務
E039,2025/6/23,9:12,18:28,1:00,平日勤務
E039,2025/6/24,8:51,18:11,1:00,平日勤務
E039,2025/6/26,9:08,17:30,1:00,平日勤務
E039,2025/6/27,8:53,18:09,1:00,平日勤務
E039,2025/6/28,9:28,18:46,1:00,休日出勤
E039,2025/6/29,10:19,15:26,1:00,休日出勤
E039,2025/6/30,9:02,19:02,1:00,平日勤務
E039,2025/7/1,8:45,17:50,1:00,平日勤務
E039,2025/7/2,8:47,17:54,1:00,平日勤務
E039,2025/7/3,9:08,17:35,1:00,平日勤務
E039,2025/7/4,8:53,17:46,1:00,平日勤務
E039,2025/7/7,9:07,21:03,1:00,平日勤務
E039,2025/7/8,9:09,17:59,1:00,平日勤務
E039,2025/7/10,9:13,17:47,1:00,平日勤務
E039,2025/7/11,9:12,18:47,1:00,平日勤務
E039,2025/7/14,8:56,18:40,1:00,平日勤務
E039,2025/7/15,8:55,17:42,1:00,平日勤務
E039,2025/7/16,9:00,18:32,1:00,平日勤務
E039,2025/7/17,9:13,19:01,1:00,平日勤務
E039,2025/7/18,9:10,20:03,1:00,平日勤務
E039,2025/7/21,9:01,17:53,1:00,平日勤務
E039,2025/7/22,9:02,17:40,1:00,平日勤務
E039,2025/7/23,9:12,17:56,1:00,平日勤務
E039,2025/7/24,8:50,18:25,1:00,平日勤務
E039,2025/7/25,9:05,17:57,1:00,平日勤務
E039,2025/7/28,9:12,17:39,1:00,平日勤務
E039,2025/7/29,8:48,17:48,1:00,平日勤務
E039,2025/7/30,8:45,18:06,1:00,平日勤務
E039,2025/7/31,8:48,17:47,1:00,平日勤務
E039,2025/8/1,8:47,18:16,1:00,平日勤務
E039,2025/8/4,8:50,18:39,1:00,平日勤務
E039,2025/8/5,8:51,19:29,1:00,平日勤務
E039,2025/8/6,9:04,18:21,1:00,平日勤務
E039,2025/8/8,9:14,19:54,1:00,平日勤務
E039,2025/8/11,8:46,18:33,1:00,平日勤務
E039,2025/8/12,9:02,19:01,1:00,平日勤務
E039,2025/8/13,8:58,18:44,1:00,平日勤務
E039,2025/8/14,9:08,18:20,1:00,平日勤務
E039,2025/8/15,9:11,20:24,1:00,平日勤務
E039,2025/8/18,9:13,17:49,1:00,平日勤務
E039,2025/8/19,8:48,18:14,1:00,平日勤務
E039,2025/8/20,8:53,18:46,1:00,平日勤務
E039,2025/8/21,8:59,18:37,1:00,平日勤務
E039,2025/8/25,8:56,18:40,1:00,平日勤務
E039,2025/8/27,8:52,21:38,1:00,平日勤務
E039,2025/8/28,9:03,20:22,1:00,平日勤務
E039,2025/8/29,8:56,17:30,1:00,平日勤務
E039,2025/9/1,9:04,19:25,1:00,平日勤務
E039,2025/9/2,9:05,21:29,1:00,平日勤務
E039,2025/9/3,8:57,17:50,1:00,平日勤務
E039,2025/9/4,9:13,19:37,1:00,平日勤務
E039,2025/9/5,8:49,18:43,1:00,平日勤務
E039,2025/9/8,9:00,20:13,1:00,平日勤務
E039,2025/9/9,9:06,18:00,1:00,平日勤務
E039,2025/9/10,8:53,17:32,1:00,平日勤務
E039,2025/9/11,8:49,19:23,1:00,平日勤務
E039,2025/9/12,8:53,17:41,1:00,平日勤務
E039,2025/9/15,8:52,17:50,1:00,平日勤務
E039,2025/9/16,9:14,17:49,1:00,平日勤務
E039,2025/9/17,8:50,18:41,1:00,平日勤務
E039,2025/9/18,8:59,18:33,1:00,平日勤務
E039,2025/9/19,9:11,17:47,1:00,平日勤務
E039,2025/9/22,8:56,18:17,1:00,平日勤務
E039,2025/9/23,8:47,18:21,1:00,平日勤務
E039,2025/9/24,9:07,18:26,1:00,平日勤務
E039,2025/9/25,9:07,17:57,1:00,平日勤務
E039,2025/9/29,9:11,19:59,1:00,平日勤務
E039,2025/9/30,8:59,19:39,1:00,平日勤務
E039,2025/10/2,8:55,18:47,1:00,平日勤務
E039,2025/10/3,8:48,17:46,1:00,平日勤務
E039,2025/10/6,8:53,18:24,1:00,平日勤務
E039,2025/10/7,8:49,18:21,1:00,平日勤務
E039,2025/10/8,9:00,19:07,1:00,平日勤務
E039,2025/10/9,8:54,18:21,1:00,平日勤務
E039,2025/10/10,8:58,17:42,1:00,平日勤務
E039,2025/10/13,8:49,18:03,1:00,平日勤務
E039,2025/10/14,8:55,20:59,1:00,平日勤務
E039,2025/10/16,9:04,17:46,1:00,平日勤務
E039,2025/10/17,8:51,18:26,1:00,平日勤務
E039,2025/10/20,9:06,21:29,1:00,平日勤務
E039,2025/10/21,9:00,17:43,1:00,平日勤務
E039,2025/10/22,8:57,17:36,1:00,平日勤務
E039,2025/10/23,8:56,18:05,1:00,平日勤務
E039,2025/10/24,8:50,17:31,1:00,平日勤務
E039,2025/10/27,9:07,18:00,1:00,平日勤務
E039,2025/10/28,9:03,18:14,1:00,平日勤務
E039,2025/10/29,8:56,17:41,1:00,平日勤務
E039,2025/10/30,8:53,18:31,1:00,平日勤務
E039,2025/10/31,8:59,17:56,1:00,平日勤務
E039,2025/11/4,8:55,18:50,1:00,平日勤務
E039,2025/11/5,9:11,17:34,1:00,平日勤務
E039,2025/11/6,8:53,19:18,1:00,平日勤務
E039,2025/11/7,9:03,18:49,1:00,平日勤務
E039,2025/11/10,9:02,19:48,1:00,平日勤務
E039,2025/11/11,8:45,18:20,1:00,平日勤務
E039,2025/11/12,9:10,17:30,1:00,平日勤務
E039,2025/11/13,9:13,17:39,1:00,平日勤務
E039,2025/11/14,8:45,20:13,1:00,平日勤務
E039,2025/11/17,8:47,18:11,1:00,平日勤務
E039,2025/11/19,9:01,18:15,1:00,平日勤務
E039,2025/11/20,9:10,20:59,1:00,平日勤務
E039,2025/11/21,8:49,17:45,1:00,平日勤務
E039,2025/11/24,9:14,17:50,1:00,平日勤務
E039,2025/11/25,8:47,19:45,1:00,平日勤務
E039,2025/11/26,8:49,18:58,1:00,平日勤務
E039,2025/11/27,9:10,17:33,1:00,平日勤務
E039,2025/11/28,9:05,18:09,1:00,平日勤務
E039,2025/12/1,8:46,17:36,1:00,平日勤務
E039,2025/12/3,9:00,18:14,1:00,平日勤務
E039,2025/12/4,9:13,17:58,1:00,平日勤務
E039,2025/12/5,8:56,18:15,1:00,平日勤務
E039,2025/12/8,9:02,20:19,1:00,平日勤務
E039,2025/12/9,9:02,18:20,1:00,平日勤務
E039,2025/12/10,9:14,17:41,1:00,平日勤務
E039,2025/12/12,9:11,18:03,1:00,平日勤務
E039,2025/12/15,8:52,17:45,1:00,平日勤務
E039,2025/12/16,9:00,18:46,1:00,平日勤務
E039,2025/12/17,8:48,18:13,1:00,平日勤務
E039,2025/12/18,8:55,18:23,1:00,平日勤務
E039,2025/12/19,8:53,18:07,1:00,平日勤務
E039,2025/12/22,9:12,19:16,1:00,平日勤務
E039,2025/12/23,8:49,17:38,1:00,平日勤務
E039,2025/12/26,9:07,17:43,1:00,平日勤務
E039,2025/12/29,8:55,18:11,1:00,平日勤務
E039,2025/12/30,9:02,18:24,1:00,平日勤務
E039,2025/12/31,8:56,21:02,1:00,平日勤務
E040,2025/1/1,9:13,17:54,1:00,平日勤務
E040,2025/1/2,9:04,19:03,1:00,平日勤務
E040,2025/1/3,8:47,19:32,1:00,平日勤務
E040,2025/1/6,9:01,17:31,1:00,平日勤務
E040,2025/1/7,8:55,19:02,1:00,平日勤務
E040,2025/1/8,9:14,18:01,1:00,平日勤務
E040,2025/1/9,9:11,18:44,1:00,平日勤務
E040,2025/1/10,8:59,17:56,1:00,平日勤務
E040,2025/1/13,8:50,17:30,1:00,平日勤務
E040,2025/1/14,9:08,18:23,1:00,平日勤務
E040,2025/1/15,8:56,19:12,1:00,平日勤務
E040,2025/1/16,8:56,17:50,1:00,平日勤務
E040,2025/1/20,8:54,19:55,1:00,平日勤務
E040,2025/1/21,8:57,18:19,1:00,平日勤務
E040,2025/1/22,8:52,17:38,1:00,平日勤務
E040,2025/1/23,9:14,19:25,1:00,平日勤務
E040,2025/1/24,8:47,18:25,1:00,平日勤務
E040,2025/1/27,8:49,21:01,1:00,平日勤務
E040,2025/1/28,8:56,17:39,1:00,平日勤務
E040,2025/1/29,9:12,17:50,1:00,平日勤務
E040,2025/1/30,8:52,18:26,1:00,平日勤務
E040,2025/1/31,9:04,20:41,1:00,平日勤務
E040,2025/2/3,8:54,18:33,1:00,平日勤務
E040,2025/2/4,9:14,19:45,1:00,平日勤務
E040,2025/2/5,8:47,18:24,1:00,平日勤務
E040,2025/2/6,8:57,19:26,1:00,平日勤務
E040,2025/2/7,8:50,17:31,1:00,平日勤務
E040,2025/2/11,9:03,18:26,1:00,平日勤務
E040,2025/2/12,8:45,17:57,1:00,平日勤務
E040,2025/2/13,9:13,17:44,1:00,平日勤務
E040,2025/2/14,8:58,17:45,1:00,平日勤務
E040,2025/2/17,9:11,17:36,1:00,平日勤務
E040,2025/2/18,8:59,18:24,1:00,平日勤務
E040,2025/2/19,9:02,17:40,1:00,平日勤務
E040,2025/2/21,9:00,17:31,1:00,平日勤務
E040,2025/2/24,9:04,18:25,1:00,平日勤務
E040,2025/2/25,9:06,17:42,1:00,平日勤務
E040,2025/2/26,8:59,21:07,1:00,平日勤務
E040,2025/2/27,8:50,18:56,1:00,平日勤務
E040,2025/2/28,8:46,17:39,1:00,平日勤務
E040,2025/3/3,9:01,19:51,1:00,平日勤務
E040,2025/3/4,9:01,20:37,1:00,平日勤務
E040,2025/3/5,9:09,20:25,1:00,平日勤務
E040,2025/3/6,9:02,18:41,1:00,平日勤務
E040,2025/3/7,9:08,18:34,1:00,平日勤務
E040,2025/3/10,8:48,18:19,1:00,平日勤務
E040,2025/3/11,8:54,19:55,1:00,平日勤務
E040,2025/3/13,9:07,18:00,1:00,平日勤務
E040,2025/3/14,8:50,19:08,1:00,平日勤務
E040,2025/3/17,8:53,17:38,1:00,平日勤務
E040,2025/3/18,8:47,18:07,1:00,平日勤務
E040,2025/3/19,9:09,19:07,1:00,平日勤務
E040,2025/3/20,8:52,18:26,1:00,平日勤務
E040,2025/3/21,9:14,17:47,1:00,平日勤務
E040,2025/3/23,10:19,15:28,1:00,休日出勤
E040,2025/3/24,8:48,17:34,1:00,平日勤務
E040,2025/3/25,8:55,20:51,1:00,平日勤務
E040,2025/3/26,8:54,21:45,1:00,平日勤務
E040,2025/3/27,9:08,17:41,1:00,平日勤務
E040,2025/3/28,8:55,18:04,1:00,平日勤務
E040,2025/3/31,8:45,17:46,1:00,平日勤務
E040,2025/4/2,8:45,21:04,1:00,平日勤務
E040,2025/4/3,8:53,17:47,1:00,平日勤務
E040,2025/4/4,9:08,18:14,1:00,平日勤務
E040,2025/4/8,8:53,19:10,1:00,平日勤務
E040,2025/4/9,8:57,17:34,1:00,平日勤務
E040,2025/4/10,9:08,18:17,1:00,平日勤務
E040,2025/4/11,9:09,20:45,1:00,平日勤務
E040,2025/4/14,8:50,21:01,1:00,平日勤務
E040,2025/4/15,8:59,17:53,1:00,平日勤務
E040,2025/4/16,8:47,21:17,1:00,平日勤務
E040,2025/4/17,9:11,17:39,1:00,平日勤務
E040,2025/4/18,9:02,17:32,1:00,平日勤務
E040,2025/4/21,8:50,17:44,1:00,平日勤務
E040,2025/4/22,8:46,17:33,1:00,平日勤務
E040,2025/4/23,8:48,18:50,1:00,平日勤務
E040,2025/4/24,9:06,18:16,1:00,平日勤務
E040,2025/4/28,8:49,17:32,1:00,平日勤務
E040,2025/4/30,9:13,18:09,1:00,平日勤務
E040,2025/5/1,8:45,17:37,1:00,平日勤務
E040,2025/5/2,8:51,18:28,1:00,平日勤務
E040,2025/5/6,8:56,17:33,1:00,平日勤務
E040,2025/5/7,8:55,17:33,1:00,平日勤務
E040,2025/5/8,8:46,18:25,1:00,平日勤務
E040,2025/5/9,9:04,18:05,1:00,平日勤務
E040,2025/5/12,8:49,20:01,1:00,平日勤務
E040,2025/5/13,8:46,18:11,1:00,平日勤務
E040,2025/5/14,8:56,17:46,1:00,平日勤務
E040,2025/5/15,9:10,21:29,1:00,平日勤務
E040,2025/5/16,8:47,21:11,1:00,平日勤務
E040,2025/5/19,8:49,17:48,1:00,平日勤務
E040,2025/5/20,9:06,20:38,1:00,平日勤務
E040,2025/5/22,9:09,17:36,1:00,平日勤務
E040,2025/5/23,8:48,17:48,1:00,平日勤務
E040,2025/5/27,8:54,21:03,1:00,平日勤務
E040,2025/5/28,8:55,18:13,1:00,平日勤務
E040,2025/5/29,8:49,19:36,1:00,平日勤務
E040,2025/5/30,9:04,20:28,1:00,平日勤務
E040,2025/6/2,9:14,18:49,1:00,平日勤務
E040,2025/6/3,8:45,17:46,1:00,平日勤務
E040,2025/6/4,8:57,20:41,1:00,平日勤務
E040,2025/6/5,9:09,19:06,1:00,平日勤務
E040,2025/6/6,8:55,18:03,1:00,平日勤務
E040,2025/6/9,9:02,17:39,1:00,平日勤務
E040,2025/6/10,8:48,18:10,1:00,平日勤務
E040,2025/6/11,8:49,20:40,1:00,平日勤務
E040,2025/6/12,8:54,19:56,1:00,平日勤務
E040,2025/6/13,8:50,17:58,1:00,平日勤務
E040,2025/6/16,8:54,17:57,1:00,平日勤務
E040,2025/6/18,8:57,17:46,1:00,平日勤務
E040,2025/6/19,9:07,19:25,1:00,平日勤務
E040,2025/6/20,9:01,18:11,1:00,平日勤務
E040,2025/6/23,9:14,18:15,1:00,平日勤務
E040,2025/6/24,8:59,18:05,1:00,平日勤務
E040,2025/6/25,9:02,21:08,1:00,平日勤務
E040,2025/6/26,9:08,17:38,1:00,平日勤務
E040,2025/6/27,8:47,20:56,1:00,平日勤務
E040,2025/6/30,9:00,17:37,1:00,平日勤務
E040,2025/7/2,8:56,18:41,1:00,平日勤務
E040,2025/7/3,8:47,17:42,1:00,平日勤務
E040,2025/7/4,8:59,17:55,1:00,平日勤務
E040,2025/7/6,9:16,15:38,1:00,休日出勤
E040,2025/7/7,9:00,17:34,1:00,平日勤務
E040,2025/7/8,9:14,18:43,1:00,平日勤務
E040,2025/7/9,9:03,20:31,1:00,平日勤務
E040,2025/7/10,9:00,18:17,1:00,平日勤務
E040,2025/7/11,9:02,18:10,1:00,平日勤務
E040,2025/7/16,9:06,18:46,1:00,平日勤務
E040,2025/7/17,8:56,18:20,1:00,平日勤務
E040,2025/7/18,8:46,18:45,1:00,平日勤務
E040,2025/7/21,9:09,18:32,1:00,平日勤務
E040,2025/7/22,9:14,17:33,1:00,平日勤務
E040,2025/7/23,9:06,18:08,1:00,平日勤務
E040,2025/7/24,8:51,18:57,1:00,平日勤務
E040,2025/7/25,8:45,19:49,1:00,平日勤務
E040,2025/7/28,8:51,18:15,1:00,平日勤務
E040,2025/7/29,8:49,17:52,1:00,平日勤務
E040,2025/7/30,8:55,17:43,1:00,平日勤務
E040,2025/7/31,9:01,17:58,1:00,平日勤務
E040,2025/8/1,8:49,17:54,1:00,平日勤務
E040,2025/8/4,8:56,18:29,1:00,平日勤務
E040,2025/8/5,8:58,20:17,1:00,平日勤務
E040,2025/8/6,9:09,17:57,1:00,平日勤務
E040,2025/8/7,8:52,18:00,1:00,平日勤務
E040,2025/8/8,9:01,17:31,1:00,平日勤務
E040,2025/8/11,9:14,18:49,1:00,平日勤務
E040,2025/8/12,8:47,18:05,1:00,平日勤務
E040,2025/8/13,9:13,18:32,1:00,平日勤務
E040,2025/8/14,9:12,17:38,1:00,平日勤務
E040,2025/8/15,8:53,21:48,1:00,平日勤務
E040,2025/8/18,9:12,20:11,1:00,平日勤務
E040,2025/8/19,9:11,18:03,1:00,平日勤務
E040,2025/8/20,8:52,18:05,1:00,平日勤務
E040,2025/8/21,8:54,17:39,1:00,平日勤務
E040,2025/8/22,9:09,17:49,1:00,平日勤務
E040,2025/8/25,9:12,17:40,1:00,平日勤務
E040,2025/8/26,8:50,18:17,1:00,平日勤務
E040,2025/8/27,8:52,20:58,1:00,平日勤務
E040,2025/8/28,8:55,19:03,1:00,平日勤務
E040,2025/8/29,9:06,17:49,1:00,平日勤務
E040,2025/9/1,8:58,19:19,1:00,平日勤務
E040,2025/9/2,8:48,17:30,1:00,平日勤務
E040,2025/9/3,9:02,18:36,1:00,平日勤務
E040,2025/9/4,8:51,17:48,1:00,平日勤務
E040,2025/9/5,8:53,17:50,1:00,平日勤務
E040,2025/9/8,9:00,17:43,1:00,平日勤務
E040,2025/9/9,8:50,18:01,1:00,平日勤務
E040,2025/9/10,8:51,17:52,1:00,平日勤務
E040,2025/9/12,8:45,18:20,1:00,平日勤務
E040,2025/9/16,9:02,21:40,1:00,平日勤務
E040,2025/9/17,9:10,19:50,1:00,平日勤務
E040,2025/9/18,8:50,18:26,1:00,平日勤務
E040,2025/9/19,8:50,20:57,1:00,平日勤務
E040,2025/9/23,9:07,18:01,1:00,平日勤務
E040,2025/9/24,9:07,20:03,1:00,平日勤務
E040,2025/9/25,8:54,18:18,1:00,平日勤務
E040,2025/9/26,8:49,18:17,1:00,平日勤務
E040,2025/9/29,8:51,17:47,1:00,平日勤務
E040,2025/9/30,9:00,17:54,1:00,平日勤務
E040,2025/10/1,9:10,18:19,1:00,平日勤務
E040,2025/10/2,9:08,18:00,1:00,平日勤務
E040,2025/10/3,8:46,18:39,1:00,平日勤務
E040,2025/10/6,9:00,17:48,1:00,平日勤務
E040,2025/10/7,8:47,18:25,1:00,平日勤務
E040,2025/10/8,8:56,18:05,1:00,平日勤務
E040,2025/10/9,9:00,18:58,1:00,平日勤務
E040,2025/10/10,8:45,17:53,1:00,平日勤務
E040,2025/10/13,9:01,18:22,1:00,平日勤務
E040,2025/10/14,8:47,18:23,1:00,平日勤務
E040,2025/10/15,9:08,18:38,1:00,平日勤務
E040,2025/10/16,8:58,17:49,1:00,平日勤務
E040,2025/10/17,8:56,17:59,1:00,平日勤務
E040,2025/10/20,9:01,18:21,1:00,平日勤務
E040,2025/10/22,8:48,17:30,1:00,平日勤務
E040,2025/10/23,9:12,18:11,1:00,平日勤務
E040,2025/10/24,8:47,18:28,1:00,平日勤務
E040,2025/10/27,8:55,18:03,1:00,平日勤務
E040,2025/10/28,8:56,18:24,1:00,平日勤務
E040,2025/10/29,9:08,18:41,1:00,平日勤務
E040,2025/10/30,8:59,19:19,1:00,平日勤務
E040,2025/10/31,8:48,17:35,1:00,平日勤務
E040,2025/11/3,8:47,18:25,1:00,平日勤務
E040,2025/11/4,9:09,17:52,1:00,平日勤務
E040,2025/11/5,8:46,18:29,1:00,平日勤務
E040,2025/11/6,8:49,18:44,1:00,平日勤務
E040,2025/11/7,8:45,21:19,1:00,平日勤務
E040,2025/11/10,9:07,18:15,1:00,平日勤務
E040,2025/11/12,9:13,18:23,1:00,平日勤務
E040,2025/11/13,8:54,18:36,1:00,平日勤務
E040,2025/11/14,9:12,18:00,1:00,平日勤務
E040,2025/11/17,9:06,18:25,1:00,平日勤務
E040,2025/11/18,8:56,18:13,1:00,平日勤務
E040,2025/11/19,8:57,17:31,1:00,平日勤務
E040,2025/11/20,8:48,17:45,1:00,平日勤務
E040,2025/11/21,8:51,21:53,1:00,平日勤務
E040,2025/11/24,8:50,20:13,1:00,平日勤務
E040,2025/11/25,9:05,18:08,1:00,平日勤務
E040,2025/11/26,8:46,20:41,1:00,平日勤務
E040,2025/11/27,8:53,20:16,1:00,平日勤務
E040,2025/11/28,8:50,19:58,1:00,平日勤務
E040,2025/12/2,9:07,17:43,1:00,平日勤務
E040,2025/12/3,8:45,18:23,1:00,平日勤務
E040,2025/12/4,9:13,17:43,1:00,平日勤務
E040,2025/12/5,9:12,18:27,1:00,平日勤務
E040,2025/12/8,9:00,17:48,1:00,平日勤務
E040,2025/12/9,8:53,17:48,1:00,平日勤務
E040,2025/12/10,9:05,17:39,1:00,平日勤務
E040,2025/12/11,9:14,18:18,1:00,平日勤務
E040,2025/12/12,8:45,17:35,1:00,平日勤務
E040,2025/12/15,8:50,21:17,1:00,平日勤務
E040,2025/12/16,9:02,21:30,1:00,平日勤務
E040,2025/12/17,9:12,17:33,1:00,平日勤務
E040,2025/12/18,8:51,17:36,1:00,平日勤務
E040,2025/12/19,9:04,18:15,1:00,平日勤務
E040,2025/12/23,9:09,17:31,1:00,平日勤務
E040,2025/12/24,8:55,17:37,1:00,平日勤務
E040,2025/12/25,8:57,17:58,1:00,平日勤務
E040,2025/12/26,8:48,19:25,1:00,平日勤務
E040,2025/12/29,9:01,17:42,1:00,平日勤務
E040,2025/12/30,9:02,18:15,1:00,平日勤務
E040,2025/12/31,9:05,18:21,1:00,平日勤務
